#s_m,x_m,y_m,psi_rad,kappa_radpm,vx_mps,ax_mps2
0.0000000,7.6125247,2.4898900,5.9718065,-0.0012683,8.4936970,0.1256925
0.1999693,7.8028695,2.4285991,5.9715231,-0.0015657,8.4966557,0.0028335
0.3999386,7.9931956,2.3672499,5.9712005,-0.0016611,8.4967224,-0.0000002
0.5999080,8.1835013,2.3058375,5.9708599,-0.0017456,8.4967224,-0.0000284
0.7998773,8.3737855,2.2443587,5.9705026,-0.0018273,8.4967217,-0.0000310
0.9998466,8.5640473,2.1828104,5.9701291,-0.0019083,8.4967210,-0.0000334
1.1998159,8.7542855,2.1211895,5.9697397,-0.0019860,8.4967202,-0.0000357
1.3997852,8.9444992,2.0594931,5.9693353,-0.0020585,8.4967194,-0.0000380
1.5997546,9.1346875,1.9977185,5.9689172,-0.0021232,8.4967185,-0.0000404
1.7997239,9.3248496,1.9358632,5.9684872,-0.0021770,8.4967175,-0.0000427
1.9996932,9.5149848,1.8739252,5.9680479,-0.0022164,8.4967165,-0.0000449
2.1996625,9.7050925,1.8119031,5.9676026,-0.0022370,8.4967154,-0.0000472
2.3996319,9.8951724,1.7497961,5.9671555,-0.0022344,8.4967143,-0.0000494
2.5996012,10.0852247,1.6876043,5.9667117,-0.0022035,8.4967132,-0.0000515
2.7995705,10.2752496,1.6253289,5.9662775,-0.0021387,8.4967120,-0.0000536
2.9995398,10.4652480,1.5629726,5.9658602,-0.0020342,8.4967107,-0.0000556
3.1995091,10.6552211,1.5005392,5.9654684,-0.0018840,8.4967094,-0.0000574
3.3994785,10.8451708,1.4380346,5.9651118,-0.0016818,8.4967080,-0.0000589
3.5994478,11.0350997,1.3754664,5.9648015,-0.0014215,8.4967067,-0.0000599
3.7994171,11.2250111,1.3128446,5.9645496,-0.0010970,8.4967052,-0.0000604
3.9993864,11.4149089,1.2501815,5.9643697,-0.0007029,8.4967038,-0.0000600
4.1993557,11.6047980,1.1874923,5.9642760,-0.0002341,8.4967024,-0.0000586
4.3993251,11.7946835,1.1247949,5.9642840,0.0003133,8.4967010,-0.0000558
4.5992944,11.9845730,1.0621100,5.9644094,0.0009412,8.4966997,-0.0000515
4.7992637,12.1744741,0.9994615,5.9646685,0.0016502,8.4966985,-0.0000453
4.9992330,12.3643958,0.9368762,5.9650772,0.0024384,8.4966974,-0.0000372
5.1992024,12.5543478,0.8743840,5.9656510,0.0033012,8.4966966,-0.0000274
5.3991717,12.7443408,0.8120178,5.9664039,0.0042309,8.4966959,-0.0000168
5.5991410,12.9343861,0.7498129,5.9673483,0.0052163,8.4966955,-0.0000070
5.7991103,13.1244957,0.6878066,5.9684939,0.0062424,8.4966954,-0.0000014
5.9990796,13.3146821,0.6260380,5.9698470,0.0072906,8.4966953,-0.0000047
6.1990490,13.5049576,0.5645469,5.9714096,0.0083374,8.4966952,-0.0000247
6.3990183,13.6953348,0.5033733,5.9731797,0.0093623,8.4966946,-0.0000743
6.5989876,13.8858250,0.4425562,5.9751489,0.0103247,8.4966929,-0.0001744
6.7989569,14.0764407,0.3821324,5.9773069,0.0112554,8.4966888,-0.0003546
6.9989262,14.2671872,0.3221382,5.9796325,0.0119609,8.4966804,-0.0006326
7.1988956,14.4580872,0.2625983,5.9821113,0.0128994,8.4966656,-0.0009255
7.3988649,14.6491078,0.2035502,5.9845857,0.0111354,8.4966438,-0.0074971
7.5988342,14.8402300,0.1449526,5.9868729,0.0130949,8.4964673,-0.5784944
7.7988035,15.0315563,0.0868396,5.9898470,0.0165580,8.4828412,-5.5011029
7.9987728,15.2231180,0.0293507,5.9935737,0.0212074,8.3521549,-8.1740857
8.1987422,15.4149213,-0.0273189,5.9984960,0.0290509,8.1541007,-7.9353644
8.3987115,15.6070531,-0.0828704,6.0053066,0.0394063,7.9571163,-7.5872218
8.5986808,15.7996171,-0.1369038,6.0143283,0.0512326,7.7641018,-7.1823806
8.7986501,15.9927219,-0.1889576,6.0258768,0.0645771,7.5768572,-6.7424650
8.9986195,16.1864778,-0.2385088,6.0402301,0.0791859,7.3967691,-6.2864320
9.1985888,16.3809870,-0.2849809,6.0576130,0.0947690,7.2248187,-5.8322799
9.3985581,16.5763332,-0.3277542,6.0781789,0.1109468,7.0615474,-5.3952518
9.5985274,16.7725703,-0.3661805,6.1020034,0.1273429,6.9070748,-4.9865607
9.7984967,16.9697118,-0.3995974,6.1290906,0.1436162,6.7611658,-4.6130628
9.9984661,17.1677213,-0.4273425,6.1593829,0.1594839,6.6233240,-4.2767055
10.1984354,17.3665107,-0.4487670,6.1927750,0.1747164,6.4929193,-3.9725364
10.3984047,17.5659686,-0.4632472,6.2291329,0.1890782,6.3693980,-3.7125460
10.5983740,17.7658278,-0.4701856,6.2682784,0.2025258,6.2517550,-3.4824123
10.7983433,17.9657989,-0.4690341,0.0268330,0.2149620,6.1393557,-3.2781579
10.9983127,18.1655287,-0.4592979,0.0709562,0.2263143,6.0316355,-3.0969991
11.1982820,18.3646051,-0.4405437,0.1172332,0.2364652,5.9280703,-2.9389269
11.3982513,18.5625620,-0.4124062,0.1654653,0.2459057,5.8280895,-2.8163761
11.5982206,18.7588843,-0.3745658,0.2157351,0.2571423,5.7306412,-2.8396293
11.7981899,18.9530131,-0.3267172,0.2677712,0.2631536,5.6306813,-2.5915118
11.9981593,19.1443297,-0.2686818,0.3217978,0.2783215,5.5378810,-1.7659082
12.1981286,19.3320968,-0.2001014,0.3791783,0.2963744,5.4737438,-1.0297162
12.3980979,19.5156161,-0.1205149,0.4396043,0.3079250,5.4359956,-0.7031751
12.5980672,19.6939436,-0.0298026,0.5017264,0.3128805,5.4100666,-0.6928484
12.7980366,19.8662824,0.0718883,0.5645024,0.3143177,5.3843963,-0.6959701
12.9980059,20.0318831,0.1842043,0.6274431,0.3141194,5.3584866,-0.6274857
13.1979752,20.1900334,0.3066420,0.6900513,0.3107190,5.3350185,-0.5085419
13.3979445,20.3401172,0.4385064,0.7513749,0.3016204,5.3159230,-0.3594173
13.5979138,20.4818247,0.5789683,0.8100167,0.2845396,5.3023855,-0.1595813
13.7978832,20.6158925,0.7278612,0.8646121,0.2595164,5.2963638,0.0245644
13.9978525,20.7417017,0.8830404,0.9135050,0.2301685,5.2972912,0.2136854
14.1978218,20.8601366,1.0437438,0.9572414,0.2102507,5.3053515,0.3923821
14.3977911,20.9716010,1.2092292,0.9991516,0.2241848,5.3201206,0.5078964
14.5977604,21.0757144,1.3798916,1.0484397,0.2675545,5.3391770,0.5850395
14.7977298,21.1706262,1.5558108,1.1044064,0.2908845,5.3610438,0.6275997
14.9976991,21.2549764,1.7365735,1.1646341,0.3098264,5.3844027,0.6680634
15.1976684,21.3281675,1.9225733,1.2273676,0.3147131,5.4091568,0.7386454
15.3976377,21.3895732,2.1129541,1.2900650,0.3096186,5.4363949,0.8569071
15.5976071,21.4390833,2.3068145,1.3510720,0.2980237,5.4678241,1.0287309
15.7975764,21.4769476,2.5032982,1.4092533,0.2818121,5.5053183,1.2468422
15.9975457,21.5036730,2.7016159,1.4638144,0.2624516,5.5504225,1.4926782
16.1975150,21.5199495,2.9010739,1.5142518,0.2413447,5.6039423,1.7435208
16.3974843,21.5265792,3.1010878,1.5603697,0.2199067,5.6658160,1.9814550
16.5974537,21.5244069,3.3011824,1.6022491,0.1993217,5.7353231,2.2246032
16.7974230,21.5142785,3.5007714,1.6401084,0.1800800,5.8123692,2.4200785
16.9973923,21.4969606,3.6999658,1.6743398,0.1625736,5.8950419,2.6058585
17.1973616,21.4731627,3.8985618,1.7052420,0.1465733,5.9827838,2.7869934
17.3973309,21.4435422,4.0964093,1.7330788,0.1318499,6.0752225,2.9670566
17.5973003,21.4087103,4.2934031,1.7580762,0.1181978,6.1721122,3.1487036
17.7972696,21.3692361,4.4894768,1.7804271,0.1054449,6.2732972,3.3340527
17.9972389,21.3256508,4.6845993,1.8002974,0.0934360,6.3786890,3.5279523
18.1972082,21.2784394,4.8788208,1.8178253,0.0819999,6.4883464,3.7425969
18.3971775,21.2279816,5.0724886,1.8331497,0.0711466,6.6026849,3.9498962
18.5971469,21.1747656,5.2654329,1.8463300,0.0605820,6.7212472,4.1682303
18.7971162,21.1192265,5.4576473,1.8575515,0.0519787,6.8441362,4.3879814
18.9970855,21.0617183,5.6491843,1.8671549,0.0442821,6.9711637,4.6006946
19.1970548,21.0025259,5.8401751,1.8752754,0.0371820,7.1019095,4.8008249
19.3970242,20.9419188,6.0307093,1.8820491,0.0308739,7.2358244,4.9840004
19.5969935,20.8801385,6.2208586,1.8876605,0.0255930,7.3722757,5.1456554
19.7969628,20.8173867,6.4106835,1.8923353,0.0215197,7.5105523,5.2810785
19.9969321,20.7538195,6.6002290,1.8963271,0.0187502,7.6498694,5.3855627
20.1969014,20.6895432,6.7895250,1.8998973,0.0172585,7.7893772,5.4543418
20.3968708,20.6246155,6.9785874,1.9032855,0.0168460,7.9281649,5.4817928
20.5968401,20.5590521,7.1674232,1.9066709,0.0171242,8.0652452,5.4552431
20.7968094,20.4928410,7.3560369,1.9101423,0.0176110,8.1993867,5.3248900
20.9967787,20.4259592,7.5444386,1.9136972,0.0179082,8.3282394,4.7023906
21.1967480,20.3583966,7.7326235,1.9172720,0.0178317,8.4403933,2.3262545
21.3967174,20.2901802,7.9205154,1.9208505,0.0179284,8.4953280,0.0517462
21.5966867,20.2213020,8.1081343,1.9244315,0.0183400,8.4965460,0.0032136
21.7966560,20.1517446,8.2954623,1.9282387,0.0178464,8.4966216,0.0054194
21.9966253,20.0815865,8.4824132,1.9312356,0.0141082,8.4967492,0.0073308
22.1965946,20.0108425,8.6692730,1.9343861,0.0206447,8.4969217,0.0078021
22.3965640,19.9392233,8.8560761,1.9398403,0.0330128,8.4971053,0.0064411
22.5965333,19.8663645,9.0424403,1.9474425,0.0430218,8.4972569,0.0033920
22.7965026,19.7919045,9.2281731,1.9570438,0.0530880,8.4973367,-0.0010977
22.9964719,19.7154655,9.4131257,1.9687158,0.0634544,8.4973109,-0.0067692
23.1964413,19.6366865,9.5970903,1.9824136,0.0733654,8.4971516,-0.0132394
23.3964106,19.5552287,9.7798545,1.9980392,0.0828759,8.4968400,-0.0199216
23.5963799,19.4708436,9.9610648,2.0154711,0.0916623,8.4963712,-0.0212411
23.7963492,19.3831165,10.1407809,2.0346254,0.0998989,8.4958712,-0.0150084
23.9963185,19.2917843,10.3187734,2.0554013,0.1076376,8.4955179,-0.0035476
24.1962879,19.1966221,10.4947888,2.0776970,0.1149005,8.4954344,0.0081700
24.3962572,19.0974373,10.6685656,2.1014057,0.1216673,8.4956267,0.0162397
24.5962265,18.9940691,10.8398416,2.1264064,0.1278538,8.4960090,0.0192197
24.7961958,18.8863867,11.0083652,2.1525512,0.1332772,8.4964613,0.0178758
24.9961651,18.7742892,11.1739092,2.1796456,0.1375984,8.4968821,0.0133332
25.1961345,18.6577078,11.3362854,2.2074181,0.1402624,8.4971958,0.0063656
25.3961038,18.5366175,11.4953606,2.2354669,0.1403476,8.4973456,-0.0021858
25.5960731,18.4110690,11.6510622,2.2632095,0.1368268,8.4972942,-0.0111413
25.7960424,18.2812434,11.8033883,2.2897174,0.1276320,8.4970320,-0.0192767
25.9960118,18.1475496,11.9523835,2.3141622,0.1179961,8.4965783,-0.0255573
26.1959811,18.0106056,12.0979211,2.3370323,0.1055159,8.4959768,-0.0289724
26.3959504,17.8708568,12.2404015,2.3551849,0.0813974,8.4952949,-0.0292519
26.5959197,17.7286596,12.3806844,2.3706686,0.0772871,8.4946063,-0.0269834
26.7958890,17.5841271,12.5188964,2.3866301,0.0828407,8.4939711,-0.0224520
26.9958584,17.4375214,12.6544731,2.4042206,0.0932054,8.4934425,-0.0178978
27.1958277,17.2883471,12.7873562,2.4238971,0.1035628,8.4930211,-0.0138480
27.3957970,17.1363629,12.9172092,2.4455077,0.1122506,8.4926950,-0.0104737
27.5957663,16.9814374,13.0436801,2.4686472,0.1186718,8.4924484,-0.0071258
27.7957356,16.8235225,13.1664688,2.4928566,0.1229122,8.4922806,-0.0034118
27.9957050,16.6626295,13.2853476,2.5177247,0.1253093,8.4922003,0.0006523
28.1956743,16.4988114,13.4001562,2.5429199,0.1262679,8.4922156,0.0048724
28.3956436,16.3321517,13.5107885,2.5681939,0.1261768,8.4923304,0.0089717
28.5956129,16.1627560,13.6171781,2.5933732,0.1253862,8.4925416,0.0126627
28.7955822,15.9907460,13.7192852,2.6183480,0.1241700,8.4928398,0.0156788
28.9955516,15.8162502,13.8170883,2.6430689,0.1229425,8.4932089,0.0177937
29.1955209,15.6394040,13.9105765,2.6673908,0.1194324,8.4936279,0.0188546
29.3954902,15.4604079,13.9997859,2.6910348,0.1177350,8.4940717,0.0187947
29.5954595,15.2793991,14.0847253,2.7147640,0.1207719,8.4945142,0.0176338
29.7954289,15.0963905,14.1652813,2.7391390,0.1219536,8.4949293,0.0154899
29.9953982,14.9114666,14.2413516,2.7635385,0.1222950,8.4952939,0.0126048
30.1953675,14.7247419,14.3128771,2.7880325,0.1226112,8.4955906,0.0093419
30.3953368,14.5363184,14.3798041,2.8125700,0.1228156,8.4958105,0.0060919
30.5953061,14.3463090,14.4420842,2.8371411,0.1229190,8.4959539,0.0031943
30.7952755,14.1548261,14.4996762,2.8617198,0.1228921,8.4960291,0.0009336
30.9952448,13.9619860,14.5525464,2.8862776,0.1227023,8.4960511,-0.0004325
31.1952141,13.7679066,14.6006704,2.9107776,0.1223027,8.4960409,-0.0006971
31.3951834,13.5727084,14.6440351,2.9351715,0.1216283,8.4960245,0.0001649
31.5951527,13.3765130,14.6826411,2.9593958,0.1205896,8.4960284,0.0018094
31.7951221,13.1794435,14.7165071,2.9833661,0.1190639,8.4960710,0.0035143
31.9950914,12.9816233,14.7456742,3.0069689,0.1168853,8.4961537,0.0045682
32.1950607,12.7831750,14.7702132,3.0300527,0.1138349,8.4962612,0.0047394
32.3950300,12.5842190,14.7902329,3.0524165,0.1096408,8.4963727,0.0042623
32.5949993,12.3848711,14.8058913,3.0738025,0.1040101,8.4964730,0.0034889
32.7949687,12.1852398,14.8174062,3.0939002,0.0967294,8.4965552,0.0026818
32.9949380,11.9854217,14.8250634,3.1123795,0.0878419,8.4966183,0.0019685
33.1949073,11.7854987,14.8292134,3.1289575,0.0777979,8.4966646,0.0014032
33.3948766,11.5855341,14.8302535,3.1434768,0.0673869,8.4966976,0.0009934
33.5948460,11.3855732,14.8285970,3.1559463,0.0574280,8.4967210,0.0006903
33.7948153,11.1856444,14.8246406,3.1665156,0.0484648,8.4967373,0.0004458
33.9947846,10.9857639,14.8187430,3.1754083,0.0406833,8.4967478,0.0002475
34.1947539,10.7859387,14.8112161,3.1828571,0.0340098,8.4967536,0.0000950
34.3947232,10.5861700,14.8023278,3.1890659,0.0282484,8.4967558,-0.0000179
34.5946926,10.3864554,14.7923094,3.1941954,0.0231766,8.4967554,-0.0001011
34.7946619,10.1867901,14.7813643,3.1983627,0.0185902,8.4967530,-0.0001636
34.9946312,9.9871673,14.7696764,3.2016475,0.0143172,8.4967492,-0.0002114
35.1946005,9.7875792,14.7574166,3.2040978,0.0102166,8.4967442,-0.0002469
35.3945698,9.5880169,14.7447490,3.2057363,0.0061724,8.4967384,-0.0002688
35.5945392,9.3884703,14.7318352,3.2065645,0.0020893,8.4967321,-0.0002720
35.7945085,9.1889292,14.7188381,3.2065665,-0.0021128,8.4967257,-0.0002464
35.9944778,8.9893821,14.7059254,3.2057116,-0.0064980,8.4967199,-0.0001753
36.1944471,8.7898181,14.6932723,3.2039579,-0.0111163,8.4967157,-0.0000322
36.3944165,8.5902252,14.6810630,3.2012542,-0.0160175,8.4967150,0.0002235
36.5943858,8.3905926,14.6694929,3.1975516,-0.0209411,8.4967202,0.0006458
36.7943551,8.1909213,14.6587588,3.1928855,-0.0258418,8.4967354,0.0012807
36.9943244,7.9911930,14.6490572,3.1871822,-0.0316976,8.4967656,0.0021363
37.1942937,7.7913834,14.6406248,3.1801203,-0.0387282,8.4968158,0.0031638
37.3942631,7.5915077,14.6337377,3.1717385,-0.0451849,8.4968903,0.0042309
37.5942324,7.3915809,14.6286588,3.1620139,-0.0520724,8.4969899,0.0050699
37.7942017,7.1916133,14.6256627,3.1509025,-0.0590467,8.4971092,0.0052861
37.9941710,6.9916285,14.6250283,3.1383947,-0.0660440,8.4972336,0.0043586
38.1941403,6.7916824,14.6270332,3.1245103,-0.0728421,8.4973362,0.0023286
38.3941097,6.5917797,14.6319480,3.1092985,-0.0792908,8.4973910,-0.0005271
38.5940790,6.3919725,14.6400296,3.0928397,-0.0852596,8.4973786,-0.0039400
38.7940483,6.1923263,14.6515149,3.0752385,-0.0906574,8.4972858,-0.0082411
38.9940176,5.9929168,14.6666166,3.0566155,-0.0954270,8.4970919,-0.0187436
39.1939869,5.7938291,14.6855201,3.0371005,-0.0995456,8.4966508,-0.0787556
39.3939563,5.5951561,14.7083825,3.0168289,-0.1029472,8.4947971,-0.3325294
39.5939256,5.3969968,14.7353297,2.9959460,-0.1057366,8.4869656,-0.8005473
39.7938949,5.1994546,14.7664606,2.9745385,-0.1084266,8.4680822,-1.2337840
39.9938642,5.0026394,14.8018676,2.9525494,-0.1116110,8.4388967,-1.3965136
40.1938336,4.8066706,14.8416588,2.9298601,-0.1153397,8.4057396,-1.3792881
40.3938029,4.6116794,14.8859581,2.9064057,-0.1192342,8.3728626,-1.2895245
40.5937722,4.4178074,14.9348907,2.8821841,-0.1230321,8.3420080,-1.1789168
40.7937415,4.2252046,14.9885737,2.8572314,-0.1265897,8.3136997,-1.0677185
40.9937108,4.0340270,15.0471092,2.8316037,-0.1298335,8.2879781,-0.9614516
41.1936802,3.8444312,15.1105835,2.8053689,-0.1327013,8.2647480,-0.8644383
41.3936495,3.6565382,15.1790777,2.7786017,-0.1350923,8.2438060,-0.7895877
41.5936188,3.4705681,15.2526153,2.7514061,-0.1369622,8.2246307,-0.7374452
41.7935881,3.2866886,15.3312098,2.7238946,-0.1382400,8.2066813,-0.7035854
41.9935574,3.1050624,15.4148460,2.6961935,-0.1388620,8.1895193,-0.6801738
42.1935268,2.9258434,15.5034785,2.6684428,-0.1387556,8.1728941,-0.6610429
42.3934961,2.7491231,15.5970573,2.6407905,-0.1378144,8.1567041,-0.6427578
42.5934654,2.5749847,15.6955004,2.6134038,-0.1359492,8.1409310,-0.6236173
42.7934347,2.4035765,15.7986436,2.5864779,-0.1331336,8.1255984,-0.6020179
42.9934040,2.2349805,15.9063073,2.5602078,-0.1293858,8.1107693,-0.5770490
43.1933734,2.0692511,16.0182777,2.5347762,-0.1248339,8.0965298,-0.5481473
43.3933427,1.9064096,16.1343175,2.5103234,-0.1197660,8.0829803,-0.5152465
43.5933120,1.7464409,16.2541842,2.4869066,-0.1146822,8.0702232,-0.4790987
43.7932813,1.5892959,16.3776590,2.4644510,-0.1102642,8.0583431,-0.4416320
43.9932507,1.4349073,16.5045772,2.4427081,-0.1074423,8.0473764,-0.4028421
44.1932200,1.2832644,16.6348322,2.4210685,-0.1102824,8.0373599,-0.3717098
44.3931893,1.1346629,16.7683396,2.3979136,-0.1190523,8.0281065,-0.3472827
44.5931586,0.9892120,16.9053635,2.3740521,-0.1217467,8.0194515,-0.3310188
44.7931279,0.8470587,17.0459800,2.3489496,-0.1294159,8.0111931,-0.3251108
44.9930973,0.7085485,17.1902654,2.3223867,-0.1359137,8.0030738,-0.3313013
45.1930666,0.5739834,17.3382852,2.2946956,-0.1406300,7.9947914,-0.3504991
45.3930359,0.4436285,17.4900299,2.2662407,-0.1436446,7.9860198,-0.3816750
45.5930052,0.3176910,17.6454417,2.2373431,-0.1451842,7.9764570,-0.4207597
45.7929745,0.1963260,17.8044232,2.2082762,-0.1454721,7.9659016,-0.4593575
45.9929439,0.0796425,17.9668468,2.1792699,-0.1446817,7.9543619,-0.4826330
46.1929132,-0.0322917,18.1325604,2.1505262,-0.1429084,7.9422194,-0.4643479
46.3928825,-0.1394482,18.3013914,2.1222456,-0.1400740,7.9305194,-0.3525565
46.5928518,-0.2418418,18.4731479,2.0946648,-0.1358964,7.9216247,-0.0258869
46.7928212,-0.3395483,18.6476129,2.0681956,-0.1288811,7.9209712,0.8411698
46.9927905,-0.4327620,18.8245216,2.0437189,-0.1157573,7.9421786,2.8187318
47.1927598,-0.5220015,19.0034726,2.0244639,-0.0751642,8.0128347,4.8458730
47.3927291,-0.6086475,19.1837001,2.0155491,-0.0122741,8.1328699,4.5415082
47.5926984,-0.6947588,19.3641897,2.0177985,0.0325515,8.2437793,3.5206598
47.7926678,-0.7819750,19.5441524,2.0271941,0.0592986,8.3287421,-3.2400760
47.9926371,-0.8713082,19.7230771,2.0412409,0.0807423,8.2505826,-4.1137434
48.1926064,-0.9635193,19.9005396,2.0594630,0.1014843,8.1502680,-2.1963556
48.3925757,-1.0593044,20.0761042,2.0816003,0.1192962,8.0962004,-0.3930546
48.5925450,-1.1592295,20.2493508,2.1066435,0.1295606,8.0864864,-0.0555210
48.7925144,-1.2636011,20.4199602,2.1331388,0.1345801,8.0851134,-0.1496699
48.9924837,-1.3725248,20.5877007,2.1604040,0.1378560,8.0814107,-0.2375506
49.1924530,-1.4860263,20.7523714,2.1882238,0.1401158,8.0755305,-0.3048463
49.3924223,-1.6040865,20.9137871,2.2163890,0.1413509,8.0679783,-0.3521285
49.5923916,-1.7266409,21.0717817,2.2446723,0.1413159,8.0592459,-0.3815902
49.7923610,-1.8535737,21.2262177,2.2727765,0.1396249,8.0497721,-0.3955593
49.9923303,-1.9847093,21.3770007,2.3003212,0.1358345,8.0399398,-0.3958261
50.1922996,-2.1200461,21.5243544,2.3268895,0.1294743,8.0300888,-0.3850462
50.3922689,-2.2591875,21.6682010,2.3519556,0.1207360,8.0204944,-0.3681864
50.5922383,-2.4016673,21.8085612,2.3750728,0.1104640,8.0113094,-0.3479671
50.7922076,-2.5470935,21.9456354,2.3960913,0.1003603,8.0026192,-0.3239330
50.9921769,-2.6951835,22.0797055,2.4154223,0.0945315,7.9945206,-0.2949884
51.1921462,-2.8458997,22.2110357,2.4342223,0.0943433,7.9871386,-0.2570667
51.3921155,-2.9988953,22.3390674,2.4563552,0.1230783,7.9807000,-0.2190747
51.5920849,-3.1550107,22.4634317,2.4817247,0.1313718,7.9752088,-0.1795175
51.7920542,-3.3145816,22.5838344,2.5090185,0.1423292,7.9707063,-0.1405998
51.9920235,-3.4775904,22.6997111,2.5385052,0.1512733,7.9671782,-0.1034621
52.1919928,-3.6440677,22.8106379,2.5692937,0.1554831,7.9645809,-0.0691008
52.3919621,-3.8139281,22.9163453,2.6005802,0.1563671,7.9628458,-0.0379721
52.5919315,-3.9870258,23.0166942,2.6318031,0.1549656,7.9618922,-0.0097212
52.7919008,-4.1631659,23.1116327,2.6625799,0.1520417,7.9616480,0.0170886
52.9918701,-4.3421206,23.2011696,2.6926558,0.1481276,7.9620772,0.0453000
53.1918394,-4.5236440,23.2853582,2.7218634,0.1435735,7.9632148,0.0796163
53.3918087,-4.7074841,23.3642871,2.7500928,0.1385973,7.9652139,0.1273314
53.5917781,-4.8933934,23.4380733,2.7772698,0.1333130,7.9684099,0.2049608
53.7917474,-5.0811548,23.5068662,2.8033334,0.1276331,7.9735518,0.3430932
53.9917167,-5.2706574,23.5708679,2.8282292,0.1214366,7.9821517,0.5601694
54.1916860,-5.4616934,23.6302647,2.8518222,0.1143046,7.9961727,0.9069869
54.3916554,-5.6540421,23.6852836,2.8738751,0.1057759,8.0188227,1.4249044
54.5916247,-5.8475192,23.7362305,2.8939474,0.0939066,8.0542779,2.1030218
54.7915940,-6.0418824,23.7835359,2.9111511,0.0762521,8.1063229,2.8364050
54.9915633,-6.2368004,23.8278388,2.9244830,0.0590579,8.1759929,3.4682027
55.1915326,-6.4321854,23.8698262,2.9349368,0.0467442,8.2603830,3.8843151
55.3915020,-6.6280384,23.9100013,2.9432696,0.0367370,8.3538863,3.8234418
55.5914713,-6.8241982,23.9487382,2.9497064,0.0286278,8.4449131,2.1024150
55.7914406,-7.0205707,23.9863449,2.9548922,0.0241158,8.4945509,0.0898626
55.9914099,-7.2171309,24.0230010,2.9594834,0.0220948,8.4966661,0.0000386
56.1913792,-7.4138513,24.0587874,2.9637528,0.0204459,8.4966670,0.0002329
56.3913486,-7.6107184,24.0937711,2.9676268,0.0182131,8.4966725,0.0002672
56.5913179,-7.8077128,24.1280386,2.9710164,0.0156364,8.4966787,0.0002547
56.7912872,-8.0048145,24.1616907,2.9738690,0.0128879,8.4966847,0.0002383
56.9912565,-8.2020034,24.1948350,2.9761689,0.0101360,8.4966904,0.0002228
57.1912259,-8.3992599,24.2275797,2.9779271,0.0074916,8.4966956,0.0002098
57.3911952,-8.5965660,24.2600287,2.9791736,0.0050306,8.4967005,0.0001995
57.5911645,-8.7939051,24.2922790,2.9799502,0.0027960,8.4967052,0.0001907
57.7911338,-8.9912631,24.3244186,2.9803050,0.0008233,8.4967097,0.0001807
57.9911031,-9.1886265,24.3565253,2.9802919,-0.0009056,8.4967140,0.0001610
58.1910725,-9.3859834,24.3886669,2.9799640,-0.0022182,8.4967178,0.0001197
58.3910418,-9.5833399,24.4208972,2.9794354,-0.0029304,8.4967206,0.0000624
58.5910111,-9.7806909,24.4532459,2.9787775,-0.0039024,8.4967220,0.0000155
58.7909804,-9.9780060,24.4857467,2.9778770,-0.0048704,8.4967224,-0.0000048
58.9909497,-10.1752838,24.5184379,2.9768571,-0.0052762,8.4967223,-0.0000075
59.1909191,-10.3725295,24.5513373,2.9757754,-0.0055084,8.4967221,-0.0000059
59.3908884,-10.5697379,24.5844535,2.9746605,-0.0056126,8.4967220,-0.0000043
59.5908577,-10.7669093,24.6177910,2.9735360,-0.0056109,8.4967219,-0.0000031
59.7908270,-10.9640431,24.6513495,2.9724208,-0.0055243,8.4967218,-0.0000021
59.9907963,-11.1611397,24.6851256,2.9713300,-0.0053707,8.4967218,-0.0000014
60.1907657,-11.3582000,24.7191133,2.9702753,-0.0051662,8.4967217,-0.0000011
60.3907350,-11.5552250,24.7533046,2.9692656,-0.0049245,8.4967217,-0.0000009
60.5907043,-11.7522163,24.7876898,2.9683070,-0.0046577,8.4967217,-0.0000007
60.7906736,-11.9491754,24.8222584,2.9674035,-0.0043758,8.4967217,-0.0000006
60.9906430,-12.1461043,24.8569993,2.9665573,-0.0040872,8.4967217,-0.0000006
61.1906123,-12.3430046,24.8919012,2.9657689,-0.0037988,8.4967216,-0.0000006
61.3905816,-12.5398784,24.9269527,2.9650377,-0.0035160,8.4967216,-0.0000006
61.5905509,-12.7367275,24.9621426,2.9643621,-0.0032433,8.4967216,-0.0000006
61.7905202,-12.9335538,24.9974602,2.9637399,-0.0029837,8.4967216,-0.0000006
61.9904896,-13.1303589,25.0328952,2.9631680,-0.0027397,8.4967216,-0.0000006
62.1904589,-13.3271446,25.0684381,2.9626433,-0.0025129,8.4967216,-0.0000006
62.3904282,-13.5239124,25.1040799,2.9621621,-0.0023040,8.4967216,-0.0000005
62.5903975,-13.7206638,25.1398124,2.9617209,-0.0021136,8.4967215,-0.0000005
62.7903668,-13.9174001,25.1756281,2.9613159,-0.0019416,8.4967215,-0.0000005
62.9903362,-14.1141224,25.2115202,2.9609435,-0.0017875,8.4967215,-0.0000004
63.1903055,-14.3108319,25.2474826,2.9606001,-0.0016507,8.4967215,-0.0000004
63.3902748,-14.5075295,25.2835100,2.9602825,-0.0015302,8.4967215,-0.0000004
63.5902441,-14.7042161,25.3195976,2.9599874,-0.0014250,8.4967215,-0.0000003
63.7902134,-14.9008923,25.3557413,2.9597118,-0.0013340,8.4967215,-0.0000003
63.9901828,-15.0975590,25.3919375,2.9594532,-0.0012560,8.4967215,-0.0000003
64.1901521,-15.2942165,25.4281830,2.9592089,-0.0011897,8.4967215,-0.0000002
64.3901214,-15.4908654,25.4644754,2.9589768,-0.0011340,8.4967215,-0.0000002
64.5900907,-15.6875061,25.5008124,2.9587549,-0.0010878,8.4967215,-0.0000002
64.7900601,-15.8841389,25.5371922,2.9585414,-0.0010498,8.4967215,-0.0000001
64.9900294,-16.0807640,25.5736133,2.9583347,-0.0010192,8.4967215,-0.0000001
65.1899987,-16.2773817,25.6100744,2.9581334,-0.0009949,8.4967214,-0.0000001
65.3899680,-16.4739921,25.6465747,2.9579365,-0.0009760,8.4967214,-0.0000000
65.5899373,-16.6705954,25.6831134,2.9577428,-0.0009619,8.4967214,0.0000000
65.7899067,-16.8671916,25.7196899,2.9575516,-0.0009517,8.4967214,0.0000001
65.9898760,-17.0637809,25.7563038,2.9573621,-0.0009449,8.4967214,0.0000001
66.1898453,-17.2603633,25.7929548,2.9571736,-0.0009408,8.4967215,0.0000002
66.3898146,-17.4569387,25.8296429,2.9569856,-0.0009392,8.4967215,0.0000002
66.5897839,-17.6535072,25.8663678,2.9567979,-0.0009394,8.4967215,0.0000003
66.7897533,-17.8500689,25.9031297,2.9566099,-0.0009412,8.4967215,0.0000004
66.9897226,-18.0466235,25.9399286,2.9564214,-0.0009442,8.4967215,0.0000005
67.1896919,-18.2431712,25.9767646,2.9562322,-0.0009483,8.4967215,0.0000006
67.3896612,-18.4397119,26.0136378,2.9560421,-0.0009531,8.4967215,0.0000007
67.5896306,-18.6362456,26.0505485,2.9558509,-0.0009584,8.4967215,0.0000008
67.7895999,-18.8327721,26.0874969,2.9556587,-0.0009642,8.4967215,0.0000009
67.9895692,-19.0292915,26.1244832,2.9554653,-0.0009702,8.4967216,0.0000010
68.1895385,-19.2258037,26.1615075,2.9552707,-0.0009762,8.4967216,0.0000011
68.3895078,-19.4223087,26.1985703,2.9550749,-0.0009822,8.4967216,0.0000012
68.5894772,-19.6188063,26.2356716,2.9548779,-0.0009881,8.4967216,0.0000014
68.7894465,-19.8152966,26.2728118,2.9546798,-0.0009936,8.4967217,0.0000015
68.9894158,-20.0117795,26.3099909,2.9544805,-0.0009987,8.4967217,0.0000017
69.1893851,-20.2082549,26.3472094,2.9542804,-0.0010033,8.4967217,0.0000019
69.3893544,-20.4047228,26.3844672,2.9540793,-0.0010072,8.4967218,0.0000020
69.5893238,-20.6011832,26.4217646,2.9538776,-0.0010102,8.4967218,0.0000022
69.7892931,-20.7976360,26.4591016,2.9536754,-0.0010121,8.4967219,0.0000024
69.9892624,-20.9940812,26.4964784,2.9534729,-0.0010129,8.4967219,0.0000026
70.1892317,-21.1905189,26.5338950,2.9532704,-0.0010121,8.4967220,0.0000028
70.3892010,-21.3869489,26.5713513,2.9530683,-0.0010097,8.4967221,0.0000031
70.5891704,-21.5833713,26.6088473,2.9528668,-0.0010052,8.4967221,0.0000033
70.7891397,-21.7797862,26.6463828,2.9526664,-0.0009986,8.4967222,0.0000035
70.9891090,-21.9761936,26.6839574,2.9524676,-0.0009895,8.4967223,0.0000038
71.1890783,-22.1725935,26.7215709,2.9522709,-0.0009776,8.4967224,0.0000040
71.3890477,-22.3689860,26.7592228,2.9520769,-0.0009627,8.4967225,0.0000043
71.5890170,-22.5653713,26.7969124,2.9518862,-0.0009446,8.4967226,0.0000045
71.7889863,-22.7617494,26.8346392,2.9516994,-0.0009232,8.4967227,0.0000048
71.9889556,-22.9581206,26.8724021,2.9515173,-0.0008982,8.4967228,0.0000051
72.1889249,-23.1544850,26.9102003,2.9513405,-0.0008696,8.4967229,0.0000054
72.3888943,-23.3508428,26.9480327,2.9511698,-0.0008374,8.4967231,0.0000057
72.5888636,-23.5471942,26.9858979,2.9510059,-0.0008017,8.4967232,0.0000060
72.7888329,-23.7435396,27.0237945,2.9508494,-0.0007628,8.4967233,0.0000060
72.9888022,-23.9398792,27.0617211,2.9507011,-0.0007200,8.4967235,0.0000039
73.1887715,-24.1362135,27.0996758,2.9505644,-0.0006407,8.4967236,-0.0000030
73.3887409,-24.3325433,27.1376545,2.9504634,-0.0003816,8.4967235,-0.0000136
73.5887102,-24.5288695,27.1756508,2.9503701,-0.0005473,8.4967232,-0.0000222
73.7886795,-24.7251916,27.2136675,2.9502624,-0.0005292,8.4967227,-0.0000263
73.9886488,-24.9215098,27.2517046,2.9501618,-0.0004764,8.4967220,-0.0000280
74.1886182,-25.1178243,27.2897606,2.9500714,-0.0004276,8.4967214,-0.0000294
74.3885875,-25.3141357,27.3278333,2.9499902,-0.0003846,8.4967207,-0.0000308
74.5885568,-25.5104442,27.3659212,2.9499167,-0.0003514,8.4967200,-0.0000322
74.7885261,-25.7067500,27.4040230,2.9498484,-0.0003320,8.4967192,-0.0000337
74.9884954,-25.9030532,27.4421380,2.9497821,-0.0003310,8.4967184,-0.0000352
75.1884648,-26.0993539,27.4802661,2.9497138,-0.0003536,8.4967176,-0.0000366
75.3884341,-26.2956519,27.5184082,2.9496379,-0.0004056,8.4967167,-0.0000380
75.5884034,-26.4919467,27.5565665,2.9495482,-0.0004932,8.4967158,-0.0000393
75.7883727,-26.6882377,27.5947444,2.9494367,-0.0006233,8.4967149,-0.0000405
75.9883420,-26.8845238,27.6329471,2.9492942,-0.0008031,8.4967139,-0.0000416
76.1883114,-27.0808037,27.6711816,2.9491101,-0.0010402,8.4967130,-0.0000424
76.3882807,-27.2770756,27.7094573,2.9488721,-0.0013425,8.4967120,-0.0000429
76.5882500,-27.4733371,27.7477861,2.9485664,-0.0017181,8.4967110,-0.0000430
76.7882193,-27.6695852,27.7861828,2.9481775,-0.0021748,8.4967099,-0.0000426
76.9881886,-27.8658165,27.8246654,2.9476885,-0.0027203,8.4967089,-0.0000414
77.1881580,-28.0620267,27.8632552,2.9470809,-0.0033615,8.4967080,-0.0000392
77.3881273,-28.2582107,27.9019775,2.9463349,-0.0041046,8.4967070,-0.0000359
77.5880966,-28.4543628,27.9408613,2.9454296,-0.0049543,8.4967062,-0.0000310
77.7880659,-28.6504761,27.9799401,2.9443436,-0.0059134,8.4967055,-0.0000243
77.9880353,-28.8465429,28.0192514,2.9430547,-0.0069826,8.4967049,-0.0000156
78.1880046,-29.0425544,28.0588370,2.9415413,-0.0081595,8.4967045,-0.0000047
78.3879739,-29.2385010,28.0987430,2.9397822,-0.0094383,8.4967044,0.0000086
78.5879432,-29.4343718,28.1390192,2.9377582,-0.0108090,8.4967046,0.0000240
78.7879125,-29.6301550,28.1797191,2.9354522,-0.0122566,8.4967052,0.0000409
78.9878819,-29.8258378,28.2208991,2.9328510,-0.0137606,8.4967062,0.0000582
79.1878512,-30.0214066,28.2626176,2.9299459,-0.0152939,8.4967075,0.0000743
79.3878205,-30.2168469,28.3049340,2.9267344,-0.0168224,8.4967093,0.0000868
79.5877898,-30.4121439,28.3479075,2.9232216,-0.0183043,8.4967113,0.0000919
79.7877591,-30.6072825,28.3915950,2.9194220,-0.0196884,8.4967135,0.0000853
79.9877285,-30.8022479,28.4360497,2.9153608,-0.0209181,8.4967155,0.0000626
80.1876978,-30.9970260,28.4813183,2.9110771,-0.0219141,8.4967170,0.0000206
80.3876671,-31.1916046,28.5274385,2.9066207,-0.0226388,8.4967174,-0.0000337
80.5876364,-31.3859729,28.5744368,2.9020611,-0.0229927,8.4967167,-0.0000808
80.7876057,-31.5801207,28.6223337,2.8973353,-0.0242046,8.4967147,-0.0001244
80.9875751,-31.7740420,28.6711509,2.8926892,-0.0222485,8.4967118,-0.0002053
81.1875444,-31.9677413,28.7208280,2.8884603,-0.0200592,8.4967070,-0.0003381
81.3875137,-32.1612374,28.7712787,2.8847021,-0.0175353,8.4966990,-0.0004807
81.5874830,-32.3545575,28.8224011,2.8815500,-0.0139724,8.4966877,-0.0005656
81.7874524,-32.5477364,28.8740572,2.8792176,-0.0093152,8.4966744,-0.0004845
81.9874217,-32.7408213,28.9260665,2.8779361,-0.0034282,8.4966630,-0.0000249
82.1873910,-32.9338731,28.9782018,2.8779602,0.0037777,8.4966624,0.0012073
82.3873603,-33.1269669,29.0301851,2.8795585,0.0123528,8.4966908,0.0037754
82.5873296,-33.3201909,29.0816860,2.8830032,0.0222696,8.4967797,0.0079669
82.7872990,-33.5136442,29.1323218,2.8885499,0.0333815,8.4969672,0.0126544
82.9872683,-33.7074324,29.1816624,2.8964106,0.0453773,8.4972650,0.0146689
83.1872376,-33.9016607,29.2292417,2.9067170,0.0577510,8.4976102,0.0099546
83.3872069,-34.0964250,29.2745760,2.9194847,0.0698541,8.4978444,-0.0008628
83.5871762,-34.2918025,29.3171879,2.9345937,0.0810043,8.4978241,-0.0158033
83.7871456,-34.4878432,29.3566329,2.9517944,0.0906333,8.4974522,-0.0447376
83.9871149,-34.6845655,29.3925219,2.9707461,0.0984534,8.4963994,-0.1345658
84.1870842,-34.8819556,29.4245343,2.9910804,0.1044734,8.4932317,-0.3345329
84.3870535,-35.0799713,29.4524182,3.0124633,0.1090766,8.4853516,-0.5239475
84.5870229,-35.2785481,29.4759779,3.0346622,0.1127345,8.4729950,-0.6164846
84.7869922,-35.4776057,29.4950562,3.0575167,0.1156251,8.4584330,-0.6822490
84.9869615,-35.6770515,29.5095281,3.0808731,0.1177717,8.4422883,-0.7857425
85.1869308,-35.8767829,29.5193000,3.1045915,0.1192932,8.4236561,-0.9387360
85.3869001,-36.0766905,29.5243053,3.1285646,0.1203679,8.4013419,-1.1381474
85.5868695,-36.2766602,29.5244980,3.1527212,0.1211811,8.3742078,-1.3663647
85.7868388,-36.4765752,29.5198452,3.1770293,0.1219412,8.3415163,-1.5824016
85.9868081,-36.6763162,29.5103189,3.2015010,0.1228633,8.3034951,-1.7359053
86.1867774,-36.8757616,29.4958876,3.2261870,0.1241002,8.2615843,-1.7937420
86.3867467,-37.0747860,29.4765109,3.2511565,0.1256901,8.2180526,-1.7448463
86.5867161,-37.2732591,29.4521377,3.2764749,0.1275630,8.1754851,-1.5965897
86.7866854,-37.4710447,29.4227098,3.3021837,0.1295514,8.1363394,-1.3858574
86.9866547,-37.6680008,29.3881689,3.3282813,0.1314129,8.1022072,-1.1704040
87.1866240,-37.8639808,29.3484660,3.3547189,0.1329378,8.0732689,-0.9902019
87.3865933,-38.0588357,29.3035697,3.3814185,0.1340379,8.0487049,-0.8604579
87.5865627,-38.2524170,29.2534691,3.4082957,0.1347303,8.0272985,-0.7778379
87.7865320,-38.4445776,29.1981734,3.4352778,0.1351060,8.0078982,-0.7240846
87.9865013,-38.6351737,29.1377083,3.4623118,0.1352738,7.9897963,-0.6841572
88.1864706,-38.8240619,29.0721116,3.4893710,0.1352994,7.9726547,-0.6506256
88.3864400,-39.0111159,29.0014278,3.5163871,0.1351076,7.9563191,-0.6202444
88.5864093,-39.1962152,28.9256987,3.5435480,0.1366418,7.9407149,-0.5920046
88.7863786,-39.3791837,28.8449322,3.5711196,0.1390138,7.9257926,-0.5650967
88.9863479,-39.5598380,28.7591113,3.5991258,0.1410295,7.9115222,-0.5385614
89.1863172,-39.7380054,28.6682266,3.6275333,0.1429764,7.8978980,-0.5116613
89.3862866,-39.9135080,28.5722812,3.6563091,0.1446734,7.8849324,-0.4838339
89.5862559,-40.0861682,28.4712940,3.6853972,0.1460380,7.8726524,-0.4547527
89.7862252,-40.2558090,28.3653045,3.7147151,0.1469084,7.8610929,-0.4244690
89.9861945,-40.4222574,28.2543799,3.7441436,0.1470937,7.8502879,-0.3935660
90.1861638,-40.5853490,28.1386232,3.7735177,0.1463582,7.8402563,-0.3630479
90.3861332,-40.7449369,28.0181806,3.8026185,0.1444120,7.8309911,-0.3331637
90.5861025,-40.9009071,27.8932467,3.8311647,0.1409430,7.8224789,-0.3026721
90.7860718,-41.0532018,27.7640588,3.8588338,0.1358123,7.8147377,-0.2661612
90.9860411,-41.2022437,27.6305080,3.8854089,0.1295680,7.8079240,-0.2297954
91.1860104,-41.3476806,27.4932292,3.9106531,0.1232154,7.8020365,-0.1910210
91.3859798,-41.4895728,27.3525316,3.9346944,0.1177325,7.7971390,-0.1493299
91.5859491,-41.6281150,27.2085053,3.9581758,0.1187271,7.7933083,-0.1002298
91.7859184,-41.7631553,27.0613556,3.9814510,0.1201343,7.7907361,-0.0529954
91.9858877,-41.8941931,26.9112282,4.0092075,0.1527638,7.7893757,-0.0089886
92.1858571,-42.0209320,26.7569222,4.0404061,0.1559414,7.7891449,0.0308032
92.3858264,-42.1430570,26.5983961,4.0716305,0.1583190,7.7899357,0.0636917
92.5857957,-42.2601135,26.4360680,4.1037215,0.1612727,7.7915705,0.0876096
92.7857650,-42.3718723,26.2700512,4.1360169,0.1604464,7.7938187,0.1015651
92.9857343,-42.4782450,26.1005241,4.1678977,0.1572807,7.7964241,0.1062965
93.1857037,-42.5792331,25.9277135,4.1990020,0.1527341,7.7991500,0.1047602
93.3856730,-42.6748893,25.7518845,4.2291030,0.1474025,7.8018356,0.1027249
93.5856423,-42.7653034,25.5733210,4.2580752,0.1416794,7.8044681,0.1099518
93.7856116,-42.8505957,25.3923031,4.2858584,0.1357934,7.8072848,0.1427635
93.9855809,-42.9309123,25.2090900,4.3124347,0.1298639,7.8109406,0.2294395
94.1855503,-43.0064205,25.0239092,4.3378038,0.1238591,7.8168123,0.4213429
94.3855196,-43.0773069,24.8369559,4.3619291,0.1174194,7.8275837,0.8133488
94.5854889,-43.1437891,24.6484011,4.3846320,0.1093706,7.8483346,1.5559386
94.7854582,-43.2061610,24.4584230,4.4052849,0.0964791,7.8878790,2.7268337
94.9854276,-43.2649149,24.2672470,4.4224144,0.0740054,7.9567080,4.0139900
95.1853969,-43.3208644,24.0751958,4.4344524,0.0450867,8.0569567,4.9757896
95.3853662,-43.3750776,23.8828007,4.4397861,0.0104584,8.1795209,5.2787750
95.5853355,-43.4287788,23.6904552,4.4398603,-0.0063418,8.3075717,4.7449252
95.7853048,-43.4827203,23.4980384,4.4380084,-0.0152740,8.4210111,2.7971528
95.9852742,-43.5372940,23.3057098,4.4332009,-0.0333033,8.4871737,0.4100090
96.1852435,-43.5931550,23.1137144,4.4247143,-0.0512389,8.4968285,-0.0246602
96.3852128,-43.6509883,22.9222484,4.4128916,-0.0660383,8.4962482,-0.0194359
96.5851821,-43.7113421,22.7315400,4.3985651,-0.0760363,8.4957907,-0.0069759
96.7851514,-43.7745827,22.5417597,4.3827418,-0.0810629,8.4956265,0.0059815
96.9851208,-43.8408807,22.3530291,4.3664171,-0.0810342,8.4957673,0.0126369
97.1850901,-43.9102123,22.1654031,4.3506510,-0.0754300,8.4960647,0.0130975
97.3850594,-43.9823443,21.9788539,4.3366273,-0.0636087,8.4963730,0.0119044
97.5850287,-44.0568185,21.7932504,4.3255841,-0.0458628,8.4966532,0.0103241
97.7849980,-44.1329720,21.6083578,4.3185030,-0.0244865,8.4968961,0.0069022
97.9849674,-44.2100208,21.4238715,4.3157433,-0.0030633,8.4970586,0.0012244
98.1849367,-44.2872009,21.2394400,4.3169831,0.0153998,8.4970874,-0.0072834
98.3849060,-44.3638920,21.0546563,4.3214740,0.0292474,8.4969160,-0.0112456
98.5848753,-44.4395088,20.8694639,4.3283284,0.0388365,8.4966513,-0.0081916
98.7848447,-44.5136766,20.6837433,4.3367739,0.0452475,8.4964585,-0.0059347
98.9848140,-44.5861150,20.4974690,4.3465958,0.0565834,8.4963189,-0.0028110
99.1847833,-44.6563922,20.3105382,4.3592682,0.0658098,8.4962527,0.0002731
99.3847526,-44.7242768,20.1225429,4.3725286,0.0676849,8.4962591,0.0022517
99.5847219,-44.7896522,19.9334847,4.3866300,0.0740051,8.4963121,0.0030502
99.7846913,-44.8522445,19.7434513,4.4019228,0.0784730,8.4963839,0.0031564
99.9846606,-44.9118422,19.5525215,4.4177788,0.0798992,8.4964582,0.0029184
100.1846299,-44.9683644,19.3607802,4.4336316,0.0785982,8.4965269,0.0025450
100.3845992,-45.0218890,19.1681409,4.4490114,0.0751470,8.4965868,0.0021336
100.5845685,-45.0725287,18.9746951,4.4635393,0.0700970,8.4966370,0.0017461
100.7845379,-45.1204622,18.7805418,4.4769501,0.0640197,8.4966781,0.0014080
100.9845072,-45.1659122,18.5857807,4.4890921,0.0574576,8.4967112,0.0011134
101.1844765,-45.2091237,18.3905055,4.4999155,0.0508660,8.4967374,0.0008483
101.3844458,-45.2503460,18.1948014,4.5094503,0.0445835,8.4967574,0.0006073
101.5844151,-45.2898188,17.9987436,4.5177830,0.0388346,8.4967717,0.0003885
101.7843845,-45.3277612,17.8024037,4.5250359,0.0337680,8.4967808,0.0001959
101.9843538,-45.3643726,17.6058143,4.5313516,0.0294536,8.4967854,0.0000378
102.1843231,-45.3998237,17.4089948,4.5368962,0.0260722,8.4967863,-0.0000744
102.3842924,-45.4342557,17.2119786,4.5416998,0.0218825,8.4967846,-0.0001131
102.5842618,-45.4678104,17.0148194,4.5458849,0.0203443,8.4967819,-0.0000764
102.7842311,-45.5005422,16.8175451,4.5501492,0.0229543,8.4967801,0.0000044
102.9842004,-45.5323747,16.6201239,4.5549501,0.0247354,8.4967802,0.0001084
103.1841697,-45.5632260,16.4225466,4.5601221,0.0272523,8.4967828,0.0002398
103.3841390,-45.5929983,16.2248071,4.5658822,0.0304423,8.4967884,0.0004016
103.5841084,-45.6215643,16.0268904,4.5723366,0.0342435,8.4967979,0.0005777
103.7840777,-45.6487730,15.8287846,4.5796054,0.0385433,8.4968115,0.0007285
103.9840470,-45.6744530,15.6304763,4.5877713,0.0431926,8.4968286,0.0007871
104.1840163,-45.6984186,15.4319555,4.5968883,0.0480176,8.4968471,0.0006633
104.3839856,-45.7204770,15.2332158,4.6069718,0.0528164,8.4968627,0.0002531
104.5839550,-45.7404358,15.0342563,4.6179946,0.0573674,8.4968687,-0.0005553
104.7839243,-45.7581121,14.8350832,4.6298842,0.0614421,8.4968556,-0.0018733
104.9838936,-45.7733421,14.6357100,4.6425218,0.0648038,8.4968115,-0.0038455
105.1838629,-45.7859897,14.4361581,4.6557452,0.0672747,8.4967210,-0.0070020
105.3838323,-45.7959554,14.2364553,4.6693505,0.0685591,8.4965562,-0.0186750
105.5838016,-45.8031845,14.0366368,4.6831142,0.0689770,8.4961167,-0.3789824
105.7837709,-45.8076663,13.8367360,4.6967458,0.0667122,8.4871921,-4.3259586
105.9837402,-45.8094684,13.6368012,4.7100410,0.0672649,8.3846474,-5.6346004
106.1837095,-45.8085638,13.4368468,4.7240316,0.0740267,8.2491707,-5.3928409
106.3836789,-45.8047151,13.2369603,4.7393683,0.0780728,8.1173895,-5.1199029
106.5836482,-45.7977423,13.0372390,4.7553899,0.0830365,7.9902669,-4.8668096
106.7836175,-45.7874441,12.8376077,4.7728033,0.0925285,7.8675243,-4.6357736
106.9835868,-45.7734538,12.6381023,4.7922952,0.1017575,7.7488008,-4.4197002
107.1835561,-45.7554046,12.4389089,4.8134926,0.1101939,7.6338919,-4.2072350
107.3835255,-45.7329682,12.2401571,4.8364007,0.1190159,7.5228764,-3.9928883
107.5834948,-45.7058031,12.0419816,4.8611423,0.1283501,7.4159800,-3.7766587
107.7834641,-45.6735570,11.8445659,4.8877782,0.1379040,7.3134347,-3.5613336
107.9834334,-45.6358761,11.6481177,4.9163431,0.1475479,7.2154011,-3.3516522
108.1834027,-45.5924159,11.4528805,4.9468185,0.1569962,7.1219069,-3.1535084
108.3833721,-45.5428537,11.2591271,4.9791289,0.1659774,7.0328051,-2.9737970
108.5833414,-45.4869019,11.0671554,5.0131354,0.1741612,6.9477342,-2.8214956
108.7833107,-45.4243211,10.8772798,5.0486363,0.1812108,6.8660459,-2.7152057
108.9832800,-45.3549181,10.6897827,5.0853484,0.1864623,6.7865065,-2.7955053
109.1832494,-45.2785597,10.5049090,5.1229004,0.1893457,6.7036288,-2.9707152
109.3832187,-45.1952729,10.3230649,5.1609207,0.1909849,6.6144188,-3.1484751
109.5831880,-45.1051229,10.1445601,5.1992095,0.1919917,6.5185381,-3.3157892
109.7831573,-45.0082162,9.9696889,5.2376443,0.1924520,6.4160133,-3.4705200
109.9831266,-44.9046687,9.7987391,5.2765051,0.1965732,6.3069194,-3.6227865
110.1830960,-44.7944098,9.6318812,5.3162328,0.1996778,6.1909886,-3.7569323
110.3830653,-44.6775764,9.4695191,5.3559650,0.1984352,6.0684262,-3.8871191
110.5830346,-44.5543514,9.3119607,5.3965603,0.2069809,5.9389551,-4.0259504
110.7830039,-44.4247429,9.1596574,5.4385571,0.2132208,5.8018148,-4.1715009
110.9829732,-44.2887761,9.0130399,5.4819091,0.2202930,5.6562099,-4.3187862
111.1829426,-44.1465163,8.8725814,5.5266235,0.2268103,5.5014054,-4.3537793
111.3829119,-43.9980598,8.7387622,5.5729955,0.2389447,5.3408067,-3.6052757
111.5828812,-43.8433998,8.6122370,5.6227552,0.2600792,5.2040683,-2.6536208
111.7828505,-43.6822035,8.4937718,5.6767022,0.2789299,5.1010824,-1.9871841
111.9828198,-43.5147266,8.3845170,5.7341502,0.2950873,5.0225780,-1.4768749
112.1827892,-43.3411615,8.2853555,5.7945467,0.3087847,4.9634293,-1.0655437
112.3827585,-43.1618339,8.1970962,5.8575104,0.3209154,4.9203128,-0.7153262
112.5827278,-42.9771903,8.1205007,5.9227661,0.3315693,4.8911545,-0.4077344
112.7826971,-42.7879727,8.0563503,5.9902168,0.3423419,4.8744562,-0.1906826
112.9826665,-42.5948909,8.0053045,6.0597394,0.3582967,4.8666274,-0.0300703
113.1826358,-42.3986845,7.9681434,6.1324504,0.3642409,4.8653916,0.0700882
113.3826051,-42.1999399,7.9452666,6.2044583,0.3570217,4.8682714,0.1149608
113.5825744,-41.9999728,7.9366475,6.2756592,0.3546568,4.8729913,0.1194162
113.7825437,-41.7999674,7.9422206,0.0631410,0.3523129,4.8778892,0.0980883
113.9825131,-41.6009151,7.9618437,0.1333153,0.3504527,4.8819087,0.0578739
114.1824824,-41.4038219,7.9953223,0.2031780,0.3496616,4.8842787,0.0051847
114.3824517,-41.2095098,8.0424857,0.2731026,0.3507339,4.8844909,-0.0613866
114.5824210,-41.0189493,8.1031558,0.3434826,0.3539147,4.8819772,-0.1441043
114.7823903,-40.8331256,8.1771638,0.4147486,0.3592510,4.8760710,-0.2464979
114.9823597,-40.6530599,8.2643450,0.4873197,0.3665198,4.8659515,-0.3728891
115.1823290,-40.4798290,8.3645162,0.5615526,0.3750392,4.8506032,-0.5234666
115.3822983,-40.3145788,8.4774214,0.6375459,0.3839160,4.8289747,-0.5562576
115.5822676,-40.1585279,8.6026654,0.7153836,0.3925760,4.8058847,-0.2779039
115.7822370,-40.0129860,8.7395731,0.7942808,0.3930091,4.7943074,0.1761644
115.9822063,-39.8789713,8.8869596,0.8706032,0.3690756,4.8016495,0.7735024
116.1821756,-39.7552709,9.0448940,0.9406223,0.3251507,4.8337554,1.1819369
116.3821449,-39.6427015,9.2092916,0.9977998,0.2524614,4.8824066,1.4327848
116.5821142,-39.5386866,9.3794359,1.0460234,0.2417541,4.9407408,1.4947885
116.7820836,-39.4428703,9.5547903,1.0961160,0.2628576,5.0008743,1.4597112
116.9820529,-39.3562189,9.7353259,1.1513969,0.2886339,5.0589069,1.3731423
117.1820222,-39.2804358,9.9197449,1.2110360,0.3073544,5.1128966,1.2839573
117.3819915,-39.2159214,10.1089409,1.2736176,0.3167519,5.1628689,1.1935552
117.5819608,-39.1634553,10.3020307,1.3374031,0.3188457,5.2088928,1.1375153
117.7819302,-39.1233946,10.4980952,1.4008601,0.3130839,5.2523805,1.2110964
117.9818995,-39.0956779,10.6962444,1.4622351,0.2982627,5.2982889,1.4802913
118.1818688,-39.0798091,10.8956499,1.5196668,0.2739674,5.3538669,1.9324926
118.3818381,-39.0748637,11.0955959,1.5713095,0.2406966,5.4255662,2.4726834
118.5818074,-39.0795369,11.2955357,1.6157191,0.2025578,5.5159488,2.9957196
118.7817768,-39.0923127,11.4951224,1.6524649,0.1650938,5.6235038,3.4592635
118.9817461,-39.1116855,11.6941860,1.6820290,0.1311899,5.7451969,3.8663316
119.1817154,-39.1362883,11.8926831,1.7052012,0.1012042,5.8782296,4.2273456
119.3816847,-39.1649157,12.0906522,1.7227407,0.0749011,6.0203208,4.5469718
119.5816541,-39.1965128,12.2881790,1.7352936,0.0509248,6.1695034,4.8242807
119.7816234,-39.2301263,12.4853471,1.7433895,0.0319254,6.3239377,5.0529737
119.9815927,-39.2650004,12.6822654,1.7483144,0.0183372,6.4817488,5.2270762
120.1815620,-39.3006009,12.8790539,1.7508752,0.0079701,6.6410524,5.3480078
120.3815313,-39.3365197,13.0757863,1.7516460,0.0006743,6.8001803,5.3923016
120.5815007,-39.3724691,13.2725115,1.7512662,-0.0044165,6.9569420,5.3423841
120.7814700,-39.4082436,13.4692667,1.7498482,-0.0103397,7.1088443,5.2294827
120.9814393,-39.4436056,13.6660941,1.7470026,-0.0185377,7.2544566,5.0520584
121.1814086,-39.4782332,13.8630506,1.7423302,-0.0284875,7.3924051,4.8073784
121.3813779,-39.5117346,14.0602013,1.7355325,-0.0395854,7.5213237,4.5022393
121.5813473,-39.5436726,14.2576115,1.7264682,-0.0510028,7.6400870,4.1499556
121.7813166,-39.5735954,14.4553375,1.7151397,-0.0621474,7.7479453,3.7634144
121.9812859,-39.6010591,14.6534200,1.7016378,-0.0726805,7.8444752,3.3548424
122.1812552,-39.6256419,14.8518794,1.6861106,-0.0823392,7.9295348,2.9393080
122.3812245,-39.6469550,15.0507140,1.6687608,-0.0908499,8.0033159,2.5334231
122.5811939,-39.6646538,15.2498956,1.6498402,-0.0980362,8.0663672,2.1522988
122.7811632,-39.6784470,15.4493806,1.6296315,-0.1036915,8.1195485,1.8071369
122.9811325,-39.6880998,15.6490928,1.6083581,-0.1094821,8.1639335,1.5032978
123.1811018,-39.6933813,15.8489159,1.5859307,-0.1141606,8.2006730,1.2404454
123.3810712,-39.6941142,16.0488139,1.5629861,-0.1146343,8.2308651,1.0170899
123.5810405,-39.6902582,16.2487216,1.5399698,-0.1162400,8.2555383,0.8299859
123.7810098,-39.6817600,16.4484920,1.5165418,-0.1179062,8.2756182,0.6737148
123.9809791,-39.6685548,16.6480115,1.4928278,-0.1192647,8.2918817,0.5379751
124.1809484,-39.6505965,16.8471651,1.4688703,-0.1203117,8.3048455,0.4288259
124.3809178,-39.6278536,17.0458249,1.4447220,-0.1211886,8.3151646,0.3398491
124.5808871,-39.6003046,17.2438722,1.4204142,-0.1219189,8.3233335,0.2651525
124.7808564,-39.5679366,17.4411883,1.3959713,-0.1225467,8.3297014,0.2023011
124.9808257,-39.5307439,17.6376529,1.3714112,-0.1230931,8.3345566,0.1493430
125.1807950,-39.4887270,17.8331447,1.3467484,-0.1235750,8.3381390,0.1047380
125.3807644,-39.4418923,18.0275414,1.3219943,-0.1240030,8.3406505,0.0672915
125.5807337,-39.3902514,18.2207203,1.2971589,-0.1243840,8.3422637,0.0360966
125.7807030,-39.3338213,18.4125585,1.2722512,-0.1247223,8.3431289,0.0104866
125.9806723,-39.2726237,18.6029329,1.2472795,-0.1250201,8.3433802,-0.0100066
126.1806417,-39.2066853,18.7917208,1.2222519,-0.1252787,8.3431404,-0.0256888
126.3806110,-39.1360376,18.9788002,1.1971764,-0.1254983,8.3425247,-0.0367443
126.5805803,-39.0607169,19.1640498,1.1720608,-0.1256789,8.3416439,-0.0432862
126.7805496,-38.9807641,19.3473495,1.1469133,-0.1258210,8.3406061,-0.0453675
126.9805189,-38.8962332,19.5285635,1.1217438,-0.1259229,8.3395183,-0.0430413
127.1804883,-38.8071706,19.7075845,1.0965585,-0.1259888,8.3384862,-0.0370474
127.3804576,-38.7136260,19.8843072,1.0713626,-0.1260237,8.3375977,-0.0281441
127.5804269,-38.6156575,20.0586184,1.0461620,-0.1260287,8.3369227,-0.0169606
127.7803962,-38.5133271,20.2304073,1.0209646,-0.1259828,8.3365159,-0.0032895
127.9803655,-38.4067014,20.3995654,0.9957828,-0.1258723,8.3364369,0.0132738
128.1803349,-38.2958516,20.5659876,0.9706272,-0.1257206,8.3367553,0.0326326
128.3803042,-38.1808528,20.7295716,0.9455044,-0.1255398,8.3375380,0.0545906
128.5802735,-38.0617836,20.8902181,0.9204210,-0.1253245,8.3388473,0.0787838
128.7802428,-37.9387259,21.0478311,0.8953841,-0.1250713,8.3407363,0.1047232
128.9802121,-37.8117648,21.2023178,0.8704017,-0.1247790,8.3432467,0.1318573
129.1801815,-37.6809887,21.3535890,0.8454814,-0.1244496,8.3464064,0.1596150
129.3801508,-37.5464886,21.5015595,0.8206303,-0.1240864,8.3502297,0.1874277
129.5801201,-37.4083585,21.6461475,0.7958548,-0.1236963,8.3547170,0.2147349
129.7800894,-37.2666944,21.7872749,0.7711596,-0.1232815,8.3598551,0.2409817
129.9800588,-37.1215947,21.9248672,0.7465487,-0.1228705,8.3656174,0.2656142
130.1800281,-36.9731574,22.0588539,0.7220183,-0.1224475,8.3719642,0.2880999
130.3799974,-36.8214774,22.1891717,0.6975786,-0.1219186,8.3788428,0.3079794
130.5799667,-36.6666597,22.3157570,0.6732480,-0.1214113,8.3861898,0.3248224
130.7799360,-36.5088146,22.4385450,0.6490063,-0.1210088,8.3939316,0.3381595
130.9799054,-36.3480446,22.5574769,0.6248403,-0.1206587,8.4019838,0.3475542
131.1798747,-36.1844521,22.6724943,0.6007388,-0.1203662,8.4102516,0.3526432
131.3798440,-36.0181390,22.7835399,0.5766903,-0.1201300,8.4186321,0.3531666
131.5798133,-35.8492069,22.8905575,0.5526839,-0.1199467,8.4270168,0.3489969
131.7797826,-35.6777572,22.9934915,0.5287098,-0.1198087,8.4352943,0.3401614
131.9797520,-35.5038912,23.0922878,0.5047597,-0.1197048,8.4433544,0.3268514
132.1797213,-35.3277110,23.1868933,0.4808285,-0.1196198,8.4510919,0.3094161
132.3796906,-35.1493190,23.2772569,0.4569141,-0.1195346,8.4584101,0.2883351
132.5796599,-34.9688189,23.3633302,0.4330188,-0.1194273,8.4652240,0.2641688
132.7796292,-34.7863159,23.4450679,0.4091493,-0.1192738,8.4714620,0.2374849
132.9795986,-34.6019167,23.5224292,0.3853175,-0.1190477,8.4770660,0.2087659
133.1795679,-34.4157302,23.5953785,0.3615406,-0.1187291,8.4819892,0.1783240
133.3795372,-34.2278664,23.6638866,0.3378390,-0.1182813,8.4861923,0.1463165
133.5795065,-34.0384388,23.7279314,0.3142416,-0.1177421,8.4896394,0.1130701
133.7794759,-33.8475586,23.7874987,0.2907642,-0.1169406,8.4923023,0.0799413
133.9794452,-33.6553423,23.8425841,0.2674278,-0.1172334,8.4941845,0.0500482
134.1794145,-33.4619122,23.8931411,0.2438349,-0.1184457,8.4953627,0.0269500
134.3793838,-33.2673535,23.9391073,0.2202221,-0.1170487,8.4959970,0.0117584
134.5793531,-33.0717528,23.9805116,0.1969976,-0.1162177,8.4962738,0.0027376
134.7793225,-32.8752300,24.0173608,0.1736850,-0.1169638,8.4963382,-0.0023902
134.9792918,-32.6778928,24.0496058,0.1502279,-0.1176897,8.4962819,-0.0049612
135.1792611,-32.4798443,24.0771997,0.1266276,-0.1183202,8.4961652,-0.0054105
135.3792304,-32.2811936,24.1001019,0.1029249,-0.1186819,8.4960378,-0.0038472
135.5791997,-32.0820522,24.1182849,0.0791871,-0.1186369,8.4959473,-0.0007057
135.7791691,-31.8825336,24.1317404,0.0555116,-0.1180277,8.4959307,0.0028371
135.9791384,-31.6827521,24.1404857,0.0320295,-0.1166711,8.4959974,0.0052738
136.1791077,-31.4828209,24.1445708,0.0089125,-0.1143383,8.4961216,0.0059385
136.3790770,-31.2828487,24.1440880,6.2695690,-0.1107426,8.4962613,0.0053277
136.5790464,-31.0829365,24.1391825,6.2479138,-0.1055505,8.4963867,0.0042217
136.7790157,-30.8831725,24.1300651,6.2274815,-0.0984746,8.4964861,0.0031084
136.9789850,-30.6836267,24.1170225,6.2086593,-0.0894523,8.4965592,0.0021783
137.1789543,-30.4843458,24.1004172,6.1917972,-0.0789757,8.4966105,0.0014998
137.3789236,-30.2853499,24.0806709,6.1771565,-0.0672570,8.4966458,0.0010826
137.5788930,-30.0866465,24.0582531,6.1649400,-0.0548097,8.4966713,0.0008197
137.7788623,-29.8882096,24.0336399,6.1548670,-0.0468519,8.4966906,0.0006004
137.9788316,-29.6900021,24.0071711,6.1462529,-0.0391470,8.4967047,0.0004043
138.1788009,-29.4920053,23.9791465,6.1391279,-0.0323183,8.4967142,0.0002520
138.3787702,-29.2941951,23.9498393,6.1332535,-0.0266066,8.4967202,0.0001487
138.5787396,-29.0965436,23.9194768,6.1284240,-0.0218439,8.4967237,0.0000827
138.7787089,-28.8990271,23.8882489,6.1244682,-0.0178374,8.4967256,0.0000414
138.9786782,-28.7016234,23.8563147,6.1212508,-0.0144391,8.4967266,0.0000157
139.1786475,-28.5043130,23.8238092,6.1186615,-0.0115393,8.4967269,-0.0000001
139.3786168,-28.3070783,23.7908471,6.1166093,-0.0090571,8.4967269,-0.0000094
139.5785862,-28.1099037,23.7575269,6.1150169,-0.0069322,8.4967267,-0.0000144
139.7785555,-27.9127756,23.7239324,6.1138177,-0.0051180,8.4967264,-0.0000164
139.9785248,-27.7156821,23.6901354,6.1129534,-0.0035769,8.4967260,-0.0000165
140.1784941,-27.5186129,23.6561969,6.1123727,-0.0022774,8.4967256,-0.0000152
140.3784635,-27.3215591,23.6221680,6.1120301,-0.0011918,8.4967253,-0.0000133
140.5784328,-27.1245135,23.5880917,6.1118852,-0.0002954,8.4967249,-0.0000109
140.7784021,-26.9274698,23.5540034,6.1119026,0.0004342,8.4967247,-0.0000085
140.9783714,-26.7304232,23.5199318,6.1120508,0.0010179,8.4967245,-0.0000061
141.1783407,-26.5333696,23.4859001,6.1123028,0.0014748,8.4967243,-0.0000040
141.3783101,-26.3363059,23.4519263,6.1126349,0.0018226,8.4967242,-0.0000020
141.5782794,-26.1392297,23.4180240,6.1130269,0.0020776,8.4967242,-0.0000004
141.7782487,-25.9421395,23.3842036,6.1134618,0.0022546,8.4967242,0.0000009
141.9782180,-25.7450339,23.3504718,6.1139254,0.0023673,8.4967242,0.0000019
142.1781873,-25.5479124,23.3168333,6.1144060,0.0024278,8.4967243,0.0000026
142.3781567,-25.3507745,23.2832904,6.1148944,0.0024471,8.4967243,0.0000030
142.5781260,-25.1536202,23.2498439,6.1153832,0.0024350,8.4967244,0.0000033
142.7780953,-24.9564495,23.2164934,6.1158671,0.0023999,8.4967245,0.0000034
142.9780646,-24.7592629,23.1832374,6.1163423,0.0023495,8.4967245,0.0000033
143.1780340,-24.5620607,23.1500741,6.1168064,0.0022902,8.4967246,0.0000030
143.3780033,-24.3648432,23.1170012,6.1172581,0.0022276,8.4967247,0.0000027
143.5779726,-24.1676111,23.0840160,6.1176973,0.0021664,8.4967248,0.0000022
143.7779419,-23.9703648,23.0511164,6.1181248,0.0021107,8.4967248,0.0000017
143.9779112,-23.7731046,23.0183000,6.1185419,0.0020637,8.4967248,0.0000011
144.1778806,-23.5758309,22.9855651,6.1189508,0.0020282,8.4967249,0.0000005
144.3778499,-23.3785439,22.9529102,6.1193538,0.0020062,8.4967249,-0.0000003
144.5778192,-23.1812439,22.9203344,6.1197539,0.0019998,8.4967249,-0.0000017
144.7777885,-22.9839311,22.8878377,6.1201541,0.0020011,8.4967248,-0.0000050
144.9777578,-22.7866045,22.8554197,6.1205527,0.0019648,8.4967247,-0.0000112
145.1777272,-22.5892654,22.8230792,6.1209402,0.0019691,8.4967245,-0.0000188
145.3776965,-22.3919164,22.7908173,6.1213487,0.0020911,8.4967240,-0.0000250
145.5776658,-22.1945551,22.7586380,6.1217721,0.0021433,8.4967234,-0.0000289
145.7776351,-21.9971797,22.7265431,6.1222060,0.0021990,8.4967227,-0.0000319
145.9776044,-21.7997901,22.6945351,6.1226522,0.0022665,8.4967220,-0.0000348
146.1775738,-21.6023861,22.6626166,6.1231130,0.0023450,8.4967212,-0.0000376
146.3775431,-21.4049670,22.6307906,6.1235906,0.0024333,8.4967203,-0.0000404
146.5775124,-21.2075325,22.5990607,6.1240866,0.0025293,8.4967193,-0.0000432
146.7774817,-21.0100820,22.5674307,6.1246024,0.0026306,8.4967183,-0.0000459
146.9774511,-20.8126148,22.5359046,6.1251388,0.0027342,8.4967172,-0.0000486
147.1774204,-20.6151304,22.5044865,6.1256959,0.0028365,8.4967161,-0.0000513
147.3773897,-20.4176283,22.4731803,6.1262730,0.0029330,8.4967149,-0.0000539
147.5773590,-20.2201079,22.4419900,6.1268684,0.0030186,8.4967136,-0.0000565
147.7773283,-20.0225687,22.4109189,6.1274794,0.0030876,8.4967123,-0.0000590
147.9772977,-19.8250105,22.3799698,6.1281020,0.0031332,8.4967109,-0.0000616
148.1772670,-19.6274330,22.3491443,6.1287308,0.0031479,8.4967095,-0.0000642
148.3772363,-19.4298361,22.3184432,6.1293589,0.0031236,8.4967079,-0.0000668
148.5772056,-19.2322203,22.2878654,6.1299775,0.0030512,8.4967064,-0.0000692
148.7771749,-19.0345859,22.2574081,6.1305761,0.0029208,8.4967047,-0.0000716
148.9771443,-18.8369339,22.2270662,6.1311421,0.0027224,8.4967031,-0.0000738
149.1771136,-18.6392655,22.1968317,6.1316608,0.0024451,8.4967013,-0.0000755
149.3770829,-18.4415825,22.1666937,6.1321154,0.0020781,8.4966995,-0.0000766
149.5770522,-18.2438871,22.1366377,6.1324868,0.0016106,8.4966977,-0.0000768
149.7770215,-18.0461822,22.1066452,6.1327539,0.0010322,8.4966959,-0.0000754
149.9769909,-17.8484713,22.0766933,6.1328935,0.0003335,8.4966942,-0.0000720
150.1769602,-17.6507585,22.0467544,6.1328807,-0.0004937,8.4966925,-0.0000658
150.3769295,-17.4530490,22.0167958,6.1326892,-0.0014554,8.4966909,-0.0000562
150.5768988,-17.2553484,21.9867795,6.1322917,-0.0025551,8.4966896,-0.0000427
150.7768682,-17.0576635,21.9566619,6.1316605,-0.0037926,8.4966886,-0.0000254
150.9768375,-16.8600017,21.9263943,6.1307683,-0.0051639,8.4966880,-0.0000048
151.1768068,-16.6623716,21.8959224,6.1295892,-0.0066592,8.4966879,0.0000173
151.3767761,-16.4647825,21.8651873,6.1280997,-0.0082648,8.4966883,0.0000363
151.5767454,-16.2672452,21.8341256,6.1262798,-0.0099546,8.4966891,0.0000444
151.7767148,-16.0697693,21.8026706,6.1241153,-0.0117197,8.4966902,0.0000315
151.9766841,-15.8723718,21.7707536,6.1215935,-0.0134652,8.4966909,-0.0000083
152.1766534,-15.6750510,21.7383036,6.1187286,-0.0152897,8.4966907,-0.0000736
152.3766227,-15.4778547,21.7052561,6.1155344,-0.0157619,8.4966890,-0.0002019
152.5765920,-15.2808127,21.6715975,6.1124432,-0.0165615,8.4966842,-0.0004763
152.7765614,-15.0838373,21.6372724,6.1087437,-0.0203788,8.4966730,-0.0043722
152.9765307,-14.8869500,21.6021361,6.1043181,-0.0236167,8.4965701,-0.3144785
153.1765000,-14.6902350,21.5660730,6.0993470,-0.0259307,8.4891656,-3.2610201
153.3764693,-14.4937101,21.5289903,6.0939234,-0.0293092,8.4119988,-7.9434471
153.5764387,-14.2974095,21.4907473,6.0873846,-0.0370810,8.2209995,-7.6576241
153.7764080,-14.1014030,21.4510395,6.0788554,-0.0483061,8.0325745,-7.2678517
153.9763773,-13.9057922,21.4094392,6.0680323,-0.0600804,7.8495578,-6.8491260
154.1763466,-13.7106995,21.3654895,6.0547666,-0.0726842,7.6730912,-6.4142901
154.3763159,-13.5162709,21.3187071,6.0389104,-0.0859649,7.5040659,-5.9691267
154.5762853,-13.3226804,21.2685877,6.0203335,-0.0998644,7.3432773,-5.5199044
154.7762546,-13.1301344,21.2146117,5.9989349,-0.1141787,7.1913905,-5.0632098
154.9762239,-12.9388744,21.1562549,5.9746643,-0.1286036,7.0491932,-4.6260754
155.1761932,-12.7491764,21.0930013,5.9475355,-0.1427526,6.9167173,-4.2197567
155.3761625,-12.5613590,21.0243627,5.9176362,-0.1562575,6.7936245,-3.8455676
155.5761319,-12.3757762,20.9498946,5.8851260,-0.1687841,6.6794718,-3.5090867
155.7761012,-12.1928112,20.8692115,5.8502265,-0.1800618,6.5735777,-3.2141385
155.9760705,-12.0128691,20.7819992,5.8132076,-0.1898946,6.4750649,-2.9640613
156.1760398,-11.8363683,20.6880234,5.7743735,-0.1981467,6.3828695,-2.7651529
156.3760091,-11.6637308,20.5871346,5.7340456,-0.2048074,6.2956439,-2.6803733
156.5759785,-11.4953700,20.4792651,5.6925208,-0.2102483,6.2099233,-2.7659278
156.7759478,-11.3316557,20.3643916,5.6500305,-0.2142664,6.1202080,-2.9336227
156.9759171,-11.1729895,20.2425806,5.6066720,-0.2196030,6.0235933,-3.1081207
157.1758864,-11.0198322,20.1139138,5.5620311,-0.2267098,5.9195117,-3.2853508
157.3758558,-10.8726700,19.9784290,5.5158551,-0.2347892,5.8074676,-3.4682549
157.5758251,-10.7320365,19.8361780,5.4679935,-0.2434271,5.6867909,-3.6536085
157.7757944,-10.5984996,19.6872425,5.4183460,-0.2528180,5.5568311,-3.6744840
157.9757637,-10.4726745,19.5317389,5.3665918,-0.2656124,5.4229884,-3.3179275
158.1757330,-10.3553080,19.3697705,5.3117229,-0.2833096,5.2992298,-2.6934299
158.3757024,-10.2473344,19.2014378,5.2530833,-0.3023141,5.1965979,-2.0052548
158.5756717,-10.1497804,19.0269747,5.1908713,-0.3189298,5.1188525,-1.3530466
158.7756410,-10.0636233,18.8468648,5.1259338,-0.3302995,5.0657196,-0.7651118
158.9756103,-9.9894099,18.6612610,5.0595228,-0.3328081,5.0354262,-0.3428386
159.1755796,-9.9275170,18.4706686,4.9935274,-0.3243181,5.0217928,-0.1841877
159.3755490,-9.8782556,18.2771726,4.9303717,-0.3073329,5.0144530,-0.2015602
159.5755183,-9.8409816,18.0811032,4.8704668,-0.2995045,5.0064086,-0.2930908
159.7754876,-9.8156375,17.8832956,4.8085023,-0.3205260,4.9946881,-0.3984084
159.9754569,-9.8028729,17.6835231,4.7433097,-0.3349413,4.9787117,-0.5427932
160.1754262,-9.8035271,17.4841996,4.6741773,-0.3566761,4.9568625,-0.6367807
160.3753956,-9.8183866,17.2847774,4.6014334,-0.3695269,4.9311067,-0.4802051
160.5753649,-9.8479724,17.0867032,4.5266047,-0.3764865,4.9115945,-0.1299215
160.7753342,-9.8923373,16.8914569,4.4514371,-0.3738284,4.9063020,0.2942875
160.9753035,-9.9509561,16.7004914,4.3780741,-0.3606856,4.9182819,0.6443524
161.1752729,-10.0232042,16.5140983,4.3076839,-0.3434768,4.9444108,0.9010220
161.3752422,-10.1081104,16.3330381,4.2406332,-0.3274216,4.9807180,1.0511653
161.5752115,-10.2047152,16.1579017,4.1764099,-0.3151704,5.0227436,1.1179436
161.7751808,-10.3121818,15.9892021,4.1142463,-0.3066002,5.0670565,1.1318378
161.9751501,-10.4297926,15.8274223,4.0535255,-0.3005558,5.1115289,1.1160418
162.1751195,-10.5569035,15.6730251,3.9938754,-0.2958023,5.1550049,1.0848053
162.3750888,-10.6928991,15.5264445,3.9351412,-0.2914811,5.1969156,1.0460269
162.5750581,-10.8371688,15.3880630,3.8773704,-0.2861707,5.2370104,1.0038718
162.7750274,-10.9890846,15.2581878,3.8206699,-0.2809156,5.2752029,0.9563448
162.9749967,-11.1481106,15.1369615,3.7655066,-0.2729323,5.3113317,0.9169556
163.1749661,-11.3133983,15.0247916,3.7098795,-0.2810929,5.3457432,0.9004483
163.3749354,-11.4845986,14.9220624,3.6545138,-0.2740143,5.3793210,0.9403701
163.5749047,-11.6613040,14.8287941,3.6000447,-0.2725526,5.4141652,1.0617407
163.7748740,-11.8429034,14.7452482,3.5455478,-0.2715184,5.4532390,1.2705186
163.9748434,-12.0288263,14.6716466,3.4917505,-0.2648315,5.4996314,1.5486025
164.1748127,-12.2184150,14.6079758,3.4398646,-0.2522940,5.5556540,1.8561859
164.3747820,-12.4109919,14.5539453,3.3909545,-0.2354669,5.6220683,2.1526892
164.5747513,-12.6059153,14.5090442,3.3456667,-0.2166102,5.6981221,2.4168382
164.7747206,-12.8026166,14.4726343,3.3042163,-0.1974608,5.7823164,2.6472617
164.9746900,-13.0006147,14.4440274,3.2665610,-0.1788465,5.8731529,2.8516617
165.1746593,-13.1995131,14.4225277,3.2325641,-0.1610171,5.9694568,3.0382231
165.3746286,-13.3989926,14.4074504,3.2020631,-0.1440183,6.0703803,3.2126346
165.5745979,-13.5988009,14.3981294,3.1748891,-0.1278819,6.1753036,3.3782351
165.7745672,-13.7987463,14.3939248,3.1508530,-0.1126783,6.2837458,3.5369139
165.9745366,-13.9986877,14.3942283,3.1297755,-0.0983190,6.3953115,3.6962329
166.1745059,-14.1986552,14.3984712,3.1114126,-0.0853568,6.5098599,3.8428362
166.3744752,-14.3985614,14.4061303,3.0956011,-0.0727944,6.6268525,3.9893965
166.5744445,-14.5983314,14.4166874,3.0825030,-0.0576631,6.7461610,4.1342501
166.7744138,-14.7978491,14.4295770,3.0718591,-0.0503718,6.8676149,4.2656683
166.9743832,-14.9971888,14.4444818,3.0621411,-0.0475879,6.9907182,4.3840994
167.1743525,-15.1964419,14.4612765,3.0530429,-0.0426120,7.1150201,4.4920494
167.3743218,-15.3955492,14.4797733,3.0450205,-0.0380806,7.2401696,4.5852834
167.5742911,-15.5945017,14.4997855,3.0377865,-0.0343558,7.3657238,4.6605580
167.7742605,-15.7933164,14.5211663,3.0312366,-0.0313849,7.4911831,4.7153170
167.9742298,-15.9919916,14.5437958,3.0251899,-0.0293018,7.6160135,4.7466354
168.1741991,-16.1905319,14.5675908,3.0194699,-0.0281412,7.7396398,4.7516995
168.3741684,-16.3889351,14.5925044,3.0138876,-0.0279171,7.8614511,4.7288938
168.5741377,-16.5871964,14.6185267,3.0082629,-0.0285316,7.9808321,4.6781821
168.7741071,-16.7853061,14.6456808,3.0024447,-0.0297998,8.0972011,4.5989404
168.9740764,-16.9832507,14.6740156,2.9963265,-0.0314638,8.2099915,4.4831461
169.1740457,-17.1810133,14.7035954,2.9898543,-0.0332928,8.3184700,4.2714363
169.3740150,-17.3785749,14.7344905,2.9830281,-0.0348610,8.4205259,2.5899877
169.5739843,-17.5759165,14.7667632,2.9758857,-0.0368287,8.4818095,0.6233615
169.7739537,-17.7730146,14.8004898,2.9682529,-0.0397211,8.4964933,0.0079360
169.9739230,-17.9698390,14.8357799,2.9600196,-0.0423932,8.4966801,-0.0000156
170.1738923,-18.1663583,14.8727349,2.9513686,-0.0437618,8.4966797,0.0003063
170.3738616,-18.3625481,14.9114060,2.9425863,-0.0437830,8.4966869,0.0004503
170.5738309,-18.5583933,14.9517916,2.9339127,-0.0427335,8.4966975,0.0005058
170.7738003,-18.7538877,14.9938481,2.9255372,-0.0408598,8.4967094,0.0005034
170.9737696,-18.9490333,15.0374997,2.9176011,-0.0383886,8.4967213,0.0004649
171.1737389,-19.1438392,15.0826478,2.9102036,-0.0355178,8.4967322,0.0004056
171.3737082,-19.3383204,15.1291781,2.9034069,-0.0324184,8.4967418,0.0003359
171.5736776,-19.5324965,15.1769683,2.8972418,-0.0292329,8.4967497,0.0002633
171.7736469,-19.7263905,15.2258930,2.8917134,-0.0260748,8.4967559,0.0001928
171.9736162,-19.9200269,15.2758283,2.8868071,-0.0230292,8.4967604,0.0001272
172.1735855,-20.1134312,15.3266552,2.8824940,-0.0201549,8.4967634,0.0000681
172.3735548,-20.3066290,15.3782615,2.8787356,-0.0174886,8.4967650,0.0000160
172.5735242,-20.4996449,15.4305434,2.8754881,-0.0150470,8.4967654,-0.0000297
172.7734935,-20.6925021,15.4834062,2.8727061,-0.0128340,8.4967647,-0.0000696
172.9734628,-20.8852225,15.5367640,2.8703446,-0.0108341,8.4967630,-0.0001045
173.1734321,-21.0778264,15.5905395,2.8683626,-0.0090447,8.4967606,-0.0001355
173.3734014,-21.2703320,15.6446633,2.8667187,-0.0074294,8.4967574,-0.0001607
173.5733708,-21.4627557,15.6990741,2.8653507,-0.0066055,8.4967536,-0.0001741
173.7733401,-21.6551060,15.7537379,2.8640971,-0.0054207,8.4967495,-0.0001708
173.9733094,-21.8473957,15.8086086,2.8632171,-0.0035267,8.4967455,-0.0001557
174.1732787,-22.0396462,15.8636157,2.8626626,-0.0021187,8.4967418,-0.0001376
174.3732481,-22.2318738,15.9187045,2.8623638,-0.0008302,8.4967386,-0.0001208
174.5732174,-22.4240927,15.9738251,2.8623378,0.0006060,8.4967357,-0.0001049
174.7731867,-22.6163187,16.0289222,2.8626146,0.0022156,8.4967333,-0.0000881
174.9731560,-22.8085696,16.0839340,2.8632353,0.0040572,8.4967312,-0.0000675
175.1731253,-23.0008656,16.1387895,2.8642508,0.0061768,8.4967296,-0.0000392
175.3730947,-23.1932297,16.1934070,2.8657214,0.0086204,8.4967287,0.0000025
175.5730640,-23.3856882,16.2476923,2.8677161,0.0114278,8.4967287,0.0000655
175.7730333,-23.5782708,16.3015373,2.8703112,0.0146324,8.4967303,0.0001594
175.9730026,-23.7710106,16.3548179,2.8735889,0.0182586,8.4967340,0.0002963
176.1729719,-23.9639441,16.4073938,2.8776351,0.0223187,8.4967410,0.0004884
176.3729413,-24.1571107,16.4591075,2.8825366,0.0268100,8.4967525,0.0007456
176.5729106,-24.3505521,16.5097842,2.8883783,0.0317115,8.4967701,0.0010693
176.7728799,-24.5443113,16.5592326,2.8952384,0.0369801,8.4967952,0.0014427
176.9728492,-24.7384309,16.6072462,2.9031841,0.0425474,8.4968292,0.0018175
177.1728185,-24.9329520,16.6536060,2.9122662,0.0483179,8.4968719,0.0021011
177.3727879,-25.1279118,16.6980840,2.9225134,0.0541677,8.4969214,0.0021535
177.5727572,-25.3233417,16.7404476,2.9339270,0.0599473,8.4969721,0.0018064
177.7727265,-25.5192650,16.7804660,2.9464760,0.0654868,8.4970146,0.0009012
177.9726958,-25.7156951,16.8179164,2.9600936,0.0706036,8.4970358,-0.0006953
178.1726652,-25.9126341,16.8525915,2.9746763,0.0751127,8.4970194,-0.0031527
178.3726345,-26.1100714,16.8843072,2.9900838,0.0788356,8.4969452,-0.0069700
178.5726038,-26.3079839,16.9129099,3.0061413,0.0816062,8.4967812,-0.0136119
178.7725731,-26.5063369,16.9382836,3.0226418,0.0832753,8.4964608,-0.0266617
178.9725424,-26.7050851,16.9603560,3.0393537,0.0837222,8.4958333,-0.1672538
179.1725118,-26.9041753,16.9791053,3.0560047,0.0826663,8.4918957,-1.5432997
179.3724811,-27.1035481,16.9945722,3.0722367,0.0798782,8.4554756,-5.0185412
179.5724504,-27.3031451,17.0068231,3.0884133,0.0819325,8.3359438,-4.9841815
179.7724197,-27.5029075,17.0157702,3.1054822,0.0887751,8.2155092,-4.8290288
179.9723890,-27.7027946,17.0211753,3.1238324,0.0947256,8.0971153,-4.6887196
180.1723584,-27.9027475,17.0227951,3.1433376,0.1003350,7.9804810,-4.5655550
180.3723277,-28.1026917,17.0204048,3.1639322,0.1056120,7.8652486,-4.4485841
180.5722970,-28.3025406,17.0137926,3.1855760,0.1108718,7.7513208,-4.3264947
180.7722663,-28.5021910,17.0027519,3.2082716,0.1161168,7.6388901,-4.1907195
180.9722356,-28.7015354,16.9870764,3.2320596,0.1219865,7.5283870,-4.0375965
181.1722050,-28.9004263,16.9665498,3.2569528,0.1264871,7.4203652,-3.8659215
181.3721743,-29.0987323,16.9409942,3.2827784,0.1327821,7.3154418,-3.6803312
181.5721436,-29.2963354,16.9101716,3.3101803,0.1418082,7.2141377,-3.4895225
181.7721129,-29.4930176,16.8737491,3.3395400,0.1513045,7.1167540,-3.3010954
181.9720823,-29.6885070,16.8313892,3.3707215,0.1603469,7.0233861,-3.1215352
182.1720516,-29.8825336,16.7827796,3.4037255,0.1694149,6.9339404,-2.9584279
182.3720209,-30.0747963,16.7276221,3.4385235,0.1782062,6.8480902,-2.8226785
182.5719902,-30.2649645,16.6656474,3.4750235,0.1863562,6.7651638,-2.7530934
182.7719595,-30.4526874,16.5966294,3.5130475,0.1933467,6.6832906,-2.8177093
182.9719289,-30.6376044,16.5204055,3.5523019,0.1988217,6.5984439,-2.9927928
183.1718982,-30.8193551,16.4368860,3.5925444,0.2033565,6.5071137,-3.1789563
183.3718675,-30.9975762,16.3460344,3.6336497,0.2073317,6.4086770,-3.3633626
183.5718368,-31.1718947,16.2478606,3.6754672,0.2103018,6.3028567,-3.5462714
183.7718061,-31.3419279,16.1424437,3.7177318,0.2116566,6.1893224,-3.7304849
183.9717755,-31.5072932,16.0299645,3.7600340,0.2107276,6.0675981,-3.9183936
184.1717448,-31.6676367,15.9107308,3.8018301,0.2069796,5.9370556,-4.1098732
184.3717141,-31.8226904,15.7851665,3.8425346,0.2003627,5.7969761,-4.3360812
184.5716834,-31.9730155,15.6531139,3.8819755,0.1939921,5.6454199,-4.4491511
184.7716528,-32.1179945,15.5154158,3.9205174,0.1960082,5.4855609,-3.8420520
184.9716221,-32.2572009,15.3723205,3.9621103,0.2257437,5.3436685,-2.7344114
185.1715914,-32.3898598,15.2231242,4.0098884,0.2512880,5.2403432,-1.8589136
185.3715607,-32.5148948,15.0673539,4.0630838,0.2797493,5.1689211,-1.2878074
185.5715300,-32.6312276,14.9046034,4.1211807,0.2996579,5.1188574,-0.8859533
185.7714994,-32.7377172,14.7350183,4.1825995,0.3129178,5.0841297,-0.5680220
185.9714687,-32.8332103,14.5594845,4.2459818,0.3209976,5.0617389,-0.3520137
186.1714380,-32.9172609,14.3782089,4.3106598,0.3258756,5.0478130,-0.1985168
186.3714073,-32.9893721,14.1917550,4.3761607,0.3288226,5.0399427,-0.0893695
186.5713766,-33.0490890,14.0009166,4.4421445,0.3305713,5.0363955,-0.0179695
186.7713460,-33.0960678,13.8065292,4.5084079,0.3316603,5.0356820,0.0220687
186.9713153,-33.1300539,13.6094511,4.5748488,0.3324526,5.0365583,0.0374246
187.1712846,-33.1508652,13.4105561,4.6414395,0.3333224,5.0380439,0.0343277
187.3712539,-33.1583788,13.2107237,4.7081955,0.3341921,5.0394063,0.0175559
187.5712232,-33.1525253,13.0108500,4.7751907,0.3358449,5.0401029,-0.0098612
187.7711926,-33.1332768,12.8118182,4.8424279,0.3367118,5.0397116,-0.0463557
187.9711619,-33.1006514,12.6145577,4.9104019,0.3432873,5.0378719,-0.0914391
188.1711312,-33.0546064,12.4200123,4.9791721,0.3431676,5.0342411,-0.1450780
188.3711005,-32.9953578,12.2290547,5.0470832,0.3365374,5.0284750,-0.2080063
188.5710699,-32.9233805,12.0425133,5.1141639,0.3355740,5.0201964,-0.2813800
188.7710392,-32.8390689,11.8612144,5.1811842,0.3353859,5.0089756,-0.3662280
188.9710085,-32.7427974,11.6859649,5.2483032,0.3367341,4.9943336,-0.4636327
189.1709778,-32.6349529,11.5175768,5.3158081,0.3390658,4.9757355,-0.5638539
189.3709471,-32.5159414,11.3568766,5.3840065,0.3437662,4.9530230,-0.4911511
189.5709165,-32.3861720,11.2047312,5.4533775,0.3507947,4.9331538,-0.2583738
189.7708858,-32.2460809,11.0620539,5.5240847,0.3569275,4.9226692,0.0377417
189.9708551,-32.0962273,10.9297319,5.5956413,0.3593692,4.9242021,0.3614248
190.1708244,-31.9373681,10.8085298,5.6671520,0.3571230,4.9388576,0.6817083
190.3707937,-31.7699476,10.6987106,5.7379215,0.3504083,4.9663826,0.9107680
190.5707631,-31.5951210,10.6008145,5.8072618,0.3416002,5.0029199,1.0566239
190.7707324,-31.4140705,10.5151212,5.8745785,0.3293158,5.0449769,1.1377482
190.9707017,-31.2283151,10.4417232,5.9384944,0.3082192,5.0898744,1.1759507
191.1706710,-31.0385956,10.3798815,5.9962700,0.2675134,5.1358670,1.1822585
191.3706403,-30.8452657,10.3280525,6.0438888,0.1970606,5.1816948,1.1694366
191.5706097,-30.6514999,10.2844632,6.0799875,0.2037065,5.2266302,1.1127800
191.7705790,-30.4546776,10.2485876,6.1274228,0.2547070,5.2690329,1.0124510
191.9705483,-30.2574152,10.2230197,6.1825623,0.2971646,5.3073181,0.9322148
192.1705176,-30.0581962,10.2090734,6.2447240,0.3182275,5.3423267,0.9049143
192.3704870,-29.8579484,10.2077951,0.0256482,0.3174134,5.3760919,1.0118933
192.5704563,-29.6579960,10.2192483,0.0882844,0.3035120,5.4135995,1.3017399
192.7704256,-29.4591570,10.2428367,0.1470170,0.2787336,5.4614719,1.7559848
192.9703949,-29.2619825,10.2774905,0.1997966,0.2448256,5.5253925,2.2856581
193.1703642,-29.0667667,10.3217738,0.2450491,0.2057142,5.6075026,2.7966215
193.3703336,-28.8735619,10.3740629,0.2822716,0.1665258,5.7063615,3.2455375
193.5703029,-28.6822472,10.4327610,0.3119227,0.1305897,5.8189843,3.6383492
193.7702722,-28.4926017,10.4964260,0.3347675,0.0984445,5.9427009,3.9933256
193.9702415,-28.3043429,10.5637918,0.3515462,0.0696612,6.0755888,4.3266623
194.1702108,-28.1170490,10.6337910,0.3629340,0.0441258,6.2163638,4.6287076
194.3701802,-27.9302356,10.7055267,0.3696236,0.0226188,6.3635193,4.8873292
194.5701495,-27.7437488,10.7781338,0.3723809,0.0051651,6.5152905,5.1190223
194.7701188,-27.5573749,10.8509122,0.3715614,-0.0138676,6.6705550,5.3256819
194.9700881,-27.3709999,10.9231588,0.3678761,-0.0207199,6.8283417,5.4873185
195.1700575,-27.1844488,10.9946663,0.3646304,-0.0093013,6.9871912,5.4799082
195.3700268,-26.9976906,11.0657686,0.3628526,-0.0100473,7.1423013,5.3602955
195.5699961,-26.8106743,11.1365326,0.3604980,-0.0137728,7.2908338,5.1128017
195.7699654,-26.6234164,11.2067644,0.3568282,-0.0233537,7.4297419,4.7400050
195.9699347,-26.4358796,11.2760876,0.3508872,-0.0365287,7.5562408,4.2498010
196.1699041,-26.2478641,11.3440234,0.3420720,-0.0518292,7.6678834,3.6899693
196.3698734,-26.0591572,11.4100069,0.3301651,-0.0670951,7.7635170,3.1277837
196.5698427,-25.8695689,11.4734627,0.3153506,-0.0806333,7.8436674,2.6245695
196.7698120,-25.6789618,11.5338678,0.2980818,-0.0915410,7.9102961,2.2175348
196.9697813,-25.4872597,11.5907882,0.2789107,-0.0997123,7.9661573,1.9160846
197.1697507,-25.2944434,11.6438872,0.2583484,-0.1055869,8.0141113,1.7093258
197.3697200,-25.1005378,11.6929123,0.2367981,-0.1097107,8.0566497,1.5793470
197.5696893,-24.9055995,11.7376782,0.2145664,-0.1124952,8.0957548,1.5054190
197.7696586,-24.7097745,11.7780390,0.1918957,-0.1142325,8.1328545,1.4728451
197.9696279,-24.5130841,11.8139205,0.1689530,-0.1152329,8.1689883,1.4587632
198.1695973,-24.3156082,11.8452655,0.1458581,-0.1157562,8.2046197,1.4466601
198.3695666,-24.1174505,11.8720344,0.1226836,-0.1160347,8.2398034,1.4237155
198.5695359,-23.9187178,11.8942000,0.0994594,-0.1162618,8.2742830,1.3812655
198.7695052,-23.7195180,11.9117400,0.0761821,-0.1165670,8.3075978,1.3153859
198.9694746,-23.5199599,11.9246322,0.0528303,-0.1170018,8.3391999,1.2266083
199.1694439,-23.3201525,11.9328518,0.0293795,-0.1175446,8.3685615,1.1188909
199.3694132,-23.1202064,11.9363728,0.0058154,-0.1181220,8.3952552,0.9981959
199.5693825,-22.9202330,11.9351705,6.2653265,-0.1186359,8.4189980,0.8710064
199.7693518,-22.7203456,11.9292255,6.2415652,-0.1189874,8.4396609,0.7428697
199.9693212,-22.5206577,11.9185279,6.2177582,-0.1190913,8.4572442,0.6165516
200.1692905,-22.3212830,11.9030799,6.1939625,-0.1188789,8.4718098,0.4884656
200.3692598,-22.1223335,11.8828994,6.1702464,-0.1182974,8.4833318,0.3426409
200.5692291,-21.9239187,11.8580213,6.1466899,-0.1172976,8.4914047,0.1637709
200.7691984,-21.7261431,11.8284991,6.1233702,-0.1159366,8.4952605,0.0372991
200.9691678,-21.5291059,11.7944024,6.1003564,-0.1142262,8.4961385,0.0055217
201.1691371,-21.3328990,11.7558187,6.0777507,-0.1118373,8.4962684,0.0028826
201.3691064,-21.1376028,11.7128642,6.0557414,-0.1082552,8.4963363,0.0044040
201.5690757,-20.9432796,11.6657032,6.0346259,-0.1028926,8.4964399,0.0045826
201.7690451,-20.7499633,11.6145689,6.0148248,-0.0951129,8.4965478,0.0036834
201.9690144,-20.5576477,11.5597895,5.9969397,-0.0837517,8.4966345,0.0025808
202.1689837,-20.3662690,11.5018165,5.9816468,-0.0690937,8.4966952,0.0018583
202.3689530,-20.1757112,11.4411963,5.9691842,-0.0555051,8.4967389,0.0008033
202.5689223,-19.9858362,11.3784685,5.9595096,-0.0412790,8.4967578,-0.0001321
202.7688917,-19.7964889,11.3141635,5.9524844,-0.0290068,8.4967547,-0.0001474
202.9688610,-19.6075227,11.2487465,5.9476713,-0.0191759,8.4967513,-0.0002206
203.1688303,-19.4188130,11.1825925,5.9446063,-0.0115278,8.4967461,-0.0002232
203.3687996,-19.2302598,11.1159934,5.9428925,-0.0056635,8.4967408,-0.0001942
203.5687689,-19.0417849,11.0491730,5.9422123,-0.0011872,8.4967363,-0.0001594
203.7687383,-18.8533279,10.9823018,5.9423189,0.0022095,8.4967325,-0.0001268
203.9687076,-18.6648430,10.9155094,5.9430197,0.0047601,8.4967295,-0.0000984
204.1686769,-18.4762959,10.8488930,5.9441627,0.0066371,8.4967272,-0.0000744
204.3686462,-18.2876616,10.7825240,5.9456266,0.0079713,8.4967254,-0.0000546
204.5686155,-18.0989225,10.7164536,5.9473127,0.0088642,8.4967242,-0.0000388
204.7685849,-17.9100673,10.6507161,5.9491411,0.0093974,8.4967232,-0.0000267
204.9685542,-17.7210893,10.5853322,5.9510467,0.0096384,8.4967226,-0.0000178
205.1685235,-17.5319861,10.5203116,5.9529766,0.0096441,8.4967222,-0.0000116
205.3684928,-17.3427582,10.4556550,5.9548887,0.0094633,8.4967219,-0.0000073
205.5684622,-17.1534084,10.3913559,5.9567498,0.0091379,8.4967218,-0.0000044
205.7684315,-16.9639417,10.3274025,5.9585348,0.0087039,8.4967217,-0.0000027
205.9684008,-16.7743640,10.2637786,5.9602250,0.0081924,8.4967216,-0.0000019
206.1683701,-16.5846825,10.2004652,5.9618075,0.0076296,8.4967215,-0.0000017
206.3683394,-16.3949046,10.1374412,5.9632743,0.0070375,8.4967215,-0.0000019
206.5683088,-16.2050381,10.0746842,5.9646214,0.0064343,8.4967215,-0.0000022
206.7682781,-16.0150911,10.0121716,5.9658480,0.0058350,8.4967214,-0.0000025
206.9682474,-15.8250713,9.9498808,5.9669562,0.0052511,8.4967213,-0.0000028
207.1682167,-15.6349861,9.8877896,5.9679500,0.0046917,8.4967213,-0.0000031
207.3681860,-15.4448427,9.8258768,5.9688349,0.0041635,8.4967212,-0.0000033
207.5681554,-15.2546477,9.7641226,5.9696177,0.0036710,8.4967211,-0.0000034
207.7681247,-15.0644074,9.7025081,5.9703058,0.0032173,8.4967211,-0.0000034
207.9680940,-14.8741275,9.6410161,5.9709072,0.0028038,8.4967210,-0.0000033
208.1680633,-14.6838131,9.5796310,5.9714299,0.0024310,8.4967209,-0.0000032
208.3680326,-14.4934688,9.5183385,5.9718821,0.0020980,8.4967208,-0.0000031
208.5680020,-14.3030988,9.4571260,5.9722715,0.0018037,8.4967207,-0.0000029
208.7679713,-14.1127066,9.3959823,5.9726058,0.0015462,8.4967207,-0.0000027
208.9679406,-13.9222955,9.3348975,5.9728921,0.0013230,8.4967206,-0.0000026
209.1679099,-13.7318683,9.2738632,5.9731369,0.0011318,8.4967206,-0.0000024
209.3678793,-13.5414272,9.2128721,5.9733465,0.0009696,8.4967205,-0.0000022
209.5678486,-13.3509742,9.1519180,5.9735263,0.0008338,8.4967204,-0.0000020
209.7678179,-13.1605111,9.0909956,5.9736813,0.0007215,8.4967204,-0.0000019
209.9677872,-12.9700391,9.0301009,5.9738161,0.0006299,8.4967204,-0.0000018
210.1677565,-12.7795595,8.9692301,5.9739343,0.0005566,8.4967203,-0.0000017
210.3677259,-12.5890730,8.9083806,5.9740395,0.0004989,8.4967203,-0.0000016
210.5676952,-12.3985805,8.8475501,5.9741346,0.0004546,8.4967202,-0.0000015
210.7676645,-12.2080825,8.7867369,5.9742220,0.0004215,8.4967202,-0.0000014
210.9676338,-12.0175793,8.7259399,5.9743037,0.0003977,8.4967202,-0.0000014
211.1676031,-11.8270713,8.6651580,5.9743814,0.0003814,8.4967201,-0.0000013
211.3675725,-11.6365586,8.6043906,5.9744565,0.0003712,8.4967201,-0.0000012
211.5675418,-11.4460414,8.5436374,5.9745301,0.0003655,8.4967201,-0.0000012
211.7675111,-11.2555198,8.4828981,5.9746029,0.0003633,8.4967200,-0.0000011
211.9674804,-11.0649938,8.4221726,5.9746755,0.0003636,8.4967200,-0.0000011
212.1674498,-10.8744633,8.3614610,5.9747484,0.0003654,8.4967200,-0.0000011
212.3674191,-10.6839284,8.3007634,5.9748217,0.0003681,8.4967200,-0.0000010
212.5673884,-10.4933891,8.2400797,5.9748956,0.0003712,8.4967199,-0.0000010
212.7673577,-10.3028452,8.1794102,5.9749701,0.0003740,8.4967199,-0.0000009
212.9673270,-10.1122968,8.1187550,5.9750452,0.0003764,8.4967199,-0.0000009
213.1672964,-9.9217438,8.0581141,5.9751206,0.0003779,8.4967199,-0.0000009
213.3672657,-9.7311862,7.9974876,5.9751963,0.0003785,8.4967199,-0.0000008
213.5672350,-9.5406241,7.9368755,5.9752720,0.0003780,8.4967198,-0.0000008
213.7672043,-9.3500574,7.8762778,5.9753474,0.0003764,8.4967198,-0.0000007
213.9671736,-9.1594861,7.8156944,5.9754224,0.0003735,8.4967198,-0.0000007
214.1671430,-8.9689103,7.7551253,5.9754967,0.0003695,8.4967198,-0.0000006
214.3671123,-8.7783300,7.6945703,5.9755702,0.0003644,8.4967198,-0.0000006
214.5670816,-8.5877453,7.6340292,5.9756424,0.0003582,8.4967198,-0.0000006
214.7670509,-8.3971563,7.5735017,5.9757134,0.0003511,8.4967197,-0.0000005
214.9670202,-8.2065630,7.5129875,5.9757828,0.0003430,8.4967197,-0.0000005
215.1669896,-8.0159655,7.4524865,5.9758505,0.0003341,8.4967197,-0.0000004
215.3669589,-7.8253641,7.3919982,5.9759164,0.0003245,8.4967197,-0.0000004
215.5669282,-7.6347587,7.3315223,5.9759803,0.0003142,8.4967197,-0.0000003
215.7668975,-7.4441495,7.2710583,5.9760420,0.0003034,8.4967197,-0.0000003
215.9668669,-7.2535366,7.2106059,5.9761016,0.0002920,8.4967197,-0.0000003
216.1668362,-7.0629202,7.1501646,5.9761588,0.0002803,8.4967197,-0.0000002
216.3668055,-6.8723004,7.0897340,5.9762136,0.0002682,8.4967197,-0.0000002
216.5667748,-6.6816774,7.0293137,5.9762660,0.0002557,8.4967197,-0.0000001
216.7667441,-6.4910513,6.9689030,5.9763159,0.0002431,8.4967197,-0.0000001
216.9667135,-6.3004223,6.9085017,5.9763632,0.0002302,8.4967197,-0.0000000
217.1666828,-6.1097905,6.8481091,5.9764080,0.0002172,8.4967197,-0.0000000
217.3666521,-5.9191560,6.7877248,5.9764501,0.0002040,8.4967197,0.0000000
217.5666214,-5.7285191,6.7273483,5.9764896,0.0001908,8.4967197,0.0000001
217.7665907,-5.5378799,6.6669791,5.9765264,0.0001776,8.4967197,0.0000001
217.9665601,-5.3472386,6.6066166,5.9765606,0.0001643,8.4967197,0.0000002
218.1665294,-5.1565953,6.5462604,5.9765921,0.0001510,8.4967197,0.0000002
218.3664987,-4.9659501,6.4859099,5.9766210,0.0001378,8.4967197,0.0000003
218.5664680,-4.7753033,6.4255647,5.9766472,0.0001246,8.4967197,0.0000003
218.7664373,-4.5846550,6.3652243,5.9766708,0.0001115,8.4967197,0.0000004
218.9664067,-4.3940054,6.3048881,5.9766918,0.0000984,8.4967197,0.0000004
219.1663760,-4.2033545,6.2445557,5.9767102,0.0000854,8.4967197,0.0000005
219.3663453,-4.0127027,6.1842265,5.9767260,0.0000725,8.4967197,0.0000005
219.5663146,-3.8220499,6.1239001,5.9767392,0.0000597,8.4967197,0.0000006
219.7662840,-3.6313965,6.0635759,5.9767499,0.0000469,8.4967197,0.0000006
219.9662533,-3.4407425,6.0032536,5.9767580,0.0000341,8.4967198,0.0000007
220.1662226,-3.2500881,5.9429326,5.9767635,0.0000214,8.4967198,0.0000007
220.3661919,-3.0594334,5.8826123,5.9767665,0.0000087,8.4967198,0.0000008
220.5661612,-2.8687786,5.8222924,5.9767670,-0.0000039,8.4967198,0.0000008
220.7661306,-2.6781239,5.7619724,5.9767650,-0.0000165,8.4967198,0.0000009
220.9660999,-2.4874693,5.7016517,5.9767604,-0.0000291,8.4967199,0.0000009
221.1660692,-2.2968152,5.6413299,5.9767533,-0.0000417,8.4967199,0.0000010
221.3660385,-2.1061615,5.5810065,5.9767437,-0.0000543,8.4967199,0.0000011
221.5660078,-1.9155085,5.5206811,5.9767316,-0.0000669,8.4967199,0.0000011
221.7659772,-1.7248563,5.4603531,5.9767169,-0.0000795,8.4967200,0.0000012
221.9659465,-1.5342051,5.4000221,5.9766998,-0.0000922,8.4967200,0.0000012
222.1659158,-1.3435549,5.3396875,5.9766801,-0.0001048,8.4967200,0.0000013
222.3658851,-1.1529061,5.2793490,5.9766578,-0.0001175,8.4967200,0.0000014
222.5658545,-0.9622587,5.2190060,5.9766331,-0.0001302,8.4967201,0.0000014
222.7658238,-0.7716128,5.1586580,5.9766058,-0.0001428,8.4967201,0.0000015
222.9657931,-0.5809687,5.0983046,5.9765760,-0.0001555,8.4967201,0.0000016
223.1657624,-0.3903264,5.0379452,5.9765436,-0.0001682,8.4967202,0.0000017
223.3657317,-0.1996862,4.9775795,5.9765087,-0.0001808,8.4967202,0.0000017
223.5657011,-0.0090481,4.9172068,5.9764713,-0.0001935,8.4967203,0.0000018
223.7656704,0.1815876,4.8568268,5.9764313,-0.0002061,8.4967203,0.0000019
223.9656397,0.3722208,4.7964389,5.9763889,-0.0002187,8.4967203,0.0000020
224.1656090,0.5628513,4.7360427,5.9763439,-0.0002313,8.4967204,0.0000020
224.3655783,0.7534791,4.6756377,5.9762963,-0.0002440,8.4967204,0.0000021
224.5655477,0.9441039,4.6152233,5.9762463,-0.0002566,8.4967205,0.0000022
224.7655170,1.1347256,4.5547992,5.9761937,-0.0002693,8.4967205,0.0000023
224.9654863,1.3253441,4.4943648,5.9761386,-0.0002820,8.4967206,0.0000024
225.1654556,1.5159591,4.4339197,5.9760809,-0.0002948,8.4967207,0.0000025
225.3654249,1.7065706,4.3734633,5.9760207,-0.0003076,8.4967207,0.0000026
225.5653943,1.8971784,4.3129952,5.9759579,-0.0003206,8.4967208,0.0000027
225.7653636,2.0877823,4.2525149,5.9758925,-0.0003337,8.4967208,0.0000028
225.9653329,2.2783821,4.1920219,5.9758244,-0.0003470,8.4967209,0.0000029
226.1653022,2.4689778,4.1315157,5.9757537,-0.0003606,8.4967210,0.0000030
226.3652716,2.6595691,4.0709957,5.9756802,-0.0003745,8.4967210,0.0000031
226.5652409,2.8501558,4.0104614,5.9756039,-0.0003888,8.4967211,0.0000032
226.7652102,3.0407379,3.9499123,5.9755246,-0.0004037,8.4967212,0.0000033
226.9651795,3.2313150,3.8893478,5.9754423,-0.0004193,8.4967213,0.0000034
227.1651488,3.4218871,3.8287673,5.9753569,-0.0004357,8.4967213,0.0000035
227.3651182,3.6124539,3.7681703,5.9752680,-0.0004530,8.4967214,0.0000037
227.5650875,3.8030152,3.7075559,5.9751756,-0.0004715,8.4967215,0.0000038
227.7650568,3.9935708,3.6469236,5.9750793,-0.0004914,8.4967216,0.0000039
227.9650261,4.1841204,3.5862725,5.9749789,-0.0005129,8.4967217,0.0000040
228.1649954,4.3746638,3.5256019,5.9748740,-0.0005363,8.4967218,0.0000042
228.3649648,4.5652007,3.4649109,5.9747642,-0.0005618,8.4967219,0.0000043
228.5649341,4.7557308,3.4041984,5.9746491,-0.0005899,8.4967220,0.0000045
228.7649034,4.9462537,3.3434634,5.9745280,-0.0006207,8.4967221,0.0000046
228.9648727,5.1367691,3.2827048,5.9744005,-0.0006545,8.4967222,0.0000048
229.1648420,5.3272765,3.2219212,5.9742659,-0.0006919,8.4967223,0.0000050
229.3648114,5.5177754,3.1611112,5.9741235,-0.0007330,8.4967224,0.0000052
229.5647807,5.7082655,3.1002733,5.9739724,-0.0007782,8.4967226,0.0000054
229.7647500,5.8987461,3.0394057,5.9738118,-0.0008278,8.4967227,0.0000056
229.9647193,6.0892166,2.9785066,5.9736408,-0.0008822,8.4967228,0.0000058
230.1646887,6.2796763,2.9175738,5.9734585,-0.0009417,8.4967229,0.0000061
230.3646580,6.4701246,2.8566051,5.9732637,-0.0010064,8.4967231,0.0000063
230.5646273,6.6605606,2.7955981,5.9730555,-0.0010764,8.4967232,0.0000065
230.7645966,6.8509834,2.7345500,5.9728326,-0.0011520,8.4967234,0.0000061
230.9645659,7.0413922,2.6734580,5.9725942,-0.0012323,8.4967235,-0.0000222
231.1645353,7.2317859,2.6123191,5.9723390,-0.0013205,8.4967230,-0.0024802
231.3645046,7.4221635,2.5511301,5.9720701,-0.0013686,8.4966646,-0.1260726
231.5644739,7.6125247,2.4898900,5.9718065,-0.0012683,8.4936970,0.1256925
