# x_m;y_m
128.7528;52.1084
129.2381;52.1084
129.7235;52.1084
130.2088;52.1084
127.2968;51.6230
127.7821;51.6230
128.2674;51.6230
128.7528;51.6230
129.2381;51.6230
129.7235;51.6230
130.2088;51.6230
130.6941;51.6230
131.1795;51.6230
125.8407;51.1377
126.3261;51.1377
126.8114;51.1377
127.2968;51.1377
127.7821;51.1377
128.2674;51.1377
128.7528;51.1377
129.2381;51.1377
129.7235;51.1377
130.2088;51.1377
130.6941;51.1377
131.1795;51.1377
131.6648;51.1377
124.3847;50.6523
124.8701;50.6523
125.3554;50.6523
125.8407;50.6523
126.3261;50.6523
126.8114;50.6523
127.2968;50.6523
127.7821;50.6523
128.2674;50.6523
128.7528;50.6523
129.2381;50.6523
129.7235;50.6523
130.2088;50.6523
130.6941;50.6523
131.1795;50.6523
131.6648;50.6523
122.9287;50.1670
123.4140;50.1670
123.8994;50.1670
124.3847;50.1670
124.8701;50.1670
125.3554;50.1670
125.8407;50.1670
126.3261;50.1670
126.8114;50.1670
127.2968;50.1670
127.7821;50.1670
128.2674;50.1670
130.2088;50.1670
130.6941;50.1670
131.1795;50.1670
131.6648;50.1670
121.4727;49.6817
121.9580;49.6817
122.4434;49.6817
122.9287;49.6817
123.4140;49.6817
123.8994;49.6817
124.3847;49.6817
124.8701;49.6817
125.3554;49.6817
125.8407;49.6817
126.3261;49.6817
126.8114;49.6817
130.2088;49.6817
130.6941;49.6817
131.1795;49.6817
131.6648;49.6817
120.0167;49.1963
120.5020;49.1963
120.9873;49.1963
121.4727;49.1963
121.9580;49.1963
122.4434;49.1963
122.9287;49.1963
123.4140;49.1963
123.8994;49.1963
124.3847;49.1963
124.8701;49.1963
125.3554;49.1963
129.7235;49.1963
130.2088;49.1963
130.6941;49.1963
131.1795;49.1963
131.6648;49.1963
118.5606;48.7110
119.0460;48.7110
119.5313;48.7110
120.0167;48.7110
120.5020;48.7110
120.9873;48.7110
121.4727;48.7110
121.9580;48.7110
122.4434;48.7110
122.9287;48.7110
123.4140;48.7110
123.8994;48.7110
129.7235;48.7110
130.2088;48.7110
130.6941;48.7110
131.1795;48.7110
117.1046;48.2256
117.5900;48.2256
118.0753;48.2256
118.5606;48.2256
119.0460;48.2256
119.5313;48.2256
120.0167;48.2256
120.5020;48.2256
120.9873;48.2256
121.4727;48.2256
121.9580;48.2256
122.4434;48.2256
129.2381;48.2256
129.7235;48.2256
130.2088;48.2256
130.6941;48.2256
131.1795;48.2256
115.1633;47.7403
115.6486;47.7403
116.1339;47.7403
116.6193;47.7403
117.1046;47.7403
117.5900;47.7403
118.0753;47.7403
118.5606;47.7403
119.0460;47.7403
119.5313;47.7403
120.0167;47.7403
120.5020;47.7403
120.9873;47.7403
128.7528;47.7403
129.2381;47.7403
129.7235;47.7403
130.2088;47.7403
130.6941;47.7403
113.7072;47.2550
114.1926;47.2550
114.6779;47.2550
115.1633;47.2550
115.6486;47.2550
116.1339;47.2550
116.6193;47.2550
117.1046;47.2550
117.5900;47.2550
118.0753;47.2550
118.5606;47.2550
119.0460;47.2550
119.5313;47.2550
128.7528;47.2550
129.2381;47.2550
129.7235;47.2550
130.2088;47.2550
112.2512;46.7696
112.7366;46.7696
113.2219;46.7696
113.7072;46.7696
114.1926;46.7696
114.6779;46.7696
115.1633;46.7696
115.6486;46.7696
116.1339;46.7696
116.6193;46.7696
117.1046;46.7696
117.5900;46.7696
118.0753;46.7696
128.2674;46.7696
128.7528;46.7696
129.2381;46.7696
129.7235;46.7696
130.2088;46.7696
110.3099;46.2843
110.7952;46.2843
111.2805;46.2843
111.7659;46.2843
112.2512;46.2843
112.7366;46.2843
113.2219;46.2843
113.7072;46.2843
114.1926;46.2843
114.6779;46.2843
115.1633;46.2843
115.6486;46.2843
116.1339;46.2843
127.7821;46.2843
128.2674;46.2843
128.7528;46.2843
129.2381;46.2843
129.7235;46.2843
108.8538;45.7989
109.3392;45.7989
109.8245;45.7989
110.3099;45.7989
110.7952;45.7989
111.2805;45.7989
111.7659;45.7989
112.2512;45.7989
112.7366;45.7989
113.2219;45.7989
113.7072;45.7989
114.1926;45.7989
114.6779;45.7989
127.2968;45.7989
127.7821;45.7989
128.2674;45.7989
128.7528;45.7989
129.2381;45.7989
106.9125;45.3136
107.3978;45.3136
107.8832;45.3136
108.3685;45.3136
108.8538;45.3136
109.3392;45.3136
109.8245;45.3136
110.3099;45.3136
110.7952;45.3136
111.2805;45.3136
111.7659;45.3136
112.2512;45.3136
112.7366;45.3136
113.2219;45.3136
126.8114;45.3136
127.2968;45.3136
127.7821;45.3136
128.2674;45.3136
128.7528;45.3136
105.4565;44.8283
105.9418;44.8283
106.4271;44.8283
106.9125;44.8283
107.3978;44.8283
107.8832;44.8283
108.3685;44.8283
108.8538;44.8283
109.3392;44.8283
109.8245;44.8283
110.3099;44.8283
110.7952;44.8283
111.2805;44.8283
126.8114;44.8283
127.2968;44.8283
127.7821;44.8283
128.2674;44.8283
103.5151;44.3429
104.0004;44.3429
104.4858;44.3429
104.9711;44.3429
105.4565;44.3429
105.9418;44.3429
106.4271;44.3429
106.9125;44.3429
107.3978;44.3429
107.8832;44.3429
108.3685;44.3429
108.8538;44.3429
109.3392;44.3429
109.8245;44.3429
126.3261;44.3429
126.8114;44.3429
127.2968;44.3429
127.7821;44.3429
128.2674;44.3429
101.5737;43.8576
102.0591;43.8576
102.5444;43.8576
103.0298;43.8576
103.5151;43.8576
104.0004;43.8576
104.4858;43.8576
104.9711;43.8576
105.4565;43.8576
105.9418;43.8576
106.4271;43.8576
106.9125;43.8576
107.3978;43.8576
107.8832;43.8576
108.3685;43.8576
125.8407;43.8576
126.3261;43.8576
126.8114;43.8576
127.2968;43.8576
127.7821;43.8576
99.6324;43.3722
100.1177;43.3722
100.6031;43.3722
101.0884;43.3722
101.5737;43.3722
102.0591;43.3722
102.5444;43.3722
103.0298;43.3722
103.5151;43.3722
104.0004;43.3722
104.4858;43.3722
104.9711;43.3722
105.4565;43.3722
105.9418;43.3722
106.4271;43.3722
125.3554;43.3722
125.8407;43.3722
126.3261;43.3722
126.8114;43.3722
127.2968;43.3722
97.6910;42.8869
98.1764;42.8869
98.6617;42.8869
99.1470;42.8869
99.6324;42.8869
100.1177;42.8869
100.6031;42.8869
101.0884;42.8869
101.5737;42.8869
102.0591;42.8869
102.5444;42.8869
103.0298;42.8869
103.5151;42.8869
104.0004;42.8869
104.4858;42.8869
124.8701;42.8869
125.3554;42.8869
125.8407;42.8869
126.3261;42.8869
126.8114;42.8869
95.7497;42.4016
96.2350;42.4016
96.7203;42.4016
97.2057;42.4016
97.6910;42.4016
98.1764;42.4016
98.6617;42.4016
99.1470;42.4016
99.6324;42.4016
100.1177;42.4016
100.6031;42.4016
101.0884;42.4016
101.5737;42.4016
102.0591;42.4016
102.5444;42.4016
103.0298;42.4016
124.3847;42.4016
124.8701;42.4016
125.3554;42.4016
125.8407;42.4016
126.3261;42.4016
93.8083;41.9162
94.2936;41.9162
94.7790;41.9162
95.2643;41.9162
95.7497;41.9162
96.2350;41.9162
96.7203;41.9162
97.2057;41.9162
97.6910;41.9162
98.1764;41.9162
98.6617;41.9162
99.1470;41.9162
99.6324;41.9162
100.1177;41.9162
100.6031;41.9162
101.0884;41.9162
124.3847;41.9162
124.8701;41.9162
125.3554;41.9162
125.8407;41.9162
126.3261;41.9162
91.8669;41.4309
92.3523;41.4309
92.8376;41.4309
93.3230;41.4309
93.8083;41.4309
94.2936;41.4309
94.7790;41.4309
95.2643;41.4309
95.7497;41.4309
96.2350;41.4309
96.7203;41.4309
97.2057;41.4309
97.6910;41.4309
98.1764;41.4309
98.6617;41.4309
99.1470;41.4309
123.8994;41.4309
124.3847;41.4309
124.8701;41.4309
125.3554;41.4309
125.8407;41.4309
89.4402;40.9455
89.9256;40.9455
90.4109;40.9455
90.8963;40.9455
91.3816;40.9455
91.8669;40.9455
92.3523;40.9455
92.8376;40.9455
93.3230;40.9455
93.8083;40.9455
94.2936;40.9455
94.7790;40.9455
95.2643;40.9455
95.7497;40.9455
96.2350;40.9455
96.7203;40.9455
97.2057;40.9455
123.4140;40.9455
123.8994;40.9455
124.3847;40.9455
124.8701;40.9455
125.3554;40.9455
87.0135;40.4602
87.4989;40.4602
87.9842;40.4602
88.4696;40.4602
88.9549;40.4602
89.4402;40.4602
89.9256;40.4602
90.4109;40.4602
90.8963;40.4602
91.3816;40.4602
91.8669;40.4602
92.3523;40.4602
92.8376;40.4602
93.3230;40.4602
93.8083;40.4602
94.2936;40.4602
94.7790;40.4602
95.2643;40.4602
122.9287;40.4602
123.4140;40.4602
123.8994;40.4602
124.3847;40.4602
124.8701;40.4602
85.0722;39.9749
85.5575;39.9749
86.0429;39.9749
86.5282;39.9749
87.0135;39.9749
87.4989;39.9749
87.9842;39.9749
88.4696;39.9749
88.9549;39.9749
89.4402;39.9749
89.9256;39.9749
90.4109;39.9749
90.8963;39.9749
91.3816;39.9749
91.8669;39.9749
92.3523;39.9749
92.8376;39.9749
122.4434;39.9749
122.9287;39.9749
123.4140;39.9749
123.8994;39.9749
124.3847;39.9749
82.6455;39.4895
83.1308;39.4895
83.6162;39.4895
84.1015;39.4895
84.5868;39.4895
85.0722;39.4895
85.5575;39.4895
86.0429;39.4895
86.5282;39.4895
87.0135;39.4895
87.4989;39.4895
87.9842;39.4895
88.4696;39.4895
88.9549;39.4895
89.4402;39.4895
89.9256;39.4895
90.4109;39.4895
90.8963;39.4895
122.4434;39.4895
122.9287;39.4895
123.4140;39.4895
123.8994;39.4895
79.7334;39.0042
80.2188;39.0042
80.7041;39.0042
81.1895;39.0042
81.6748;39.0042
82.1601;39.0042
82.6455;39.0042
83.1308;39.0042
83.6162;39.0042
84.1015;39.0042
84.5868;39.0042
85.0722;39.0042
85.5575;39.0042
86.0429;39.0042
86.5282;39.0042
87.0135;39.0042
87.4989;39.0042
87.9842;39.0042
88.4696;39.0042
121.9580;39.0042
122.4434;39.0042
122.9287;39.0042
123.4140;39.0042
123.8994;39.0042
77.3067;38.5188
77.7921;38.5188
78.2774;38.5188
78.7628;38.5188
79.2481;38.5188
79.7334;38.5188
80.2188;38.5188
80.7041;38.5188
81.1895;38.5188
81.6748;38.5188
82.1601;38.5188
82.6455;38.5188
83.1308;38.5188
83.6162;38.5188
84.1015;38.5188
84.5868;38.5188
85.0722;38.5188
85.5575;38.5188
86.0429;38.5188
86.5282;38.5188
121.4727;38.5188
121.9580;38.5188
122.4434;38.5188
122.9287;38.5188
123.4140;38.5188
74.3947;38.0335
74.8800;38.0335
75.3654;38.0335
75.8507;38.0335
76.3361;38.0335
76.8214;38.0335
77.3067;38.0335
77.7921;38.0335
78.2774;38.0335
78.7628;38.0335
79.2481;38.0335
79.7334;38.0335
80.2188;38.0335
80.7041;38.0335
81.1895;38.0335
81.6748;38.0335
82.1601;38.0335
82.6455;38.0335
83.1308;38.0335
83.6162;38.0335
84.1015;38.0335
120.9873;38.0335
121.4727;38.0335
121.9580;38.0335
122.4434;38.0335
122.9287;38.0335
70.9973;37.5482
71.4827;37.5482
71.9680;37.5482
72.4533;37.5482
72.9387;37.5482
73.4240;37.5482
73.9094;37.5482
74.3947;37.5482
74.8800;37.5482
75.3654;37.5482
75.8507;37.5482
76.3361;37.5482
76.8214;37.5482
77.3067;37.5482
77.7921;37.5482
78.2774;37.5482
78.7628;37.5482
79.2481;37.5482
79.7334;37.5482
80.2188;37.5482
80.7041;37.5482
81.1895;37.5482
81.6748;37.5482
120.5020;37.5482
120.9873;37.5482
121.4727;37.5482
121.9580;37.5482
122.4434;37.5482
68.0853;37.0628
68.5706;37.0628
69.0560;37.0628
69.5413;37.0628
70.0266;37.0628
70.5120;37.0628
70.9973;37.0628
71.4827;37.0628
71.9680;37.0628
72.4533;37.0628
72.9387;37.0628
73.4240;37.0628
73.9094;37.0628
74.3947;37.0628
74.8800;37.0628
75.3654;37.0628
75.8507;37.0628
76.3361;37.0628
76.8214;37.0628
77.3067;37.0628
77.7921;37.0628
78.2774;37.0628
78.7628;37.0628
120.5020;37.0628
120.9873;37.0628
121.4727;37.0628
121.9580;37.0628
64.2026;36.5775
64.6879;36.5775
65.1732;36.5775
65.6586;36.5775
66.1439;36.5775
66.6293;36.5775
67.1146;36.5775
67.5999;36.5775
68.0853;36.5775
68.5706;36.5775
69.0560;36.5775
69.5413;36.5775
70.0266;36.5775
70.5120;36.5775
70.9973;36.5775
71.4827;36.5775
71.9680;36.5775
72.4533;36.5775
72.9387;36.5775
73.4240;36.5775
73.9094;36.5775
74.3947;36.5775
74.8800;36.5775
75.3654;36.5775
75.8507;36.5775
76.3361;36.5775
120.0167;36.5775
120.5020;36.5775
120.9873;36.5775
121.4727;36.5775
121.9580;36.5775
60.3198;36.0921
60.8052;36.0921
61.2905;36.0921
61.7759;36.0921
62.2612;36.0921
62.7465;36.0921
63.2319;36.0921
63.7172;36.0921
64.2026;36.0921
64.6879;36.0921
65.1732;36.0921
65.6586;36.0921
66.1439;36.0921
66.6293;36.0921
67.1146;36.0921
67.5999;36.0921
68.0853;36.0921
68.5706;36.0921
69.0560;36.0921
69.5413;36.0921
70.0266;36.0921
70.5120;36.0921
70.9973;36.0921
71.4827;36.0921
71.9680;36.0921
72.4533;36.0921
72.9387;36.0921
73.4240;36.0921
119.5313;36.0921
120.0167;36.0921
120.5020;36.0921
120.9873;36.0921
121.4727;36.0921
56.4371;35.6068
56.9225;35.6068
57.4078;35.6068
57.8931;35.6068
58.3785;35.6068
58.8638;35.6068
59.3492;35.6068
59.8345;35.6068
60.3198;35.6068
60.8052;35.6068
61.2905;35.6068
61.7759;35.6068
62.2612;35.6068
62.7465;35.6068
63.2319;35.6068
63.7172;35.6068
64.2026;35.6068
64.6879;35.6068
65.1732;35.6068
65.6586;35.6068
66.1439;35.6068
66.6293;35.6068
67.1146;35.6068
67.5999;35.6068
68.0853;35.6068
68.5706;35.6068
69.0560;35.6068
69.5413;35.6068
70.0266;35.6068
119.0460;35.6068
119.5313;35.6068
120.0167;35.6068
120.5020;35.6068
120.9873;35.6068
52.5544;35.1215
53.0397;35.1215
53.5251;35.1215
54.0104;35.1215
54.4958;35.1215
54.9811;35.1215
55.4664;35.1215
55.9518;35.1215
56.4371;35.1215
56.9225;35.1215
57.4078;35.1215
57.8931;35.1215
58.3785;35.1215
58.8638;35.1215
59.3492;35.1215
59.8345;35.1215
60.3198;35.1215
60.8052;35.1215
61.2905;35.1215
61.7759;35.1215
62.2612;35.1215
62.7465;35.1215
63.2319;35.1215
63.7172;35.1215
64.2026;35.1215
64.6879;35.1215
65.1732;35.1215
65.6586;35.1215
66.1439;35.1215
66.6293;35.1215
118.5606;35.1215
119.0460;35.1215
119.5313;35.1215
120.0167;35.1215
120.5020;35.1215
48.1863;34.6361
48.6717;34.6361
49.1570;34.6361
49.6424;34.6361
50.1277;34.6361
50.6130;34.6361
51.0984;34.6361
51.5837;34.6361
52.0691;34.6361
52.5544;34.6361
53.0397;34.6361
53.5251;34.6361
54.0104;34.6361
54.4958;34.6361
54.9811;34.6361
55.4664;34.6361
55.9518;34.6361
56.4371;34.6361
56.9225;34.6361
57.4078;34.6361
57.8931;34.6361
58.3785;34.6361
58.8638;34.6361
59.3492;34.6361
59.8345;34.6361
60.3198;34.6361
60.8052;34.6361
61.2905;34.6361
61.7759;34.6361
62.2612;34.6361
62.7465;34.6361
118.5606;34.6361
119.0460;34.6361
119.5313;34.6361
120.0167;34.6361
44.3036;34.1508
44.7890;34.1508
45.2743;34.1508
45.7596;34.1508
46.2450;34.1508
46.7303;34.1508
47.2157;34.1508
47.7010;34.1508
48.1863;34.1508
48.6717;34.1508
49.1570;34.1508
49.6424;34.1508
50.1277;34.1508
50.6130;34.1508
51.0984;34.1508
51.5837;34.1508
52.0691;34.1508
52.5544;34.1508
53.0397;34.1508
53.5251;34.1508
54.0104;34.1508
54.4958;34.1508
54.9811;34.1508
55.4664;34.1508
55.9518;34.1508
56.4371;34.1508
56.9225;34.1508
57.4078;34.1508
57.8931;34.1508
58.3785;34.1508
58.8638;34.1508
118.0753;34.1508
118.5606;34.1508
119.0460;34.1508
119.5313;34.1508
120.0167;34.1508
42.3623;33.6654
42.8476;33.6654
43.3329;33.6654
43.8183;33.6654
44.3036;33.6654
44.7890;33.6654
45.2743;33.6654
45.7596;33.6654
46.2450;33.6654
46.7303;33.6654
47.2157;33.6654
47.7010;33.6654
48.1863;33.6654
48.6717;33.6654
49.1570;33.6654
49.6424;33.6654
50.1277;33.6654
50.6130;33.6654
51.0984;33.6654
51.5837;33.6654
52.0691;33.6654
52.5544;33.6654
53.0397;33.6654
53.5251;33.6654
54.0104;33.6654
54.4958;33.6654
54.9811;33.6654
117.5900;33.6654
118.0753;33.6654
118.5606;33.6654
119.0460;33.6654
119.5313;33.6654
41.3916;33.1801
41.8769;33.1801
42.3623;33.1801
42.8476;33.1801
43.3329;33.1801
43.8183;33.1801
44.3036;33.1801
44.7890;33.1801
45.2743;33.1801
45.7596;33.1801
46.2450;33.1801
46.7303;33.1801
47.2157;33.1801
47.7010;33.1801
48.1863;33.1801
48.6717;33.1801
49.1570;33.1801
49.6424;33.1801
50.1277;33.1801
50.6130;33.1801
51.0984;33.1801
117.1046;33.1801
117.5900;33.1801
118.0753;33.1801
118.5606;33.1801
119.0460;33.1801
41.3916;32.6948
41.8769;32.6948
42.3623;32.6948
42.8476;32.6948
43.3329;32.6948
43.8183;32.6948
44.3036;32.6948
44.7890;32.6948
45.2743;32.6948
45.7596;32.6948
46.2450;32.6948
46.7303;32.6948
47.2157;32.6948
116.6193;32.6948
117.1046;32.6948
117.5900;32.6948
118.0753;32.6948
118.5606;32.6948
41.3916;32.2094
41.8769;32.2094
42.3623;32.2094
42.8476;32.2094
116.6193;32.2094
117.1046;32.2094
117.5900;32.2094
118.0753;32.2094
41.3916;31.7241
41.8769;31.7241
42.3623;31.7241
116.1339;31.7241
116.6193;31.7241
117.1046;31.7241
117.5900;31.7241
118.0753;31.7241
41.3916;31.2387
41.8769;31.2387
42.3623;31.2387
42.8476;31.2387
115.6486;31.2387
116.1339;31.2387
116.6193;31.2387
117.1046;31.2387
117.5900;31.2387
41.3916;30.7534
41.8769;30.7534
42.3623;30.7534
42.8476;30.7534
43.3329;30.7534
115.1633;30.7534
115.6486;30.7534
116.1339;30.7534
116.6193;30.7534
117.1046;30.7534
41.8769;30.2681
42.3623;30.2681
42.8476;30.2681
43.3329;30.2681
43.8183;30.2681
114.6779;30.2681
115.1633;30.2681
115.6486;30.2681
116.1339;30.2681
116.6193;30.2681
42.3623;29.7827
42.8476;29.7827
43.3329;29.7827
43.8183;29.7827
114.6779;29.7827
115.1633;29.7827
115.6486;29.7827
116.1339;29.7827
42.3623;29.2974
42.8476;29.2974
43.3329;29.2974
43.8183;29.2974
44.3036;29.2974
114.1926;29.2974
114.6779;29.2974
115.1633;29.2974
115.6486;29.2974
116.1339;29.2974
42.8476;28.8120
43.3329;28.8120
43.8183;28.8120
44.3036;28.8120
44.7890;28.8120
113.7072;28.8120
114.1926;28.8120
114.6779;28.8120
115.1633;28.8120
115.6486;28.8120
43.3329;28.3267
43.8183;28.3267
44.3036;28.3267
44.7890;28.3267
45.2743;28.3267
113.2219;28.3267
113.7072;28.3267
114.1926;28.3267
114.6779;28.3267
115.1633;28.3267
43.8183;27.8414
44.3036;27.8414
44.7890;27.8414
45.2743;27.8414
45.7596;27.8414
90.8963;27.8414
91.3816;27.8414
91.8669;27.8414
92.3523;27.8414
92.8376;27.8414
93.3230;27.8414
93.8083;27.8414
112.7366;27.8414
113.2219;27.8414
113.7072;27.8414
114.1926;27.8414
114.6779;27.8414
44.3036;27.3560
44.7890;27.3560
45.2743;27.3560
45.7596;27.3560
89.9256;27.3560
90.4109;27.3560
90.8963;27.3560
91.3816;27.3560
91.8669;27.3560
92.3523;27.3560
92.8376;27.3560
93.3230;27.3560
93.8083;27.3560
94.2936;27.3560
94.7790;27.3560
112.2512;27.3560
112.7366;27.3560
113.2219;27.3560
113.7072;27.3560
114.1926;27.3560
33.1408;26.8707
33.6261;26.8707
34.1115;26.8707
34.5968;26.8707
35.0822;26.8707
35.5675;26.8707
36.0528;26.8707
36.5382;26.8707
44.3036;26.8707
44.7890;26.8707
45.2743;26.8707
45.7596;26.8707
46.2450;26.8707
89.4402;26.8707
89.9256;26.8707
90.4109;26.8707
90.8963;26.8707
91.3816;26.8707
91.8669;26.8707
92.3523;26.8707
92.8376;26.8707
93.3230;26.8707
93.8083;26.8707
94.2936;26.8707
94.7790;26.8707
95.2643;26.8707
95.7497;26.8707
110.3099;26.8707
110.7952;26.8707
111.2805;26.8707
111.7659;26.8707
112.2512;26.8707
112.7366;26.8707
113.2219;26.8707
113.7072;26.8707
114.1926;26.8707
32.6555;26.3853
33.1408;26.3853
33.6261;26.3853
34.1115;26.3853
34.5968;26.3853
35.0822;26.3853
35.5675;26.3853
36.0528;26.3853
36.5382;26.3853
37.0235;26.3853
37.5089;26.3853
37.9942;26.3853
44.7890;26.3853
45.2743;26.3853
45.7596;26.3853
46.2450;26.3853
46.7303;26.3853
88.9549;26.3853
89.4402;26.3853
89.9256;26.3853
90.4109;26.3853
90.8963;26.3853
91.3816;26.3853
91.8669;26.3853
92.3523;26.3853
92.8376;26.3853
93.3230;26.3853
93.8083;26.3853
94.2936;26.3853
94.7790;26.3853
95.2643;26.3853
95.7497;26.3853
96.2350;26.3853
108.3685;26.3853
108.8538;26.3853
109.3392;26.3853
109.8245;26.3853
110.3099;26.3853
110.7952;26.3853
111.2805;26.3853
111.7659;26.3853
112.2512;26.3853
112.7366;26.3853
113.2219;26.3853
113.7072;26.3853
32.6555;25.9000
33.1408;25.9000
33.6261;25.9000
34.1115;25.9000
34.5968;25.9000
35.0822;25.9000
35.5675;25.9000
36.0528;25.9000
36.5382;25.9000
37.0235;25.9000
37.5089;25.9000
37.9942;25.9000
38.4795;25.9000
38.9649;25.9000
45.2743;25.9000
45.7596;25.9000
46.2450;25.9000
46.7303;25.9000
47.2157;25.9000
88.4696;25.9000
88.9549;25.9000
89.4402;25.9000
89.9256;25.9000
90.4109;25.9000
94.2936;25.9000
94.7790;25.9000
95.2643;25.9000
95.7497;25.9000
96.2350;25.9000
96.7203;25.9000
105.9418;25.9000
106.4271;25.9000
106.9125;25.9000
107.3978;25.9000
107.8832;25.9000
108.3685;25.9000
108.8538;25.9000
109.3392;25.9000
109.8245;25.9000
110.3099;25.9000
110.7952;25.9000
111.2805;25.9000
111.7659;25.9000
112.2512;25.9000
112.7366;25.9000
32.6555;25.4147
33.1408;25.4147
33.6261;25.4147
34.1115;25.4147
34.5968;25.4147
35.0822;25.4147
35.5675;25.4147
36.0528;25.4147
36.5382;25.4147
37.0235;25.4147
37.5089;25.4147
37.9942;25.4147
38.4795;25.4147
38.9649;25.4147
39.4502;25.4147
45.7596;25.4147
46.2450;25.4147
46.7303;25.4147
47.2157;25.4147
87.9842;25.4147
88.4696;25.4147
88.9549;25.4147
89.4402;25.4147
89.9256;25.4147
94.7790;25.4147
95.2643;25.4147
95.7497;25.4147
96.2350;25.4147
96.7203;25.4147
104.0004;25.4147
104.4858;25.4147
104.9711;25.4147
105.4565;25.4147
105.9418;25.4147
106.4271;25.4147
106.9125;25.4147
107.3978;25.4147
107.8832;25.4147
108.3685;25.4147
108.8538;25.4147
109.3392;25.4147
109.8245;25.4147
110.3099;25.4147
110.7952;25.4147
111.2805;25.4147
111.7659;25.4147
32.6555;24.9293
33.1408;24.9293
33.6261;24.9293
37.0235;24.9293
37.5089;24.9293
37.9942;24.9293
38.4795;24.9293
38.9649;24.9293
39.4502;24.9293
39.9356;24.9293
45.7596;24.9293
46.2450;24.9293
46.7303;24.9293
47.2157;24.9293
47.7010;24.9293
87.4989;24.9293
87.9842;24.9293
88.4696;24.9293
88.9549;24.9293
89.4402;24.9293
95.2643;24.9293
95.7497;24.9293
96.2350;24.9293
96.7203;24.9293
97.2057;24.9293
102.0591;24.9293
102.5444;24.9293
103.0298;24.9293
103.5151;24.9293
104.0004;24.9293
104.4858;24.9293
104.9711;24.9293
105.4565;24.9293
105.9418;24.9293
106.4271;24.9293
106.9125;24.9293
107.3978;24.9293
107.8832;24.9293
108.3685;24.9293
108.8538;24.9293
109.3392;24.9293
109.8245;24.9293
32.6555;24.4440
33.1408;24.4440
33.6261;24.4440
34.1115;24.4440
37.9942;24.4440
38.4795;24.4440
38.9649;24.4440
39.4502;24.4440
39.9356;24.4440
46.2450;24.4440
46.7303;24.4440
47.2157;24.4440
47.7010;24.4440
48.1863;24.4440
87.4989;24.4440
87.9842;24.4440
88.4696;24.4440
88.9549;24.4440
95.7497;24.4440
96.2350;24.4440
96.7203;24.4440
97.2057;24.4440
97.6910;24.4440
99.6324;24.4440
100.1177;24.4440
100.6031;24.4440
101.0884;24.4440
101.5737;24.4440
102.0591;24.4440
102.5444;24.4440
103.0298;24.4440
103.5151;24.4440
104.0004;24.4440
104.4858;24.4440
104.9711;24.4440
105.4565;24.4440
105.9418;24.4440
106.4271;24.4440
106.9125;24.4440
107.3978;24.4440
32.6555;23.9586
33.1408;23.9586
33.6261;23.9586
34.1115;23.9586
38.4795;23.9586
38.9649;23.9586
39.4502;23.9586
39.9356;23.9586
40.4209;23.9586
46.7303;23.9586
47.2157;23.9586
47.7010;23.9586
48.1863;23.9586
70.9973;23.9586
71.4827;23.9586
71.9680;23.9586
72.4533;23.9586
72.9387;23.9586
87.0135;23.9586
87.4989;23.9586
87.9842;23.9586
88.4696;23.9586
88.9549;23.9586
96.2350;23.9586
96.7203;23.9586
97.2057;23.9586
97.6910;23.9586
98.1764;23.9586
98.6617;23.9586
99.1470;23.9586
99.6324;23.9586
100.1177;23.9586
100.6031;23.9586
101.0884;23.9586
101.5737;23.9586
102.0591;23.9586
102.5444;23.9586
103.0298;23.9586
103.5151;23.9586
104.0004;23.9586
104.4858;23.9586
104.9711;23.9586
105.4565;23.9586
33.1408;23.4733
33.6261;23.4733
34.1115;23.4733
34.5968;23.4733
38.9649;23.4733
39.4502;23.4733
39.9356;23.4733
40.4209;23.4733
40.9062;23.4733
47.2157;23.4733
47.7010;23.4733
48.1863;23.4733
48.6717;23.4733
69.0560;23.4733
69.5413;23.4733
70.0266;23.4733
70.5120;23.4733
70.9973;23.4733
71.4827;23.4733
71.9680;23.4733
72.4533;23.4733
72.9387;23.4733
73.4240;23.4733
73.9094;23.4733
74.3947;23.4733
74.8800;23.4733
86.5282;23.4733
87.0135;23.4733
87.4989;23.4733
87.9842;23.4733
88.4696;23.4733
96.2350;23.4733
96.7203;23.4733
97.2057;23.4733
97.6910;23.4733
98.1764;23.4733
98.6617;23.4733
99.1470;23.4733
99.6324;23.4733
100.1177;23.4733
100.6031;23.4733
101.0884;23.4733
101.5737;23.4733
102.0591;23.4733
102.5444;23.4733
103.0298;23.4733
33.1408;22.9880
33.6261;22.9880
34.1115;22.9880
34.5968;22.9880
35.0822;22.9880
39.4502;22.9880
39.9356;22.9880
40.4209;22.9880
40.9062;22.9880
41.3916;22.9880
47.2157;22.9880
47.7010;22.9880
48.1863;22.9880
48.6717;22.9880
49.1570;22.9880
68.0853;22.9880
68.5706;22.9880
69.0560;22.9880
69.5413;22.9880
70.0266;22.9880
70.5120;22.9880
70.9973;22.9880
71.4827;22.9880
71.9680;22.9880
72.4533;22.9880
72.9387;22.9880
73.4240;22.9880
73.9094;22.9880
74.3947;22.9880
74.8800;22.9880
75.3654;22.9880
75.8507;22.9880
86.0429;22.9880
86.5282;22.9880
87.0135;22.9880
87.4989;22.9880
87.9842;22.9880
96.7203;22.9880
97.2057;22.9880
97.6910;22.9880
98.1764;22.9880
98.6617;22.9880
99.1470;22.9880
99.6324;22.9880
100.1177;22.9880
100.6031;22.9880
101.0884;22.9880
33.6261;22.5026
34.1115;22.5026
34.5968;22.5026
35.0822;22.5026
39.9356;22.5026
40.4209;22.5026
40.9062;22.5026
41.3916;22.5026
41.8769;22.5026
47.7010;22.5026
48.1863;22.5026
48.6717;22.5026
49.1570;22.5026
67.1146;22.5026
67.5999;22.5026
68.0853;22.5026
68.5706;22.5026
69.0560;22.5026
69.5413;22.5026
70.0266;22.5026
70.5120;22.5026
70.9973;22.5026
71.4827;22.5026
71.9680;22.5026
72.4533;22.5026
72.9387;22.5026
73.4240;22.5026
73.9094;22.5026
74.3947;22.5026
74.8800;22.5026
75.3654;22.5026
75.8507;22.5026
76.3361;22.5026
76.8214;22.5026
85.5575;22.5026
86.0429;22.5026
86.5282;22.5026
87.0135;22.5026
87.4989;22.5026
98.1764;22.5026
98.6617;22.5026
99.1470;22.5026
33.6261;22.0173
34.1115;22.0173
34.5968;22.0173
35.0822;22.0173
35.5675;22.0173
40.4209;22.0173
40.9062;22.0173
41.3916;22.0173
41.8769;22.0173
42.3623;22.0173
48.1863;22.0173
48.6717;22.0173
49.1570;22.0173
49.6424;22.0173
66.6293;22.0173
67.1146;22.0173
67.5999;22.0173
68.0853;22.0173
68.5706;22.0173
69.0560;22.0173
69.5413;22.0173
70.0266;22.0173
73.9094;22.0173
74.3947;22.0173
74.8800;22.0173
75.3654;22.0173
75.8507;22.0173
76.3361;22.0173
76.8214;22.0173
77.3067;22.0173
77.7921;22.0173
85.0722;22.0173
85.5575;22.0173
86.0429;22.0173
86.5282;22.0173
87.0135;22.0173
34.1115;21.5319
34.5968;21.5319
35.0822;21.5319
35.5675;21.5319
40.9062;21.5319
41.3916;21.5319
41.8769;21.5319
42.3623;21.5319
48.1863;21.5319
48.6717;21.5319
49.1570;21.5319
49.6424;21.5319
50.1277;21.5319
65.6586;21.5319
66.1439;21.5319
66.6293;21.5319
67.1146;21.5319
67.5999;21.5319
68.0853;21.5319
68.5706;21.5319
69.0560;21.5319
74.8800;21.5319
75.3654;21.5319
75.8507;21.5319
76.3361;21.5319
76.8214;21.5319
77.3067;21.5319
77.7921;21.5319
78.2774;21.5319
78.7628;21.5319
79.2481;21.5319
84.5868;21.5319
85.0722;21.5319
85.5575;21.5319
86.0429;21.5319
86.5282;21.5319
34.5968;21.0466
35.0822;21.0466
35.5675;21.0466
36.0528;21.0466
40.9062;21.0466
41.3916;21.0466
41.8769;21.0466
42.3623;21.0466
48.6717;21.0466
49.1570;21.0466
49.6424;21.0466
50.1277;21.0466
65.1732;21.0466
65.6586;21.0466
66.1439;21.0466
66.6293;21.0466
67.1146;21.0466
67.5999;21.0466
68.0853;21.0466
76.3361;21.0466
76.8214;21.0466
77.3067;21.0466
77.7921;21.0466
78.2774;21.0466
78.7628;21.0466
79.2481;21.0466
79.7334;21.0466
80.2188;21.0466
83.6162;21.0466
84.1015;21.0466
84.5868;21.0466
85.0722;21.0466
85.5575;21.0466
86.0429;21.0466
34.5968;20.5613
35.0822;20.5613
35.5675;20.5613
36.0528;20.5613
36.5382;20.5613
41.3916;20.5613
41.8769;20.5613
42.3623;20.5613
42.8476;20.5613
49.1570;20.5613
49.6424;20.5613
50.1277;20.5613
50.6130;20.5613
64.6879;20.5613
65.1732;20.5613
65.6586;20.5613
66.1439;20.5613
66.6293;20.5613
67.1146;20.5613
77.3067;20.5613
77.7921;20.5613
78.2774;20.5613
78.7628;20.5613
79.2481;20.5613
79.7334;20.5613
80.2188;20.5613
80.7041;20.5613
81.1895;20.5613
82.6455;20.5613
83.1308;20.5613
83.6162;20.5613
84.1015;20.5613
84.5868;20.5613
85.0722;20.5613
85.5575;20.5613
35.0822;20.0759
35.5675;20.0759
36.0528;20.0759
36.5382;20.0759
41.3916;20.0759
41.8769;20.0759
42.3623;20.0759
42.8476;20.0759
49.1570;20.0759
49.6424;20.0759
50.1277;20.0759
50.6130;20.0759
51.0984;20.0759
64.6879;20.0759
65.1732;20.0759
65.6586;20.0759
66.1439;20.0759
66.6293;20.0759
78.2774;20.0759
78.7628;20.0759
79.2481;20.0759
79.7334;20.0759
80.2188;20.0759
80.7041;20.0759
81.1895;20.0759
81.6748;20.0759
82.1601;20.0759
82.6455;20.0759
83.1308;20.0759
83.6162;20.0759
84.1015;20.0759
84.5868;20.0759
85.0722;20.0759
35.0822;19.5906
35.5675;19.5906
36.0528;19.5906
36.5382;19.5906
37.0235;19.5906
41.8769;19.5906
42.3623;19.5906
42.8476;19.5906
43.3329;19.5906
49.6424;19.5906
50.1277;19.5906
50.6130;19.5906
51.0984;19.5906
64.2026;19.5906
64.6879;19.5906
65.1732;19.5906
65.6586;19.5906
66.1439;19.5906
79.2481;19.5906
79.7334;19.5906
80.2188;19.5906
80.7041;19.5906
81.1895;19.5906
81.6748;19.5906
82.1601;19.5906
82.6455;19.5906
83.1308;19.5906
83.6162;19.5906
84.1015;19.5906
35.5675;19.1052
36.0528;19.1052
36.5382;19.1052
37.0235;19.1052
41.8769;19.1052
42.3623;19.1052
42.8476;19.1052
43.3329;19.1052
49.6424;19.1052
50.1277;19.1052
50.6130;19.1052
51.0984;19.1052
63.7172;19.1052
64.2026;19.1052
64.6879;19.1052
65.1732;19.1052
65.6586;19.1052
80.7041;19.1052
81.1895;19.1052
81.6748;19.1052
82.1601;19.1052
82.6455;19.1052
83.1308;19.1052
83.6162;19.1052
36.0528;18.6199
36.5382;18.6199
37.0235;18.6199
37.5089;18.6199
41.8769;18.6199
42.3623;18.6199
42.8476;18.6199
43.3329;18.6199
43.8183;18.6199
49.6424;18.6199
50.1277;18.6199
50.6130;18.6199
51.0984;18.6199
63.7172;18.6199
64.2026;18.6199
64.6879;18.6199
65.1732;18.6199
82.1601;18.6199
36.0528;18.1346
36.5382;18.1346
37.0235;18.1346
37.5089;18.1346
37.9942;18.1346
42.3623;18.1346
42.8476;18.1346
43.3329;18.1346
43.8183;18.1346
44.3036;18.1346
44.7890;18.1346
45.2743;18.1346
49.6424;18.1346
50.1277;18.1346
50.6130;18.1346
51.0984;18.1346
63.2319;18.1346
63.7172;18.1346
64.2026;18.1346
64.6879;18.1346
36.5382;17.6492
37.0235;17.6492
37.5089;17.6492
37.9942;17.6492
42.3623;17.6492
42.8476;17.6492
43.3329;17.6492
43.8183;17.6492
44.3036;17.6492
44.7890;17.6492
45.2743;17.6492
45.7596;17.6492
46.2450;17.6492
46.7303;17.6492
47.2157;17.6492
47.7010;17.6492
48.1863;17.6492
48.6717;17.6492
49.1570;17.6492
49.6424;17.6492
50.1277;17.6492
50.6130;17.6492
51.0984;17.6492
63.2319;17.6492
63.7172;17.6492
64.2026;17.6492
64.6879;17.6492
9.3591;17.1639
9.8445;17.1639
10.3298;17.1639
10.8152;17.1639
11.3005;17.1639
11.7858;17.1639
12.2712;17.1639
12.7565;17.1639
36.5382;17.1639
37.0235;17.1639
37.5089;17.1639
37.9942;17.1639
38.4795;17.1639
42.8476;17.1639
43.3329;17.1639
43.8183;17.1639
44.3036;17.1639
44.7890;17.1639
45.2743;17.1639
45.7596;17.1639
46.2450;17.1639
46.7303;17.1639
47.2157;17.1639
47.7010;17.1639
48.1863;17.1639
48.6717;17.1639
49.1570;17.1639
49.6424;17.1639
50.1277;17.1639
50.6130;17.1639
63.2319;17.1639
63.7172;17.1639
64.2026;17.1639
64.6879;17.1639
7.9031;16.6785
8.3885;16.6785
8.8738;16.6785
9.3591;16.6785
9.8445;16.6785
10.3298;16.6785
10.8152;16.6785
11.3005;16.6785
11.7858;16.6785
12.2712;16.6785
12.7565;16.6785
13.2419;16.6785
13.7272;16.6785
37.0235;16.6785
37.5089;16.6785
37.9942;16.6785
38.4795;16.6785
43.8183;16.6785
44.3036;16.6785
44.7890;16.6785
45.2743;16.6785
45.7596;16.6785
46.2450;16.6785
46.7303;16.6785
47.2157;16.6785
47.7010;16.6785
48.1863;16.6785
48.6717;16.6785
49.1570;16.6785
49.6424;16.6785
50.1277;16.6785
62.7465;16.6785
63.2319;16.6785
63.7172;16.6785
64.2026;16.6785
6.9324;16.1932
7.4178;16.1932
7.9031;16.1932
8.3885;16.1932
8.8738;16.1932
9.3591;16.1932
9.8445;16.1932
10.3298;16.1932
10.8152;16.1932
11.3005;16.1932
11.7858;16.1932
12.2712;16.1932
12.7565;16.1932
13.2419;16.1932
13.7272;16.1932
14.2125;16.1932
37.5089;16.1932
37.9942;16.1932
38.4795;16.1932
38.9649;16.1932
48.1863;16.1932
48.6717;16.1932
49.1570;16.1932
62.7465;16.1932
63.2319;16.1932
63.7172;16.1932
64.2026;16.1932
5.9618;15.7079
6.4471;15.7079
6.9324;15.7079
7.4178;15.7079
7.9031;15.7079
8.3885;15.7079
8.8738;15.7079
9.3591;15.7079
9.8445;15.7079
10.3298;15.7079
11.7858;15.7079
12.2712;15.7079
12.7565;15.7079
13.2419;15.7079
13.7272;15.7079
14.2125;15.7079
37.5089;15.7079
37.9942;15.7079
38.4795;15.7079
38.9649;15.7079
39.4502;15.7079
62.7465;15.7079
63.2319;15.7079
63.7172;15.7079
64.2026;15.7079
4.9911;15.2225
5.4764;15.2225
5.9618;15.2225
6.4471;15.2225
6.9324;15.2225
7.4178;15.2225
7.9031;15.2225
8.3885;15.2225
8.8738;15.2225
12.7565;15.2225
13.2419;15.2225
13.7272;15.2225
14.2125;15.2225
14.6979;15.2225
37.9942;15.2225
38.4795;15.2225
38.9649;15.2225
39.4502;15.2225
62.7465;15.2225
63.2319;15.2225
63.7172;15.2225
64.2026;15.2225
3.5351;14.7372
4.0204;14.7372
4.5057;14.7372
4.9911;14.7372
5.4764;14.7372
5.9618;14.7372
6.4471;14.7372
6.9324;14.7372
7.4178;14.7372
7.9031;14.7372
13.2419;14.7372
13.7272;14.7372
14.2125;14.7372
14.6979;14.7372
15.1832;14.7372
37.9942;14.7372
38.4795;14.7372
38.9649;14.7372
39.4502;14.7372
39.9356;14.7372
62.7465;14.7372
63.2319;14.7372
63.7172;14.7372
64.2026;14.7372
2.5644;14.2518
3.0497;14.2518
3.5351;14.2518
4.0204;14.2518
4.5057;14.2518
4.9911;14.2518
5.4764;14.2518
5.9618;14.2518
6.4471;14.2518
13.7272;14.2518
14.2125;14.2518
14.6979;14.2518
15.1832;14.2518
15.6686;14.2518
38.4795;14.2518
38.9649;14.2518
39.4502;14.2518
39.9356;14.2518
62.7465;14.2518
63.2319;14.2518
63.7172;14.2518
1.5937;13.7665
2.0790;13.7665
2.5644;13.7665
3.0497;13.7665
3.5351;13.7665
4.0204;13.7665
4.5057;13.7665
4.9911;13.7665
5.4764;13.7665
14.2125;13.7665
14.6979;13.7665
15.1832;13.7665
15.6686;13.7665
16.1539;13.7665
38.9649;13.7665
39.4502;13.7665
39.9356;13.7665
40.4209;13.7665
62.7465;13.7665
63.2319;13.7665
63.7172;13.7665
0.6230;13.2812
1.1084;13.2812
1.5937;13.2812
2.0790;13.2812
2.5644;13.2812
3.0497;13.2812
3.5351;13.2812
4.0204;13.2812
4.5057;13.2812
14.6979;13.2812
15.1832;13.2812
15.6686;13.2812
16.1539;13.2812
16.6392;13.2812
38.9649;13.2812
39.4502;13.2812
39.9356;13.2812
40.4209;13.2812
62.2612;13.2812
62.7465;13.2812
63.2319;13.2812
63.7172;13.2812
-0.3477;12.7958
0.1377;12.7958
0.6230;12.7958
1.1084;12.7958
1.5937;12.7958
2.0790;12.7958
2.5644;12.7958
3.0497;12.7958
3.5351;12.7958
15.1832;12.7958
15.6686;12.7958
16.1539;12.7958
16.6392;12.7958
39.4502;12.7958
39.9356;12.7958
40.4209;12.7958
40.9062;12.7958
62.2612;12.7958
62.7465;12.7958
63.2319;12.7958
63.7172;12.7958
-1.8037;12.3105
-1.3183;12.3105
-0.8330;12.3105
-0.3477;12.3105
0.1377;12.3105
0.6230;12.3105
1.1084;12.3105
1.5937;12.3105
2.0790;12.3105
2.5644;12.3105
15.1832;12.3105
15.6686;12.3105
16.1539;12.3105
16.6392;12.3105
17.1246;12.3105
39.4502;12.3105
39.9356;12.3105
40.4209;12.3105
40.9062;12.3105
62.2612;12.3105
62.7465;12.3105
63.2319;12.3105
63.7172;12.3105
-2.7744;11.8251
-2.2890;11.8251
-1.8037;11.8251
-1.3183;11.8251
-0.8330;11.8251
-0.3477;11.8251
0.1377;11.8251
0.6230;11.8251
1.1084;11.8251
15.6686;11.8251
16.1539;11.8251
16.6392;11.8251
17.1246;11.8251
17.6099;11.8251
39.4502;11.8251
39.9356;11.8251
40.4209;11.8251
40.9062;11.8251
61.7759;11.8251
62.2612;11.8251
62.7465;11.8251
63.2319;11.8251
-3.7450;11.3398
-3.2597;11.3398
-2.7744;11.3398
-2.2890;11.3398
-1.8037;11.3398
-1.3183;11.3398
-0.8330;11.3398
-0.3477;11.3398
0.1377;11.3398
16.1539;11.3398
16.6392;11.3398
17.1246;11.3398
17.6099;11.3398
18.0953;11.3398
39.9356;11.3398
40.4209;11.3398
40.9062;11.3398
41.3916;11.3398
61.2905;11.3398
61.7759;11.3398
62.2612;11.3398
62.7465;11.3398
63.2319;11.3398
-4.7157;10.8545
-4.2304;10.8545
-3.7450;10.8545
-3.2597;10.8545
-2.7744;10.8545
-2.2890;10.8545
-1.8037;10.8545
-1.3183;10.8545
-0.8330;10.8545
16.6392;10.8545
17.1246;10.8545
17.6099;10.8545
18.0953;10.8545
39.9356;10.8545
40.4209;10.8545
40.9062;10.8545
41.3916;10.8545
60.8052;10.8545
61.2905;10.8545
61.7759;10.8545
62.2612;10.8545
62.7465;10.8545
-6.1717;10.3691
-5.6864;10.3691
-5.2011;10.3691
-4.7157;10.3691
-4.2304;10.3691
-3.7450;10.3691
-3.2597;10.3691
-2.7744;10.3691
-2.2890;10.3691
-1.8037;10.3691
16.6392;10.3691
17.1246;10.3691
17.6099;10.3691
18.0953;10.3691
18.5806;10.3691
39.9356;10.3691
40.4209;10.3691
40.9062;10.3691
41.3916;10.3691
59.8345;10.3691
60.3198;10.3691
60.8052;10.3691
61.2905;10.3691
61.7759;10.3691
62.2612;10.3691
62.7465;10.3691
-7.1424;9.8838
-6.6571;9.8838
-6.1717;9.8838
-5.6864;9.8838
-5.2011;9.8838
-4.7157;9.8838
-4.2304;9.8838
-3.7450;9.8838
-3.2597;9.8838
-2.7744;9.8838
17.1246;9.8838
17.6099;9.8838
18.0953;9.8838
18.5806;9.8838
19.0659;9.8838
39.9356;9.8838
40.4209;9.8838
40.9062;9.8838
41.3916;9.8838
58.8638;9.8838
59.3492;9.8838
59.8345;9.8838
60.3198;9.8838
60.8052;9.8838
61.2905;9.8838
61.7759;9.8838
62.2612;9.8838
-8.1131;9.3984
-7.6278;9.3984
-7.1424;9.3984
-6.6571;9.3984
-6.1717;9.3984
-5.6864;9.3984
-5.2011;9.3984
-4.7157;9.3984
-4.2304;9.3984
17.6099;9.3984
18.0953;9.3984
18.5806;9.3984
19.0659;9.3984
19.5513;9.3984
39.9356;9.3984
40.4209;9.3984
40.9062;9.3984
41.3916;9.3984
57.4078;9.3984
57.8931;9.3984
58.3785;9.3984
58.8638;9.3984
59.3492;9.3984
59.8345;9.3984
60.3198;9.3984
60.8052;9.3984
61.2905;9.3984
-8.5984;8.9131
-8.1131;8.9131
-7.6278;8.9131
-7.1424;8.9131
-6.6571;8.9131
-6.1717;8.9131
-5.6864;8.9131
-5.2011;8.9131
18.0953;8.9131
18.5806;8.9131
19.0659;8.9131
19.5513;8.9131
39.4502;8.9131
39.9356;8.9131
40.4209;8.9131
40.9062;8.9131
56.9225;8.9131
57.4078;8.9131
57.8931;8.9131
58.3785;8.9131
58.8638;8.9131
59.3492;8.9131
59.8345;8.9131
60.3198;8.9131
60.8052;8.9131
-8.5984;8.4278
-8.1131;8.4278
-7.6278;8.4278
-7.1424;8.4278
-6.6571;8.4278
-6.1717;8.4278
18.0953;8.4278
18.5806;8.4278
19.0659;8.4278
19.5513;8.4278
20.0366;8.4278
39.4502;8.4278
39.9356;8.4278
40.4209;8.4278
40.9062;8.4278
55.9518;8.4278
56.4371;8.4278
56.9225;8.4278
57.4078;8.4278
57.8931;8.4278
58.3785;8.4278
58.8638;8.4278
59.3492;8.4278
59.8345;8.4278
-9.0838;7.9424
-8.5984;7.9424
-8.1131;7.9424
-7.6278;7.9424
-7.1424;7.9424
18.5806;7.9424
19.0659;7.9424
19.5513;7.9424
20.0366;7.9424
20.5220;7.9424
39.4502;7.9424
39.9356;7.9424
40.4209;7.9424
40.9062;7.9424
55.4664;7.9424
55.9518;7.9424
56.4371;7.9424
56.9225;7.9424
57.4078;7.9424
57.8931;7.9424
58.3785;7.9424
-9.0838;7.4571
-8.5984;7.4571
-8.1131;7.4571
-7.6278;7.4571
19.0659;7.4571
19.5513;7.4571
20.0366;7.4571
20.5220;7.4571
21.0073;7.4571
38.9649;7.4571
39.4502;7.4571
39.9356;7.4571
40.4209;7.4571
55.4664;7.4571
55.9518;7.4571
56.4371;7.4571
56.9225;7.4571
57.4078;7.4571
-9.0838;6.9717
-8.5984;6.9717
-8.1131;6.9717
-7.6278;6.9717
19.5513;6.9717
20.0366;6.9717
20.5220;6.9717
21.0073;6.9717
38.9649;6.9717
39.4502;6.9717
39.9356;6.9717
40.4209;6.9717
54.9811;6.9717
55.4664;6.9717
55.9518;6.9717
56.4371;6.9717
56.9225;6.9717
-9.0838;6.4864
-8.5984;6.4864
-8.1131;6.4864
-7.6278;6.4864
-7.1424;6.4864
20.0366;6.4864
20.5220;6.4864
21.0073;6.4864
21.4926;6.4864
38.9649;6.4864
39.4502;6.4864
39.9356;6.4864
40.4209;6.4864
54.9811;6.4864
55.4664;6.4864
55.9518;6.4864
56.4371;6.4864
-9.0838;6.0011
-8.5984;6.0011
-8.1131;6.0011
-7.6278;6.0011
-7.1424;6.0011
-6.6571;6.0011
20.0366;6.0011
20.5220;6.0011
21.0073;6.0011
21.4926;6.0011
21.9780;6.0011
38.4795;6.0011
38.9649;6.0011
39.4502;6.0011
39.9356;6.0011
54.4958;6.0011
54.9811;6.0011
55.4664;6.0011
55.9518;6.0011
-8.5984;5.5157
-8.1131;5.5157
-7.6278;5.5157
-7.1424;5.5157
-6.6571;5.5157
-6.1717;5.5157
20.5220;5.5157
21.0073;5.5157
21.4926;5.5157
21.9780;5.5157
38.4795;5.5157
38.9649;5.5157
39.4502;5.5157
39.9356;5.5157
54.4958;5.5157
54.9811;5.5157
55.4664;5.5157
55.9518;5.5157
-7.6278;5.0304
-7.1424;5.0304
-6.6571;5.0304
-6.1717;5.0304
-5.6864;5.0304
-5.2011;5.0304
21.0073;5.0304
21.4926;5.0304
21.9780;5.0304
22.4633;5.0304
37.9942;5.0304
38.4795;5.0304
38.9649;5.0304
39.4502;5.0304
54.0104;5.0304
54.4958;5.0304
54.9811;5.0304
55.4664;5.0304
-7.1424;4.5450
-6.6571;4.5450
-6.1717;4.5450
-5.6864;4.5450
-5.2011;4.5450
-4.7157;4.5450
21.0073;4.5450
21.4926;4.5450
21.9780;4.5450
22.4633;4.5450
22.9487;4.5450
37.5089;4.5450
37.9942;4.5450
38.4795;4.5450
38.9649;4.5450
39.4502;4.5450
54.0104;4.5450
54.4958;4.5450
54.9811;4.5450
55.4664;4.5450
-6.6571;4.0597
-6.1717;4.0597
-5.6864;4.0597
-5.2011;4.0597
-4.7157;4.0597
-4.2304;4.0597
21.4926;4.0597
21.9780;4.0597
22.4633;4.0597
22.9487;4.0597
23.4340;4.0597
36.5382;4.0597
37.0235;4.0597
37.5089;4.0597
37.9942;4.0597
38.4795;4.0597
38.9649;4.0597
54.0104;4.0597
54.4958;4.0597
54.9811;4.0597
55.4664;4.0597
-6.1717;3.5744
-5.6864;3.5744
-5.2011;3.5744
-4.7157;3.5744
-4.2304;3.5744
-3.7450;3.5744
-3.2597;3.5744
21.9780;3.5744
22.4633;3.5744
22.9487;3.5744
23.4340;3.5744
23.9193;3.5744
24.4047;3.5744
35.5675;3.5744
36.0528;3.5744
36.5382;3.5744
37.0235;3.5744
37.5089;3.5744
37.9942;3.5744
38.4795;3.5744
53.5251;3.5744
54.0104;3.5744
54.4958;3.5744
54.9811;3.5744
-5.2011;3.0890
-4.7157;3.0890
-4.2304;3.0890
-3.7450;3.0890
-3.2597;3.0890
-2.7744;3.0890
22.4633;3.0890
22.9487;3.0890
23.4340;3.0890
23.9193;3.0890
24.4047;3.0890
24.8900;3.0890
34.5968;3.0890
35.0822;3.0890
35.5675;3.0890
36.0528;3.0890
36.5382;3.0890
37.0235;3.0890
37.5089;3.0890
37.9942;3.0890
53.5251;3.0890
54.0104;3.0890
54.4958;3.0890
54.9811;3.0890
-4.7157;2.6037
-4.2304;2.6037
-3.7450;2.6037
-3.2597;2.6037
-2.7744;2.6037
-2.2890;2.6037
22.9487;2.6037
23.4340;2.6037
23.9193;2.6037
24.4047;2.6037
24.8900;2.6037
25.3754;2.6037
25.8607;2.6037
26.3460;2.6037
33.6261;2.6037
34.1115;2.6037
34.5968;2.6037
35.0822;2.6037
35.5675;2.6037
36.0528;2.6037
36.5382;2.6037
37.0235;2.6037
37.5089;2.6037
53.0397;2.6037
53.5251;2.6037
54.0104;2.6037
54.4958;2.6037
-4.2304;2.1183
-3.7450;2.1183
-3.2597;2.1183
-2.7744;2.1183
-2.2890;2.1183
-1.8037;2.1183
-1.3183;2.1183
23.4340;2.1183
23.9193;2.1183
24.4047;2.1183
24.8900;2.1183
25.3754;2.1183
25.8607;2.1183
26.3460;2.1183
26.8314;2.1183
27.3167;2.1183
27.8021;2.1183
28.2874;2.1183
32.1701;2.1183
32.6555;2.1183
33.1408;2.1183
33.6261;2.1183
34.1115;2.1183
34.5968;2.1183
35.0822;2.1183
35.5675;2.1183
36.0528;2.1183
53.0397;2.1183
53.5251;2.1183
54.0104;2.1183
54.4958;2.1183
-3.2597;1.6330
-2.7744;1.6330
-2.2890;1.6330
-1.8037;1.6330
-1.3183;1.6330
-0.8330;1.6330
24.4047;1.6330
24.8900;1.6330
25.3754;1.6330
25.8607;1.6330
26.3460;1.6330
26.8314;1.6330
27.3167;1.6330
27.8021;1.6330
28.2874;1.6330
28.7727;1.6330
29.2581;1.6330
29.7434;1.6330
30.2288;1.6330
30.7141;1.6330
31.1994;1.6330
31.6848;1.6330
32.1701;1.6330
32.6555;1.6330
33.1408;1.6330
33.6261;1.6330
34.1115;1.6330
34.5968;1.6330
35.0822;1.6330
52.5544;1.6330
53.0397;1.6330
53.5251;1.6330
54.0104;1.6330
-2.7744;1.1477
-2.2890;1.1477
-1.8037;1.1477
-1.3183;1.1477
-0.8330;1.1477
-0.3477;1.1477
25.3754;1.1477
25.8607;1.1477
26.3460;1.1477
26.8314;1.1477
27.3167;1.1477
27.8021;1.1477
28.2874;1.1477
28.7727;1.1477
29.2581;1.1477
29.7434;1.1477
30.2288;1.1477
30.7141;1.1477
31.1994;1.1477
31.6848;1.1477
32.1701;1.1477
32.6555;1.1477
33.1408;1.1477
33.6261;1.1477
34.1115;1.1477
52.0691;1.1477
52.5544;1.1477
53.0397;1.1477
53.5251;1.1477
54.0104;1.1477
-2.2890;0.6623
-1.8037;0.6623
-1.3183;0.6623
-0.8330;0.6623
-0.3477;0.6623
0.1377;0.6623
0.6230;0.6623
26.8314;0.6623
27.3167;0.6623
27.8021;0.6623
28.2874;0.6623
28.7727;0.6623
29.2581;0.6623
29.7434;0.6623
30.2288;0.6623
30.7141;0.6623
31.1994;0.6623
31.6848;0.6623
32.1701;0.6623
32.6555;0.6623
33.1408;0.6623
51.5837;0.6623
52.0691;0.6623
52.5544;0.6623
53.0397;0.6623
53.5251;0.6623
-1.3183;0.1770
-0.8330;0.1770
-0.3477;0.1770
0.1377;0.1770
0.6230;0.1770
1.1084;0.1770
29.2581;0.1770
29.7434;0.1770
30.2288;0.1770
30.7141;0.1770
31.1994;0.1770
31.6848;0.1770
50.6130;0.1770
51.0984;0.1770
51.5837;0.1770
52.0691;0.1770
52.5544;0.1770
53.0397;0.1770
-0.8330;-0.3084
-0.3477;-0.3084
0.1377;-0.3084
0.6230;-0.3084
1.1084;-0.3084
1.5937;-0.3084
50.1277;-0.3084
50.6130;-0.3084
51.0984;-0.3084
51.5837;-0.3084
52.0691;-0.3084
52.5544;-0.3084
-0.3477;-0.7937
0.1377;-0.7937
0.6230;-0.7937
1.1084;-0.7937
1.5937;-0.7937
2.0790;-0.7937
49.1570;-0.7937
49.6424;-0.7937
50.1277;-0.7937
50.6130;-0.7937
51.0984;-0.7937
51.5837;-0.7937
52.0691;-0.7937
0.6230;-1.2790
1.1084;-1.2790
1.5937;-1.2790
2.0790;-1.2790
2.5644;-1.2790
3.0497;-1.2790
48.6717;-1.2790
49.1570;-1.2790
49.6424;-1.2790
50.1277;-1.2790
50.6130;-1.2790
51.0984;-1.2790
51.5837;-1.2790
1.1084;-1.7644
1.5937;-1.7644
2.0790;-1.7644
2.5644;-1.7644
3.0497;-1.7644
3.5351;-1.7644
47.7010;-1.7644
48.1863;-1.7644
48.6717;-1.7644
49.1570;-1.7644
49.6424;-1.7644
50.1277;-1.7644
50.6130;-1.7644
1.5937;-2.2497
2.0790;-2.2497
2.5644;-2.2497
3.0497;-2.2497
3.5351;-2.2497
4.0204;-2.2497
46.7303;-2.2497
47.2157;-2.2497
47.7010;-2.2497
48.1863;-2.2497
48.6717;-2.2497
49.1570;-2.2497
49.6424;-2.2497
2.0790;-2.7351
2.5644;-2.7351
3.0497;-2.7351
3.5351;-2.7351
4.0204;-2.7351
4.5057;-2.7351
4.9911;-2.7351
46.2450;-2.7351
46.7303;-2.7351
47.2157;-2.7351
47.7010;-2.7351
48.1863;-2.7351
48.6717;-2.7351
49.1570;-2.7351
3.0497;-3.2204
3.5351;-3.2204
4.0204;-3.2204
4.5057;-3.2204
4.9911;-3.2204
5.4764;-3.2204
45.2743;-3.2204
45.7596;-3.2204
46.2450;-3.2204
46.7303;-3.2204
47.2157;-3.2204
47.7010;-3.2204
48.1863;-3.2204
3.5351;-3.7057
4.0204;-3.7057
4.5057;-3.7057
4.9911;-3.7057
5.4764;-3.7057
5.9618;-3.7057
44.3036;-3.7057
44.7890;-3.7057
45.2743;-3.7057
45.7596;-3.7057
46.2450;-3.7057
46.7303;-3.7057
47.2157;-3.7057
47.7010;-3.7057
4.0204;-4.1911
4.5057;-4.1911
4.9911;-4.1911
5.4764;-4.1911
5.9618;-4.1911
6.4471;-4.1911
6.9324;-4.1911
43.8183;-4.1911
44.3036;-4.1911
44.7890;-4.1911
45.2743;-4.1911
45.7596;-4.1911
46.2450;-4.1911
46.7303;-4.1911
4.9911;-4.6764
5.4764;-4.6764
5.9618;-4.6764
6.4471;-4.6764
6.9324;-4.6764
7.4178;-4.6764
42.8476;-4.6764
43.3329;-4.6764
43.8183;-4.6764
44.3036;-4.6764
44.7890;-4.6764
45.2743;-4.6764
45.7596;-4.6764
5.4764;-5.1618
5.9618;-5.1618
6.4471;-5.1618
6.9324;-5.1618
7.4178;-5.1618
7.9031;-5.1618
42.3623;-5.1618
42.8476;-5.1618
43.3329;-5.1618
43.8183;-5.1618
44.3036;-5.1618
44.7890;-5.1618
45.2743;-5.1618
5.9618;-5.6471
6.4471;-5.6471
6.9324;-5.6471
7.4178;-5.6471
7.9031;-5.6471
8.3885;-5.6471
8.8738;-5.6471
41.3916;-5.6471
41.8769;-5.6471
42.3623;-5.6471
42.8476;-5.6471
43.3329;-5.6471
43.8183;-5.6471
44.3036;-5.6471
6.9324;-6.1324
7.4178;-6.1324
7.9031;-6.1324
8.3885;-6.1324
8.8738;-6.1324
9.3591;-6.1324
40.9062;-6.1324
41.3916;-6.1324
41.8769;-6.1324
42.3623;-6.1324
42.8476;-6.1324
43.3329;-6.1324
43.8183;-6.1324
7.4178;-6.6178
7.9031;-6.6178
8.3885;-6.6178
8.8738;-6.6178
9.3591;-6.6178
9.8445;-6.6178
39.9356;-6.6178
40.4209;-6.6178
40.9062;-6.6178
41.3916;-6.6178
41.8769;-6.6178
42.3623;-6.6178
42.8476;-6.6178
7.9031;-7.1031
8.3885;-7.1031
8.8738;-7.1031
9.3591;-7.1031
9.8445;-7.1031
10.3298;-7.1031
39.4502;-7.1031
39.9356;-7.1031
40.4209;-7.1031
40.9062;-7.1031
41.3916;-7.1031
41.8769;-7.1031
8.8738;-7.5885
9.3591;-7.5885
9.8445;-7.5885
10.3298;-7.5885
10.8152;-7.5885
11.3005;-7.5885
38.9649;-7.5885
39.4502;-7.5885
39.9356;-7.5885
40.4209;-7.5885
40.9062;-7.5885
41.3916;-7.5885
9.3591;-8.0738
9.8445;-8.0738
10.3298;-8.0738
10.8152;-8.0738
11.3005;-8.0738
11.7858;-8.0738
38.4795;-8.0738
38.9649;-8.0738
39.4502;-8.0738
39.9356;-8.0738
40.4209;-8.0738
9.8445;-8.5591
10.3298;-8.5591
10.8152;-8.5591
11.3005;-8.5591
11.7858;-8.5591
12.2712;-8.5591
37.9942;-8.5591
38.4795;-8.5591
38.9649;-8.5591
39.4502;-8.5591
39.9356;-8.5591
10.8152;-9.0445
11.3005;-9.0445
11.7858;-9.0445
12.2712;-9.0445
12.7565;-9.0445
13.2419;-9.0445
37.5089;-9.0445
37.9942;-9.0445
38.4795;-9.0445
38.9649;-9.0445
39.4502;-9.0445
11.3005;-9.5298
11.7858;-9.5298
12.2712;-9.5298
12.7565;-9.5298
13.2419;-9.5298
13.7272;-9.5298
37.5089;-9.5298
37.9942;-9.5298
38.4795;-9.5298
38.9649;-9.5298
11.7858;-10.0152
12.2712;-10.0152
12.7565;-10.0152
13.2419;-10.0152
13.7272;-10.0152
14.2125;-10.0152
37.0235;-10.0152
37.5089;-10.0152
37.9942;-10.0152
38.4795;-10.0152
38.9649;-10.0152
12.2712;-10.5005
12.7565;-10.5005
13.2419;-10.5005
13.7272;-10.5005
14.2125;-10.5005
14.6979;-10.5005
15.1832;-10.5005
37.0235;-10.5005
37.5089;-10.5005
37.9942;-10.5005
38.4795;-10.5005
13.2419;-10.9858
13.7272;-10.9858
14.2125;-10.9858
14.6979;-10.9858
15.1832;-10.9858
15.6686;-10.9858
36.5382;-10.9858
37.0235;-10.9858
37.5089;-10.9858
37.9942;-10.9858
38.4795;-10.9858
13.7272;-11.4712
14.2125;-11.4712
14.6979;-11.4712
15.1832;-11.4712
15.6686;-11.4712
16.1539;-11.4712
36.5382;-11.4712
37.0235;-11.4712
37.5089;-11.4712
37.9942;-11.4712
14.2125;-11.9565
14.6979;-11.9565
15.1832;-11.9565
15.6686;-11.9565
16.1539;-11.9565
16.6392;-11.9565
17.1246;-11.9565
36.5382;-11.9565
37.0235;-11.9565
37.5089;-11.9565
37.9942;-11.9565
15.1832;-12.4419
15.6686;-12.4419
16.1539;-12.4419
16.6392;-12.4419
17.1246;-12.4419
17.6099;-12.4419
36.5382;-12.4419
37.0235;-12.4419
37.5089;-12.4419
15.6686;-12.9272
16.1539;-12.9272
16.6392;-12.9272
17.1246;-12.9272
17.6099;-12.9272
18.0953;-12.9272
36.0528;-12.9272
36.5382;-12.9272
37.0235;-12.9272
37.5089;-12.9272
16.1539;-13.4125
16.6392;-13.4125
17.1246;-13.4125
17.6099;-13.4125
18.0953;-13.4125
18.5806;-13.4125
19.0659;-13.4125
36.0528;-13.4125
36.5382;-13.4125
37.0235;-13.4125
37.5089;-13.4125
17.1246;-13.8979
17.6099;-13.8979
18.0953;-13.8979
18.5806;-13.8979
19.0659;-13.8979
19.5513;-13.8979
36.0528;-13.8979
36.5382;-13.8979
37.0235;-13.8979
37.5089;-13.8979
17.6099;-14.3832
18.0953;-14.3832
18.5806;-14.3832
19.0659;-14.3832
19.5513;-14.3832
20.0366;-14.3832
36.0528;-14.3832
36.5382;-14.3832
37.0235;-14.3832
37.5089;-14.3832
18.0953;-14.8686
18.5806;-14.8686
19.0659;-14.8686
19.5513;-14.8686
20.0366;-14.8686
20.5220;-14.8686
36.0528;-14.8686
36.5382;-14.8686
37.0235;-14.8686
37.5089;-14.8686
19.0659;-15.3539
19.5513;-15.3539
20.0366;-15.3539
20.5220;-15.3539
21.0073;-15.3539
21.4926;-15.3539
36.0528;-15.3539
36.5382;-15.3539
37.0235;-15.3539
37.5089;-15.3539
19.5513;-15.8392
20.0366;-15.8392
20.5220;-15.8392
21.0073;-15.8392
21.4926;-15.8392
21.9780;-15.8392
36.5382;-15.8392
37.0235;-15.8392
37.5089;-15.8392
20.0366;-16.3246
20.5220;-16.3246
21.0073;-16.3246
21.4926;-16.3246
21.9780;-16.3246
22.4633;-16.3246
36.5382;-16.3246
37.0235;-16.3246
37.5089;-16.3246
37.9942;-16.3246
20.5220;-16.8099
21.0073;-16.8099
21.4926;-16.8099
21.9780;-16.8099
22.4633;-16.8099
22.9487;-16.8099
23.4340;-16.8099
36.5382;-16.8099
37.0235;-16.8099
37.5089;-16.8099
37.9942;-16.8099
21.4926;-17.2953
21.9780;-17.2953
22.4633;-17.2953
22.9487;-17.2953
23.4340;-17.2953
23.9193;-17.2953
36.5382;-17.2953
37.0235;-17.2953
37.5089;-17.2953
37.9942;-17.2953
21.9780;-17.7806
22.4633;-17.7806
22.9487;-17.7806
23.4340;-17.7806
23.9193;-17.7806
24.4047;-17.7806
37.0235;-17.7806
37.5089;-17.7806
37.9942;-17.7806
38.4795;-17.7806
22.4633;-18.2659
22.9487;-18.2659
23.4340;-18.2659
23.9193;-18.2659
24.4047;-18.2659
24.8900;-18.2659
25.3754;-18.2659
37.0235;-18.2659
37.5089;-18.2659
37.9942;-18.2659
38.4795;-18.2659
23.4340;-18.7513
23.9193;-18.7513
24.4047;-18.7513
24.8900;-18.7513
25.3754;-18.7513
25.8607;-18.7513
37.0235;-18.7513
37.5089;-18.7513
37.9942;-18.7513
38.4795;-18.7513
23.9193;-19.2366
24.4047;-19.2366
24.8900;-19.2366
25.3754;-19.2366
25.8607;-19.2366
26.3460;-19.2366
37.5089;-19.2366
37.9942;-19.2366
38.4795;-19.2366
38.9649;-19.2366
24.4047;-19.7220
24.8900;-19.7220
25.3754;-19.7220
25.8607;-19.7220
26.3460;-19.7220
26.8314;-19.7220
27.3167;-19.7220
37.5089;-19.7220
37.9942;-19.7220
38.4795;-19.7220
38.9649;-19.7220
25.3754;-20.2073
25.8607;-20.2073
26.3460;-20.2073
26.8314;-20.2073
27.3167;-20.2073
27.8021;-20.2073
37.9942;-20.2073
38.4795;-20.2073
38.9649;-20.2073
39.4502;-20.2073
25.8607;-20.6926
26.3460;-20.6926
26.8314;-20.6926
27.3167;-20.6926
27.8021;-20.6926
28.2874;-20.6926
37.9942;-20.6926
38.4795;-20.6926
38.9649;-20.6926
39.4502;-20.6926
26.3460;-21.1780
26.8314;-21.1780
27.3167;-21.1780
27.8021;-21.1780
28.2874;-21.1780
28.7727;-21.1780
37.9942;-21.1780
38.4795;-21.1780
38.9649;-21.1780
39.4502;-21.1780
27.3167;-21.6633
27.8021;-21.6633
28.2874;-21.6633
28.7727;-21.6633
29.2581;-21.6633
29.7434;-21.6633
38.4795;-21.6633
38.9649;-21.6633
39.4502;-21.6633
39.9356;-21.6633
27.8021;-22.1487
28.2874;-22.1487
28.7727;-22.1487
29.2581;-22.1487
29.7434;-22.1487
30.2288;-22.1487
38.4795;-22.1487
38.9649;-22.1487
39.4502;-22.1487
39.9356;-22.1487
28.2874;-22.6340
28.7727;-22.6340
29.2581;-22.6340
29.7434;-22.6340
30.2288;-22.6340
30.7141;-22.6340
38.4795;-22.6340
38.9649;-22.6340
39.4502;-22.6340
39.9356;-22.6340
28.7727;-23.1193
29.2581;-23.1193
29.7434;-23.1193
30.2288;-23.1193
30.7141;-23.1193
31.1994;-23.1193
31.6848;-23.1193
38.9649;-23.1193
39.4502;-23.1193
39.9356;-23.1193
40.4209;-23.1193
29.7434;-23.6047
30.2288;-23.6047
30.7141;-23.6047
31.1994;-23.6047
31.6848;-23.6047
32.1701;-23.6047
38.9649;-23.6047
39.4502;-23.6047
39.9356;-23.6047
40.4209;-23.6047
30.2288;-24.0900
30.7141;-24.0900
31.1994;-24.0900
31.6848;-24.0900
32.1701;-24.0900
32.6555;-24.0900
38.9649;-24.0900
39.4502;-24.0900
39.9356;-24.0900
40.4209;-24.0900
30.7141;-24.5754
31.1994;-24.5754
31.6848;-24.5754
32.1701;-24.5754
32.6555;-24.5754
33.1408;-24.5754
33.6261;-24.5754
39.4502;-24.5754
39.9356;-24.5754
40.4209;-24.5754
40.9062;-24.5754
31.6848;-25.0607
32.1701;-25.0607
32.6555;-25.0607
33.1408;-25.0607
33.6261;-25.0607
34.1115;-25.0607
39.4502;-25.0607
39.9356;-25.0607
40.4209;-25.0607
40.9062;-25.0607
32.1701;-25.5460
32.6555;-25.5460
33.1408;-25.5460
33.6261;-25.5460
34.1115;-25.5460
34.5968;-25.5460
39.4502;-25.5460
39.9356;-25.5460
40.4209;-25.5460
40.9062;-25.5460
32.6555;-26.0314
33.1408;-26.0314
33.6261;-26.0314
34.1115;-26.0314
34.5968;-26.0314
35.0822;-26.0314
35.5675;-26.0314
39.9356;-26.0314
40.4209;-26.0314
40.9062;-26.0314
41.3916;-26.0314
33.6261;-26.5167
34.1115;-26.5167
34.5968;-26.5167
35.0822;-26.5167
35.5675;-26.5167
36.0528;-26.5167
39.9356;-26.5167
40.4209;-26.5167
40.9062;-26.5167
41.3916;-26.5167
34.1115;-27.0021
34.5968;-27.0021
35.0822;-27.0021
35.5675;-27.0021
36.0528;-27.0021
36.5382;-27.0021
39.9356;-27.0021
40.4209;-27.0021
40.9062;-27.0021
41.3916;-27.0021
34.5968;-27.4874
35.0822;-27.4874
35.5675;-27.4874
36.0528;-27.4874
36.5382;-27.4874
37.0235;-27.4874
37.5089;-27.4874
40.4209;-27.4874
40.9062;-27.4874
41.3916;-27.4874
41.8769;-27.4874
35.5675;-27.9727
36.0528;-27.9727
36.5382;-27.9727
37.0235;-27.9727
37.5089;-27.9727
37.9942;-27.9727
38.4795;-27.9727
38.9649;-27.9727
40.4209;-27.9727
40.9062;-27.9727
41.3916;-27.9727
41.8769;-27.9727
36.0528;-28.4581
36.5382;-28.4581
37.0235;-28.4581
37.5089;-28.4581
37.9942;-28.4581
38.4795;-28.4581
38.9649;-28.4581
39.4502;-28.4581
39.9356;-28.4581
40.4209;-28.4581
40.9062;-28.4581
41.3916;-28.4581
41.8769;-28.4581
37.0235;-28.9434
37.5089;-28.9434
37.9942;-28.9434
38.4795;-28.9434
38.9649;-28.9434
39.4502;-28.9434
39.9356;-28.9434
40.4209;-28.9434
40.9062;-28.9434
41.3916;-28.9434
41.8769;-28.9434
37.9942;-29.4288
38.4795;-29.4288
38.9649;-29.4288
39.4502;-29.4288
39.9356;-29.4288
40.4209;-29.4288
40.9062;-29.4288
41.3916;-29.4288
38.9649;-29.9141
39.4502;-29.9141
39.9356;-29.9141
40.4209;-29.9141
40.9062;-29.9141
