# s_m; t_s; ax_mps2; ay_mps2; atot_mps2
0.0; 0.000; -2.091; -1.405; 2.519
0.2; 0.036; -7.494; -3.632; 8.328
0.4; 0.074; -5.937; -5.477; 8.077
0.6; 0.113; -4.842; -6.637; 8.215
0.8; 0.154; -4.200; -7.240; 8.370
1.0; 0.196; -3.987; -7.389; 8.396
1.2; 0.240; -3.991; -7.362; 8.374
1.4; 0.285; -4.136; -7.233; 8.332
1.6; 0.332; -4.406; -7.007; 8.277
1.8; 0.380; -4.788; -6.681; 8.219
2.0; 0.429; -5.263; -6.256; 8.176
2.2; 0.476; -5.801; -5.752; 8.169
2.4; 0.520; -6.361; -5.199; 8.215
2.6; 0.561; -6.918; -4.622; 8.320
2.8; 0.599; -7.468; -4.019; 8.481
3.0; 0.635; -6.291; -3.565; 7.231
3.2; 0.667; -5.034; -3.263; 5.999
3.4; 0.696; -4.543; -3.029; 5.460
3.6; 0.723; -3.928; -2.878; 4.869
3.8; 0.750; -3.301; -2.764; 4.306
4.0; 0.779; -2.629; -2.679; 3.754
4.2; 0.813; -1.944; -2.623; 3.265
4.4; 0.858; -1.319; -2.597; 2.913
4.6; 0.923; -0.802; -2.596; 2.717
4.8; 1.016; -0.472; -2.612; 2.654
5.0; 1.137; -0.169; -2.741; 2.746
5.2; 1.271; 0.040; -2.959; 2.959
5.4; 1.405; 0.473; -3.304; 3.338
5.6; 1.531; 1.009; -3.665; 3.801
5.8; 1.641; 2.729; -4.235; 5.039
6.0; 1.736; 3.359; -4.658; 5.743
6.2; 1.821; 3.158; -5.001; 5.914
6.4; 1.897; 2.966; -5.320; 6.091
6.6; 1.968; 2.788; -5.610; 6.265
6.8; 2.035; 2.623; -5.875; 6.434
7.0; 2.098; 2.471; -6.115; 6.595
7.2; 2.156; 2.330; -6.332; 6.747
7.4; 2.212; 2.271; -6.438; 6.827
7.6; 2.264; 2.421; -6.265; 6.717
7.8; 2.313; 2.716; -5.882; 6.479
8.0; 2.359; 3.093; -5.348; 6.178
8.2; 2.402; 3.506; -4.712; 5.873
8.4; 2.444; 3.919; -4.013; 5.609
8.6; 2.483; 4.311; -3.283; 5.419
8.8; 2.520; 4.664; -2.554; 5.318
9.0; 2.557; 4.966; -1.863; 5.303
9.2; 2.592; 5.205; -1.249; 5.353
9.4; 2.626; 5.375; -0.764; 5.429
9.6; 2.660; 5.468; -0.468; 5.488
9.8; 2.693; 5.488; -0.390; 5.502
10.0; 2.725; 5.439; -0.524; 5.465
10.2; 2.756; 5.320; -0.864; 5.390
10.4; 2.787; 5.117; -1.409; 5.308
10.6; 2.817; 4.815; -2.152; 5.274
10.8; 2.847; 4.398; -3.073; 5.365
11.0; 2.876; 3.865; -4.128; 5.655
11.2; 2.905; 3.241; -5.235; 6.157
11.4; 2.934; 2.588; -6.278; 6.790
11.6; 2.963; 1.978; -7.151; 7.420
11.8; 2.991; 1.461; -7.806; 7.942
12.0; 3.020; 1.052; -8.254; 8.321
12.2; 3.048; 0.742; -8.541; 8.573
12.4; 3.077; 0.510; -8.714; 8.729
12.6; 3.105; 0.335; -8.813; 8.820
12.8; 3.133; 0.203; -8.867; 8.869
13.0; 3.160; 0.101; -8.893; 8.894
13.2; 3.187; 0.021; -8.904; 8.904
13.4; 3.213; -0.042; -8.905; 8.906
13.6; 3.239; -0.094; -8.903; 8.903
13.8; 3.264; -0.138; -8.899; 8.900
14.0; 3.289; -0.172; -8.895; 8.897
14.2; 3.313; -0.189; -8.895; 8.897
14.4; 3.337; -0.172; -8.898; 8.900
14.6; 3.361; -0.137; -8.904; 8.905
14.8; 3.386; -0.098; -8.911; 8.912
15.0; 3.410; -0.059; -8.918; 8.918
15.2; 3.435; -0.020; -8.923; 8.923
15.4; 3.460; 0.019; -8.923; 8.923
15.6; 3.487; 0.055; -8.916; 8.916
15.8; 3.514; 0.087; -8.900; 8.900
16.0; 3.541; 0.107; -8.869; 8.870
16.2; 3.569; 0.103; -8.815; 8.816
16.4; 3.598; 0.051; -8.717; 8.717
16.6; 3.628; -2.201; -8.384; 8.668
16.8; 3.658; -2.665; -8.238; 8.658
17.0; 3.689; -2.797; -8.164; 8.630
17.2; 3.720; -2.918; -8.094; 8.604
17.4; 3.752; -3.043; -8.014; 8.572
17.6; 3.784; -3.171; -7.922; 8.533
17.8; 3.818; -3.302; -7.819; 8.487
18.0; 3.851; -3.432; -7.707; 8.436
18.2; 3.886; -3.555; -7.590; 8.381
18.4; 3.922; -3.663; -7.476; 8.325
18.6; 3.958; -3.731; -7.381; 8.270
18.8; 3.996; -2.431; -7.431; 7.819
19.0; 4.034; -1.911; -7.391; 7.634
19.2; 4.073; -1.786; -7.292; 7.508
19.4; 4.114; -1.739; -7.185; 7.393
19.6; 4.155; -1.478; -7.119; 7.271
19.8; 4.198; -1.261; -7.054; 7.165
20.0; 4.242; -1.049; -6.994; 7.072
20.2; 4.287; -0.825; -6.941; 6.990
20.4; 4.333; -0.597; -6.895; 6.921
20.6; 4.382; -0.370; -6.855; 6.865
20.8; 4.431; -0.148; -6.821; 6.823
21.0; 4.482; 0.064; -6.793; 6.793
21.2; 4.535; 0.257; -6.770; 6.775
21.4; 4.589; 0.417; -6.750; 6.763
21.6; 4.645; 0.620; -6.746; 6.774
21.8; 4.701; 0.798; -6.748; 6.795
22.0; 4.759; 0.961; -6.761; 6.829
22.2; 4.816; 1.114; -6.785; 6.876
22.4; 4.872; 1.260; -6.823; 6.939
22.6; 4.928; 1.411; -6.878; 7.022
22.8; 4.983; 1.745; -6.983; 7.197
23.0; 5.037; 1.738; -7.057; 7.268
23.2; 5.089; 1.819; -7.161; 7.389
23.4; 5.140; 1.913; -7.290; 7.537
23.6; 5.189; 1.967; -7.436; 7.691
23.8; 5.237; 1.880; -7.575; 7.805
24.0; 5.282; 1.711; -7.713; 7.900
24.2; 5.325; 1.524; -7.861; 8.008
24.4; 5.365; 1.314; -8.021; 8.128
24.6; 5.401; 1.080; -8.188; 8.259
24.8; 5.433; 0.822; -8.356; 8.396
25.0; 5.461; 0.547; -8.512; 8.529
25.2; 5.485; 0.266; -8.639; 8.643
25.4; 5.505; -0.004; -8.720; 8.720
25.6; 5.521; -0.245; -8.750; 8.753
25.8; 5.533; -0.345; -8.765; 8.772
26.0; 5.544; -0.206; -8.796; 8.798
26.2; 5.555; -0.028; -8.764; 8.764
26.4; 5.569; 0.247; -8.619; 8.622
26.6; 5.589; 0.712; -8.252; 8.282
26.8; 5.616; 1.342; -7.607; 7.724
27.0; 5.650; 1.827; -7.025; 7.259
27.2; 5.690; 1.996; -6.814; 7.100
27.4; 5.732; 1.984; -6.841; 7.123
27.6; 5.777; 1.910; -6.950; 7.207
27.8; 5.821; 2.013; -6.834; 7.125
28.0; 5.866; 2.496; -6.212; 6.695
28.2; 5.910; 3.253; -5.118; 6.064
28.4; 5.952; 4.113; -3.663; 5.507
28.6; 5.993; 4.942; -1.932; 5.306
28.8; 6.033; 5.629; 0.000; 5.629
29.0; 6.071; 4.830; 2.194; 5.305
29.2; 6.108; 3.673; 4.504; 5.812
29.4; 6.146; -4.493; 6.507; 7.907
29.6; 6.185; -3.972; 7.485; 8.474
29.8; 6.224; -3.506; 7.778; 8.532
30.0; 6.264; -3.280; 7.912; 8.565
30.2; 6.303; -3.175; 7.952; 8.562
30.4; 6.340; -3.159; 7.941; 8.546
30.6; 6.373; -3.065; 7.933; 8.505
30.8; 6.401; -2.509; 8.029; 8.412
31.0; 6.423; -1.271; 8.272; 8.369
31.2; 6.442; -0.415; 8.396; 8.406
31.4; 6.458; 0.210; 8.420; 8.423
31.6; 6.475; 0.670; 8.355; 8.381
31.8; 6.493; 0.874; 8.188; 8.234
32.0; 6.514; 1.054; 8.004; 8.073
32.2; 6.540; 1.208; 7.840; 7.932
32.4; 6.569; 1.312; 7.727; 7.838
32.6; 6.602; 1.357; 7.681; 7.799
32.8; 6.638; 1.355; 7.690; 7.808
33.0; 6.677; 1.322; 7.734; 7.846
33.2; 6.716; 1.272; 7.797; 7.900
33.4; 6.756; 1.216; 7.866; 7.960
33.6; 6.795; 1.157; 7.937; 8.021
33.8; 6.835; 1.099; 8.005; 8.080
34.0; 6.874; 1.375; 7.675; 7.797
34.2; 6.912; 2.159; 6.708; 7.047
34.4; 6.950; 3.303; 5.055; 6.038
34.6; 6.986; 4.416; 3.057; 5.371
34.8; 7.021; 5.327; 0.898; 5.402
35.0; 7.056; -2.091; -1.405; 2.519
