#x_m,y_m
2.5000000000000018,8.46
2.5000000000000018,8.510000000000002
2.5000000000000018,8.559999999999999
2.5000000000000018,8.61
2.5000000000000018,8.66
2.5000000000000018,8.71
2.5000000000000018,8.760000000000002
2.5000000000000018,8.809999999999999
2.5000000000000018,8.86
2.5000000000000018,8.91
2.5000000000000018,8.96
2.5000000000000018,9.010000000000002
2.5000000000000018,9.059999999999999
2.5000000000000018,9.11
2.5000000000000018,9.16
2.5000000000000018,9.21
2.5000000000000018,9.260000000000002
2.450000000000001,9.309999999999999
2.450000000000001,9.36
2.450000000000001,9.41
2.450000000000001,9.46
2.450000000000001,9.510000000000002
2.450000000000001,9.559999999999999
2.450000000000001,9.61
2.450000000000001,9.66
2.450000000000001,9.71
2.450000000000001,9.760000000000002
2.450000000000001,9.809999999999999
2.450000000000001,9.86
2.450000000000001,9.91
2.450000000000001,9.96
2.450000000000001,10.010000000000002
2.4000000000000004,10.059999999999999
2.4000000000000004,10.11
2.4000000000000004,10.16
2.4000000000000004,10.21
2.4000000000000004,10.260000000000002
2.4000000000000004,10.309999999999999
2.4000000000000004,10.36
2.4000000000000004,10.41
2.4000000000000004,10.46
2.4000000000000004,10.509999999999998
2.4000000000000004,10.559999999999999
2.4000000000000004,10.61
2.4000000000000004,10.66
2.4000000000000004,10.71
2.4000000000000004,10.759999999999998
2.4000000000000004,10.809999999999999
2.4000000000000004,10.86
2.4000000000000004,10.91
2.3500000000000014,10.96
2.3500000000000014,11.009999999999998
2.3500000000000014,11.059999999999999
2.3500000000000014,11.11
2.3500000000000014,11.16
2.3500000000000014,11.21
2.4000000000000004,11.259999999999998
2.4000000000000004,11.309999999999999
2.4000000000000004,11.36
2.4000000000000004,11.41
2.4000000000000004,11.46
2.4000000000000004,11.509999999999998
2.4000000000000004,11.559999999999999
2.4000000000000004,11.61
2.4000000000000004,11.66
2.4000000000000004,11.71
2.4000000000000004,11.759999999999998
2.450000000000001,11.809999999999999
2.5000000000000018,11.86
2.5500000000000007,11.86
2.6000000000000014,11.86
2.6500000000000004,11.86
2.700000000000001,11.86
2.7500000000000018,11.86
2.8000000000000007,11.86
2.8500000000000014,11.86
2.9000000000000004,11.86
2.950000000000001,11.86
3.0000000000000018,11.91
3.0500000000000007,11.91
3.1000000000000014,11.91
3.1500000000000004,11.91
3.200000000000001,11.91
3.2500000000000018,11.91
3.3000000000000007,11.91
3.3500000000000014,11.91
3.4000000000000004,11.91
3.450000000000001,11.91
3.5000000000000018,11.91
3.5500000000000007,11.91
3.6000000000000014,11.91
3.6500000000000004,11.91
3.700000000000001,11.91
3.7500000000000018,11.91
3.8000000000000007,11.91
3.8500000000000014,11.91
3.9000000000000004,11.91
3.950000000000001,11.91
4.000000000000002,11.96
4.0500000000000025,11.96
4.1,11.91
4.15,11.86
4.200000000000001,11.86
4.250000000000002,11.86
4.3000000000000025,11.809999999999999
4.35,11.809999999999999
4.4,11.809999999999999
4.450000000000001,11.809999999999999
4.500000000000002,11.759999999999998
4.5500000000000025,11.759999999999998
4.6,11.759999999999998
4.65,11.71
4.700000000000001,11.71
4.750000000000002,11.66
4.8000000000000025,11.61
4.85,11.559999999999999
4.9,11.509999999999998
4.950000000000001,11.46
5.000000000000002,11.41
5.0500000000000025,11.36
5.1,11.309999999999999
5.15,11.259999999999998
5.200000000000001,11.21
5.200000000000001,11.16
5.250000000000002,11.11
5.250000000000002,11.059999999999999
5.250000000000002,11.009999999999998
5.250000000000002,10.96
5.250000000000002,10.91
5.250000000000002,10.86
5.3000000000000025,10.809999999999999
5.3000000000000025,10.759999999999998
5.3000000000000025,10.71
5.3000000000000025,10.66
5.3000000000000025,10.61
5.3000000000000025,10.559999999999999
5.3000000000000025,10.509999999999998
5.3000000000000025,10.46
5.3000000000000025,10.41
5.3000000000000025,10.36
5.3000000000000025,10.309999999999999
5.3000000000000025,10.260000000000002
5.35,10.21
5.35,10.16
5.35,10.11
5.35,10.059999999999999
5.35,10.010000000000002
5.35,9.96
5.35,9.91
5.35,9.86
5.4,9.809999999999999
5.4,9.760000000000002
5.4,9.71
5.450000000000001,9.66
5.450000000000001,9.61
5.450000000000001,9.559999999999999
5.500000000000002,9.510000000000002
5.500000000000002,9.46
5.500000000000002,9.41
5.500000000000002,9.36
5.5500000000000025,9.309999999999999
5.5500000000000025,9.260000000000002
5.5500000000000025,9.21
5.5500000000000025,9.16
5.5500000000000025,9.11
5.5500000000000025,9.059999999999999
5.5500000000000025,9.010000000000002
5.5500000000000025,8.96
5.5500000000000025,8.91
5.5500000000000025,8.86
5.6,8.809999999999999
5.6,8.760000000000002
5.6,8.71
5.6,8.66
5.6,8.61
5.6,8.559999999999999
5.6,8.510000000000002
5.6,8.46
5.6,8.41
5.6,8.36
5.6,8.309999999999999
5.6,8.260000000000002
5.65,8.21
5.65,8.16
5.65,8.11
5.65,8.059999999999999
5.65,8.010000000000002
5.65,7.96
5.65,7.910000000000001
5.700000000000001,7.86
5.700000000000001,7.81
5.700000000000001,7.760000000000001
5.700000000000001,7.71
5.700000000000001,7.660000000000001
5.700000000000001,7.61
5.700000000000001,7.56
5.750000000000002,7.510000000000001
5.750000000000002,7.46
5.750000000000002,7.410000000000001
5.750000000000002,7.36
5.750000000000002,7.31
5.750000000000002,7.260000000000001
5.750000000000002,7.21
5.750000000000002,7.160000000000001
5.750000000000002,7.11
5.750000000000002,7.06
5.750000000000002,7.010000000000001
5.750000000000002,6.96
5.8000000000000025,6.910000000000001
5.8000000000000025,6.86
5.8000000000000025,6.81
5.8000000000000025,6.760000000000001
5.8000000000000025,6.71
5.8000000000000025,6.660000000000001
5.8000000000000025,6.61
5.8000000000000025,6.56
5.8000000000000025,6.510000000000001
5.85,6.46
5.85,6.410000000000001
5.85,6.36
5.85,6.31
5.85,6.260000000000001
5.85,6.21
5.85,6.160000000000001
5.85,6.11
5.85,6.06
5.9,6.010000000000001
5.950000000000001,5.96
5.950000000000001,5.910000000000001
5.950000000000001,5.86
5.950000000000001,5.81
5.950000000000001,5.760000000000001
5.950000000000001,5.71
5.950000000000001,5.660000000000001
5.950000000000001,5.61
5.950000000000001,5.56
5.950000000000001,5.510000000000001
5.950000000000001,5.46
5.950000000000001,5.410000000000001
6.000000000000002,5.36
6.000000000000002,5.31
6.000000000000002,5.260000000000001
6.000000000000002,5.21
6.000000000000002,5.160000000000001
6.000000000000002,5.11
6.000000000000002,5.06
6.000000000000002,5.010000000000001
6.0500000000000025,4.96
6.0500000000000025,4.910000000000001
6.1,4.86
6.1,4.81
6.15,4.760000000000001
6.200000000000001,4.71
6.200000000000001,4.660000000000001
6.200000000000001,4.61
6.250000000000002,4.56
6.250000000000002,4.510000000000001
6.250000000000002,4.46
6.250000000000002,4.410000000000001
6.250000000000002,4.36
6.250000000000002,4.31
6.250000000000002,4.260000000000001
6.3000000000000025,4.21
6.3000000000000025,4.160000000000001
6.35,4.11
6.35,4.06
6.35,4.010000000000001
6.4,3.96
6.4,3.910000000000001
6.450000000000001,3.8600000000000003
6.450000000000001,3.8099999999999996
6.450000000000001,3.7600000000000007
6.450000000000001,3.71
6.450000000000001,3.6599999999999993
6.450000000000001,3.6100000000000003
6.450000000000001,3.5599999999999996
6.450000000000001,3.5100000000000007
6.450000000000001,3.46
6.450000000000001,3.4099999999999993
6.450000000000001,3.3600000000000003
6.450000000000001,3.3099999999999996
6.500000000000002,3.2600000000000007
6.500000000000002,3.21
6.500000000000002,3.1599999999999993
6.500000000000002,3.1100000000000003
6.500000000000002,3.0599999999999996
6.500000000000002,3.0100000000000007
6.500000000000002,2.96
6.500000000000002,2.9099999999999993
6.500000000000002,2.8600000000000003
6.500000000000002,2.8099999999999996
6.500000000000002,2.7600000000000007
6.450000000000001,2.71
6.450000000000001,2.6599999999999993
6.450000000000001,2.6100000000000003
6.450000000000001,2.5599999999999996
6.450000000000001,2.5100000000000007
6.450000000000001,2.46
6.450000000000001,2.4099999999999993
6.450000000000001,2.3600000000000003
6.450000000000001,2.3099999999999996
6.4,2.26
6.4,2.21
6.4,2.16
6.35,2.1100000000000003
6.35,2.0599999999999996
6.35,2.01
6.3000000000000025,1.96
6.3000000000000025,1.9100000000000001
6.3000000000000025,1.8600000000000003
6.250000000000002,1.8099999999999996
6.250000000000002,1.7599999999999998
6.250000000000002,1.71
6.250000000000002,1.6600000000000001
6.200000000000001,1.6100000000000003
6.200000000000001,1.5599999999999996
6.200000000000001,1.5099999999999998
6.15,1.46
6.15,1.4100000000000001
6.1,1.3600000000000003
6.0500000000000025,1.3099999999999996
6.000000000000002,1.2599999999999998
5.950000000000001,1.21
5.9,1.21
5.85,1.1600000000000001
5.8000000000000025,1.1600000000000001
5.750000000000002,1.1100000000000003
5.700000000000001,1.1100000000000003
5.65,1.0599999999999996
5.6,1.0099999999999998
5.5500000000000025,1.0099999999999998
5.500000000000002,1.0099999999999998
5.450000000000001,1.0099999999999998
5.4,0.96
5.35,0.96
5.3000000000000025,0.96
5.250000000000002,0.9100000000000001
5.200000000000001,0.9100000000000001
5.15,0.9100000000000001
5.1,0.9100000000000001
5.0500000000000025,0.9100000000000001
5.000000000000002,0.9100000000000001
4.950000000000001,0.9100000000000001
4.9,0.8600000000000003
4.85,0.8600000000000003
4.8000000000000025,0.8600000000000003
4.750000000000002,0.8600000000000003
4.700000000000001,0.8099999999999996
4.65,0.8099999999999996
4.6,0.8099999999999996
4.5500000000000025,0.8099999999999996
4.500000000000002,0.8099999999999996
4.450000000000001,0.8099999999999996
4.4,0.7599999999999998
4.35,0.7599999999999998
4.3000000000000025,0.71
4.250000000000002,0.71
4.200000000000001,0.71
4.15,0.6600000000000001
4.1,0.6600000000000001
4.0500000000000025,0.6600000000000001
4.000000000000002,0.6100000000000003
3.950000000000001,0.6100000000000003
3.9000000000000004,0.6100000000000003
3.8500000000000014,0.6100000000000003
3.8000000000000007,0.6100000000000003
3.7500000000000018,0.5599999999999996
3.700000000000001,0.5599999999999996
3.6500000000000004,0.5599999999999996
3.6000000000000014,0.5599999999999996
3.5500000000000007,0.5599999999999996
3.5000000000000018,0.5599999999999996
3.450000000000001,0.5099999999999998
3.4000000000000004,0.5099999999999998
3.3500000000000014,0.5099999999999998
3.3000000000000007,0.5099999999999998
3.2500000000000018,0.5099999999999998
3.200000000000001,0.45999999999999996
3.1500000000000004,0.45999999999999996
3.1000000000000014,0.45999999999999996
3.0500000000000007,0.45999999999999996
3.0000000000000018,0.45999999999999996
2.950000000000001,0.45999999999999996
2.9000000000000004,0.41000000000000014
2.8500000000000014,0.41000000000000014
2.8000000000000007,0.41000000000000014
2.7500000000000018,0.41000000000000014
2.700000000000001,0.41000000000000014
2.6500000000000004,0.41000000000000014
2.6000000000000014,0.3600000000000003
2.5500000000000007,0.3600000000000003
2.5000000000000018,0.3600000000000003
2.450000000000001,0.3600000000000003
2.4000000000000004,0.3600000000000003
2.3500000000000014,0.3600000000000003
2.3000000000000007,0.3099999999999996
2.2500000000000018,0.3099999999999996
2.200000000000001,0.3099999999999996
2.1500000000000004,0.3099999999999996
2.1000000000000014,0.2599999999999998
2.0500000000000007,0.2599999999999998
2.0000000000000018,0.2599999999999998
1.950000000000001,0.2599999999999998
1.9000000000000004,0.2599999999999998
1.8500000000000014,0.20999999999999996
1.8000000000000007,0.20999999999999996
1.7500000000000018,0.20999999999999996
1.700000000000001,0.20999999999999996
1.6500000000000004,0.16000000000000014
1.6000000000000014,0.16000000000000014
1.5500000000000007,0.16000000000000014
1.5000000000000018,0.16000000000000014
1.450000000000001,0.16000000000000014
1.4000000000000004,0.16000000000000014
1.3500000000000014,0.16000000000000014
1.3000000000000007,0.11000000000000032
1.2500000000000018,0.11000000000000032
1.200000000000001,0.11000000000000032
1.1500000000000004,0.11000000000000032
1.1000000000000014,0.05999999999999961
1.0500000000000007,0.05999999999999961
1.0000000000000018,0.05999999999999961
0.9500000000000011,0.05999999999999961
0.9000000000000004,0.009999999999999787
0.8500000000000014,0.009999999999999787
0.8000000000000007,0.009999999999999787
0.7500000000000018,0.009999999999999787
0.7000000000000011,0.009999999999999787
0.6500000000000004,0.009999999999999787
0.6000000000000014,0.009999999999999787
0.5500000000000007,0.009999999999999787
0.5000000000000018,0.009999999999999787
0.45000000000000107,0.009999999999999787
0.40000000000000036,-0.040000000000000036
0.3500000000000014,-0.040000000000000036
0.3000000000000007,-0.040000000000000036
0.2500000000000018,-0.040000000000000036
0.20000000000000107,-0.040000000000000036
0.15000000000000036,-0.040000000000000036
0.10000000000000142,-0.040000000000000036
0.05000000000000071,-0.040000000000000036
1.7763568394002505e-15,-0.08999999999999986
-0.049999999999998934,-0.08999999999999986
-0.09999999999999964,-0.08999999999999986
-0.14999999999999858,-0.08999999999999986
-0.1999999999999993,-0.08999999999999986
-0.24999999999999822,-0.08999999999999986
-0.29999999999999893,-0.08999999999999986
-0.34999999999999964,-0.08999999999999986
-0.3999999999999986,-0.08999999999999986
-0.4499999999999993,-0.08999999999999986
-0.4999999999999982,-0.08999999999999986
-0.5499999999999989,-0.040000000000000036
-0.5999999999999996,-0.040000000000000036
-0.6499999999999986,-0.040000000000000036
-0.6999999999999993,0.009999999999999787
-0.7499999999999982,0.009999999999999787
-0.7999999999999989,0.009999999999999787
-0.8499999999999996,0.009999999999999787
-0.8999999999999986,0.009999999999999787
-0.9499999999999993,0.009999999999999787
-0.9999999999999982,0.009999999999999787
-1.049999999999999,0.009999999999999787
-1.0999999999999996,0.009999999999999787
-1.1499999999999986,0.009999999999999787
-1.1999999999999993,0.009999999999999787
-1.2499999999999982,0.009999999999999787
-1.299999999999999,0.009999999999999787
-1.3499999999999996,0.009999999999999787
-1.3999999999999986,0.009999999999999787
-1.4499999999999993,0.009999999999999787
-1.4999999999999982,0.009999999999999787
-1.549999999999999,0.009999999999999787
-1.5999999999999996,0.009999999999999787
-1.6499999999999986,0.009999999999999787
-1.6999999999999993,0.009999999999999787
-1.7499999999999982,0.009999999999999787
-1.799999999999999,0.009999999999999787
-1.8499999999999996,0.05999999999999961
-1.8999999999999986,0.05999999999999961
-1.9499999999999993,0.05999999999999961
-1.9999999999999982,0.11000000000000032
-2.049999999999999,0.11000000000000032
-2.0999999999999996,0.16000000000000014
-2.1499999999999986,0.16000000000000014
-2.1999999999999993,0.20999999999999996
-2.2499999999999982,0.2599999999999998
-2.299999999999999,0.3099999999999996
-2.299999999999999,0.3600000000000003
-2.299999999999999,0.41000000000000014
-2.299999999999999,0.45999999999999996
-2.3499999999999996,0.5099999999999998
-2.299999999999999,0.5599999999999996
-2.299999999999999,0.6100000000000003
-2.299999999999999,0.6600000000000001
-2.299999999999999,0.71
-2.299999999999999,0.7599999999999998
-2.299999999999999,0.8099999999999996
-2.299999999999999,0.8600000000000003
-2.299999999999999,0.9100000000000001
-2.299999999999999,0.96
-2.299999999999999,1.0099999999999998
-2.299999999999999,1.0599999999999996
-2.299999999999999,1.1100000000000003
-2.299999999999999,1.1600000000000001
-2.299999999999999,1.21
-2.299999999999999,1.2599999999999998
-2.299999999999999,1.3099999999999996
-2.299999999999999,1.3600000000000003
-2.299999999999999,1.4100000000000001
-2.299999999999999,1.46
-2.299999999999999,1.5099999999999998
-2.299999999999999,1.5599999999999996
-2.299999999999999,1.6100000000000003
-2.299999999999999,1.6600000000000001
-2.299999999999999,1.71
-2.299999999999999,1.7599999999999998
-2.299999999999999,1.8099999999999996
-2.299999999999999,1.8600000000000003
-2.299999999999999,1.9100000000000001
-2.299999999999999,1.96
-2.299999999999999,2.01
-2.299999999999999,2.0599999999999996
-2.299999999999999,2.1100000000000003
-2.299999999999999,2.16
-2.299999999999999,2.21
-2.299999999999999,2.26
-2.299999999999999,2.3099999999999996
-2.299999999999999,2.3600000000000003
-2.299999999999999,2.4099999999999993
-2.299999999999999,2.46
-2.299999999999999,2.5100000000000007
-2.299999999999999,2.5599999999999996
-2.299999999999999,2.6100000000000003
-2.299999999999999,2.6599999999999993
-2.299999999999999,2.71
-2.299999999999999,2.7600000000000007
-2.299999999999999,2.8099999999999996
-2.299999999999999,2.8600000000000003
-2.299999999999999,2.9099999999999993
-2.299999999999999,2.96
-2.299999999999999,3.0100000000000007
-2.299999999999999,3.0599999999999996
-2.299999999999999,3.1100000000000003
-2.299999999999999,3.1599999999999993
-2.299999999999999,3.21
-2.299999999999999,3.2600000000000007
-2.299999999999999,3.3099999999999996
-2.299999999999999,3.3600000000000003
-2.299999999999999,3.4099999999999993
-2.299999999999999,3.46
-2.299999999999999,3.5100000000000007
-2.299999999999999,3.5599999999999996
-2.299999999999999,3.6100000000000003
-2.299999999999999,3.6599999999999993
-2.299999999999999,3.71
-2.299999999999999,3.7600000000000007
-2.3499999999999996,3.8099999999999996
-2.299999999999999,3.8600000000000003
-2.2499999999999982,3.8600000000000003
-2.1999999999999993,3.8600000000000003
-2.1499999999999986,3.910000000000001
-2.0999999999999996,3.910000000000001
-2.049999999999999,3.96
-1.9999999999999982,3.96
-1.9499999999999993,3.96
-1.8999999999999986,3.96
-1.8499999999999996,3.96
-1.799999999999999,4.010000000000001
-1.7499999999999982,4.010000000000001
-1.6999999999999993,4.010000000000001
-1.6499999999999986,4.010000000000001
-1.5999999999999996,4.010000000000001
-1.549999999999999,4.010000000000001
-1.4999999999999982,4.010000000000001
-1.4499999999999993,4.010000000000001
-1.3999999999999986,4.010000000000001
-1.3499999999999996,4.010000000000001
-1.299999999999999,4.010000000000001
-1.2499999999999982,4.010000000000001
-1.1999999999999993,4.010000000000001
-1.1499999999999986,4.010000000000001
-1.0999999999999996,4.06
-1.049999999999999,4.06
-0.9999999999999982,4.06
-0.9499999999999993,4.06
-0.8999999999999986,4.06
-0.8499999999999996,4.06
-0.7999999999999989,4.11
-0.7499999999999982,4.11
-0.6999999999999993,4.11
-0.6499999999999986,4.11
-0.5999999999999996,4.11
-0.5499999999999989,4.11
-0.4999999999999982,4.11
-0.4499999999999993,4.160000000000001
-0.3999999999999986,4.160000000000001
-0.34999999999999964,4.160000000000001
-0.29999999999999893,4.160000000000001
-0.24999999999999822,4.160000000000001
-0.1999999999999993,4.21
-0.14999999999999858,4.21
-0.09999999999999964,4.21
-0.049999999999998934,4.21
1.7763568394002505e-15,4.21
0.05000000000000071,4.21
0.10000000000000142,4.21
0.15000000000000036,4.260000000000001
0.20000000000000107,4.260000000000001
0.2500000000000018,4.260000000000001
0.3000000000000007,4.260000000000001
0.3500000000000014,4.260000000000001
0.40000000000000036,4.260000000000001
0.45000000000000107,4.260000000000001
0.5000000000000018,4.31
0.5500000000000007,4.31
0.6000000000000014,4.31
0.6500000000000004,4.31
0.7000000000000011,4.31
0.7500000000000018,4.31
0.8000000000000007,4.31
0.8500000000000014,4.31
0.9000000000000004,4.31
0.9500000000000011,4.36
1.0000000000000018,4.36
1.0500000000000007,4.36
1.1000000000000014,4.36
1.1500000000000004,4.36
1.200000000000001,4.410000000000001
1.2500000000000018,4.410000000000001
1.3000000000000007,4.410000000000001
1.3500000000000014,4.410000000000001
1.4000000000000004,4.410000000000001
1.450000000000001,4.410000000000001
1.5000000000000018,4.410000000000001
1.5500000000000007,4.410000000000001
1.6000000000000014,4.410000000000001
1.6500000000000004,4.410000000000001
1.700000000000001,4.410000000000001
1.7500000000000018,4.410000000000001
1.8000000000000007,4.410000000000001
1.8500000000000014,4.410000000000001
1.9000000000000004,4.46
1.950000000000001,4.46
2.0000000000000018,4.46
2.0500000000000007,4.46
2.1000000000000014,4.46
2.1500000000000004,4.46
2.200000000000001,4.46
2.2500000000000018,4.46
2.3000000000000007,4.46
2.3500000000000014,4.46
2.4000000000000004,4.46
2.450000000000001,4.46
2.5000000000000018,4.46
2.5500000000000007,4.510000000000001
2.6000000000000014,4.510000000000001
2.6500000000000004,4.510000000000001
2.700000000000001,4.56
2.7500000000000018,4.61
2.8000000000000007,4.61
2.8500000000000014,4.61
2.9000000000000004,4.660000000000001
2.9000000000000004,4.71
2.9000000000000004,4.760000000000001
2.9000000000000004,4.81
2.9000000000000004,4.86
2.9000000000000004,4.910000000000001
2.9000000000000004,4.96
2.9000000000000004,5.010000000000001
2.9000000000000004,5.06
2.8500000000000014,5.11
2.8500000000000014,5.160000000000001
2.8500000000000014,5.21
2.8500000000000014,5.260000000000001
2.8500000000000014,5.31
2.8500000000000014,5.36
2.8500000000000014,5.410000000000001
2.8500000000000014,5.46
2.8500000000000014,5.510000000000001
2.8500000000000014,5.56
2.8000000000000007,5.61
2.8000000000000007,5.660000000000001
2.8000000000000007,5.71
2.8000000000000007,5.760000000000001
2.8000000000000007,5.81
2.8000000000000007,5.86
2.8000000000000007,5.910000000000001
2.8000000000000007,5.96
2.8000000000000007,6.010000000000001
2.8000000000000007,6.06
2.8000000000000007,6.11
2.7500000000000018,6.160000000000001
2.7500000000000018,6.21
2.7500000000000018,6.260000000000001
2.7500000000000018,6.31
2.7500000000000018,6.36
2.7500000000000018,6.410000000000001
2.7500000000000018,6.46
2.7500000000000018,6.510000000000001
2.7500000000000018,6.56
2.7500000000000018,6.61
2.7500000000000018,6.660000000000001
2.7500000000000018,6.71
2.7500000000000018,6.760000000000001
2.7500000000000018,6.81
2.7500000000000018,6.86
2.7500000000000018,6.910000000000001
2.7500000000000018,6.96
2.7500000000000018,7.010000000000001
2.7500000000000018,7.06
2.7500000000000018,7.11
2.7500000000000018,7.160000000000001
2.700000000000001,7.21
2.700000000000001,7.260000000000001
2.700000000000001,7.31
2.700000000000001,7.36
2.700000000000001,7.410000000000001
2.700000000000001,7.46
2.700000000000001,7.510000000000001
2.700000000000001,7.56
2.700000000000001,7.61
2.6500000000000004,7.660000000000001
2.6500000000000004,7.71
2.6500000000000004,7.760000000000001
2.6500000000000004,7.81
2.6000000000000014,7.86
2.6000000000000014,7.910000000000001
2.6000000000000014,7.96
2.6000000000000014,8.010000000000002
2.6000000000000014,8.059999999999999
2.6000000000000014,8.11
2.6000000000000014,8.16
2.6000000000000014,8.21
2.6000000000000014,8.260000000000002
2.5500000000000007,8.309999999999999
2.5500000000000007,8.36
2.5500000000000007,8.41
2.5000000000000018,8.46
2.5000000000000018,8.46
