# s_m; t_s; delta_rad; f_drive_N; f_brake_N; gamma_y_N
0.0; 0.000; -0.00046; 21.9; -20.5; -0.1
0.2; 0.024; -0.00049; 21.1; -20.1; -0.1
0.4; 0.047; -0.00052; 21.1; -20.1; -0.1
0.6; 0.071; -0.00054; 21.1; -20.1; -0.1
0.8; 0.094; -0.00057; 21.1; -20.1; -0.1
1.0; 0.118; -0.00060; 21.1; -20.1; -0.1
1.2; 0.141; -0.00062; 21.1; -20.1; -0.1
1.4; 0.165; -0.00064; 21.1; -20.1; -0.1
1.6; 0.188; -0.00066; 21.1; -20.1; -0.1
1.8; 0.212; -0.00067; 21.1; -20.1; -0.1
2.0; 0.235; -0.00067; 21.1; -20.1; -0.1
2.2; 0.259; -0.00067; 21.1; -20.1; -0.1
2.4; 0.283; -0.00065; 21.1; -20.1; -0.1
2.6; 0.306; -0.00062; 21.1; -20.1; -0.1
2.8; 0.330; -0.00058; 21.1; -20.1; -0.1
3.0; 0.353; -0.00052; 21.1; -20.1; -0.1
3.2; 0.376; -0.00044; 21.1; -20.1; -0.1
3.4; 0.400; -0.00034; 21.1; -20.1; -0.1
3.6; 0.423; -0.00021; 21.1; -20.1; -0.1
3.8; 0.447; -0.00006; 21.1; -20.1; -0.1
4.0; 0.470; 0.00011; 21.1; -20.1; -0.0
4.2; 0.494; 0.00032; 21.1; -20.1; 0.0
4.4; 0.517; 0.00055; 21.1; -20.1; 0.1
4.6; 0.540; 0.00081; 21.1; -20.1; 0.1
4.8; 0.564; 0.00110; 21.1; -20.1; 0.2
5.0; 0.587; 0.00142; 21.1; -20.1; 0.2
5.2; 0.611; 0.00177; 21.0; -20.1; 0.3
5.4; 0.634; 0.00213; 21.0; -20.0; 0.4
5.6; 0.657; 0.00251; 21.0; -20.0; 0.4
5.8; 0.681; 0.00290; 21.0; -20.0; 0.5
6.0; 0.704; 0.00329; 20.9; -19.9; 0.6
6.2; 0.727; 0.00367; 20.9; -19.9; 0.7
6.4; 0.751; 0.00403; 20.8; -19.8; 0.8
6.6; 0.774; 0.00437; 20.7; -19.7; 0.9
6.8; 0.797; 0.00468; 20.7; -19.7; 0.9
7.0; 0.821; 0.00496; 20.6; -19.6; 1.0
7.2; 0.844; 0.00525; 20.5; -19.5; 1.1
7.4; 0.868; 0.00558; 20.5; -19.5; 1.1
7.6; 0.891; 0.00607; 19.6; -21.7; 1.2
7.8; 0.914; 0.00682; 3.0; -32.1; 1.5
8.0; 0.938; 0.00809; 2.9; -31.4; 1.9
8.2; 0.963; 0.01002; 2.9; -30.2; 2.4
8.4; 0.989; 0.01258; 2.9; -28.6; 2.9
8.6; 1.015; 0.01560; 2.9; -26.8; 3.5
8.8; 1.042; 0.01890; 3.0; -24.9; 4.0
9.0; 1.070; 0.02230; 3.0; -23.0; 4.5
9.2; 1.098; 0.02564; 3.1; -21.2; 5.0
9.4; 1.128; 0.02877; 3.2; -19.5; 5.5
9.6; 1.158; 0.03156; 3.3; -18.0; 5.8
9.8; 1.189; 0.03393; 3.4; -16.6; 6.2
10.0; 1.221; 0.03586; 3.6; -15.5; 6.4
10.2; 1.253; 0.03735; 3.8; -14.6; 6.6
10.4; 1.286; 0.03842; 4.0; -13.8; 6.8
10.6; 1.319; 0.03910; 4.2; -13.1; 6.9
10.8; 1.354; 0.03940; 4.4; -12.6; 7.0
11.0; 1.388; 0.03931; 4.6; -12.1; 7.1
11.2; 1.423; 0.03878; 4.8; -11.8; 7.2
11.4; 1.459; 0.03779; 4.7; -11.8; 7.2
11.6; 1.495; 0.03681; 4.5; -10.6; 7.2
11.8; 1.531; 0.03853; 2.9; -6.1; 7.4
12.0; 1.567; 0.04192; 1.4; -2.2; 7.5
12.2; 1.603; 0.04539; 0.7; -0.3; 7.6
12.4; 1.640; 0.04816; 0.5; -0.1; 7.6
12.6; 1.676; 0.05092; 0.4; -0.1; 7.6
12.8; 1.711; 0.05413; 0.5; -0.1; 7.6
13.0; 1.746; 0.05775; 0.7; -0.0; 7.6
13.2; 1.781; 0.06153; 1.1; -0.0; 7.6
13.4; 1.815; 0.06529; 1.4; -0.0; 7.5
13.6; 1.849; 0.06887; 1.8; -0.0; 7.5
13.8; 1.881; 0.07211; 2.2; -0.0; 7.5
14.0; 1.914; 0.07491; 2.5; -0.0; 7.5
14.2; 1.945; 0.07721; 2.9; -0.0; 7.4
14.4; 1.976; 0.07900; 3.2; -0.0; 7.4
14.6; 2.007; 0.08032; 3.5; -0.0; 7.3
14.8; 2.038; 0.08121; 3.7; -0.0; 7.3
15.0; 2.070; 0.08173; 3.9; -0.0; 7.3
15.2; 2.103; 0.08184; 4.0; -0.0; 7.2
15.4; 2.138; 0.08137; 4.1; -0.0; 7.2
15.6; 2.173; 0.08021; 4.3; -0.0; 7.2
15.8; 2.210; 0.07848; 4.6; -0.0; 7.1
16.0; 2.246; 0.07630; 5.1; -0.0; 6.9
16.2; 2.284; 0.07369; 5.9; -0.0; 6.7
16.4; 2.321; 0.07066; 6.8; -0.0; 6.4
16.6; 2.358; 0.06720; 7.8; -0.0; 6.1
16.8; 2.395; 0.06333; 8.8; -0.0; 5.8
17.0; 2.432; 0.05912; 9.8; -0.0; 5.5
17.2; 2.468; 0.05466; 10.6; -0.0; 5.1
17.4; 2.503; 0.05007; 11.5; -0.0; 4.8
17.6; 2.538; 0.04545; 12.2; -0.0; 4.5
17.8; 2.572; 0.04088; 13.0; -0.0; 4.1
18.0; 2.605; 0.03644; 13.7; -0.0; 3.8
18.2; 2.638; 0.03218; 14.4; -0.0; 3.5
18.4; 2.670; 0.02814; 15.1; -0.0; 3.1
18.6; 2.702; 0.02435; 15.7; -0.0; 2.8
18.8; 2.732; 0.02082; 16.3; -0.1; 2.5
19.0; 2.762; 0.01759; 16.9; -0.1; 2.2
19.2; 2.792; 0.01465; 17.4; -0.1; 1.9
19.4; 2.821; 0.01204; 17.8; -0.1; 1.6
19.6; 2.849; 0.00976; 18.2; -0.1; 1.4
19.8; 2.876; 0.00783; 18.6; -0.1; 1.2
20.0; 2.903; 0.00627; 18.9; -0.1; 1.0
20.2; 2.929; 0.00509; 19.1; -0.2; 0.8
20.4; 2.955; 0.00425; 19.2; -0.2; 0.7
20.6; 2.980; 0.00371; 19.3; -0.3; 0.6
20.8; 3.004; 0.00341; 19.4; -0.5; 0.6
21.0; 3.028; 0.00337; 19.5; -1.0; 0.6
21.2; 3.051; 0.00366; 19.7; -2.6; 0.6
21.4; 3.074; 0.00445; 20.7; -10.5; 0.7
21.6; 3.097; 0.00585; 20.7; -19.4; 0.9
21.8; 3.119; 0.00794; 20.5; -19.5; 1.2
22.0; 3.141; 0.01069; 19.9; -18.8; 1.7
22.2; 3.163; 0.01395; 18.9; -17.8; 2.2
22.4; 3.186; 0.01751; 17.6; -16.4; 2.9
22.6; 3.208; 0.02111; 15.8; -14.6; 3.5
22.8; 3.231; 0.02448; 13.8; -12.5; 4.2
23.0; 3.255; 0.02734; 11.8; -10.4; 4.8
23.2; 3.278; 0.02946; 10.0; -8.5; 5.4
23.4; 3.302; 0.03069; 8.6; -6.9; 5.9
23.6; 3.326; 0.03100; 7.4; -5.6; 6.3
23.8; 3.351; 0.03048; 6.5; -4.6; 6.6
24.0; 3.375; 0.02931; 5.6; -3.6; 6.9
24.2; 3.400; 0.02771; 4.9; -2.7; 7.0
24.4; 3.425; 0.02591; 4.3; -1.9; 7.2
24.6; 3.450; 0.02408; 3.8; -1.4; 7.2
24.8; 3.474; 0.02237; 3.4; -1.0; 7.3
25.0; 3.499; 0.02088; 3.2; -0.7; 7.3
25.2; 3.523; 0.01964; 3.0; -0.5; 7.4
25.4; 3.547; 0.01868; 2.9; -0.4; 7.4
25.6; 3.570; 0.01796; 2.8; -0.3; 7.4
25.8; 3.593; 0.01745; 2.7; -0.3; 7.4
26.0; 3.616; 0.01711; 2.7; -0.2; 7.4
26.2; 3.637; 0.01688; 2.7; -0.2; 7.4
26.4; 3.659; 0.01674; 2.7; -0.2; 7.4
26.6; 3.680; 0.01665; 2.7; -0.2; 7.4
26.8; 3.701; 0.01661; 2.7; -0.2; 7.4
27.0; 3.722; 0.01661; 2.7; -0.2; 7.4
27.2; 3.743; 0.01663; 2.7; -0.2; 7.4
27.4; 3.765; 0.01668; 2.7; -0.2; 7.4
27.6; 3.787; 0.01670; 2.7; -0.1; 7.4
27.8; 3.810; 0.01669; 2.7; -0.1; 7.4
28.0; 3.833; 0.01668; 2.7; -0.1; 7.4
28.2; 3.856; 0.01670; 2.7; -0.2; 7.4
28.4; 3.880; 0.01675; 2.7; -0.2; 7.4
28.6; 3.903; 0.01682; 2.8; -0.2; 7.4
28.8; 3.927; 0.01692; 2.8; -0.2; 7.4
29.0; 3.952; 0.01703; 2.8; -0.2; 7.4
29.2; 3.976; 0.01713; 2.8; -0.2; 7.4
29.4; 4.000; 0.01724; 2.9; -0.3; 7.4
29.6; 4.024; 0.01734; 2.9; -0.3; 7.4
29.8; 4.048; 0.01743; 2.9; -0.3; 7.4
30.0; 4.072; 0.01752; 3.0; -0.4; 7.4
30.2; 4.096; 0.01760; 3.0; -0.4; 7.4
30.4; 4.120; 0.01766; 3.0; -0.5; 7.4
30.6; 4.144; 0.01770; 3.1; -0.5; 7.4
30.8; 4.168; 0.01772; 3.1; -0.6; 7.3
31.0; 4.192; 0.01771; 3.2; -0.7; 7.3
31.2; 4.216; 0.01764; 3.3; -0.8; 7.3
31.4; 4.240; 0.01751; 3.4; -0.9; 7.3
31.6; 4.263; 0.01731; 3.6; -1.1; 7.2
31.8; 4.287; 0.01702; 3.8; -1.4; 7.2
32.0; 4.311; 0.01664; 4.1; -1.8; 7.1
32.2; 4.335; 0.01616; 4.6; -2.3; 7.0
32.4; 4.359; 0.01559; 5.3; -3.0; 6.8
32.6; 4.383; 0.01494; 6.2; -4.1; 6.6
32.8; 4.406; 0.01419; 7.4; -5.4; 6.2
33.0; 4.430; 0.01338; 8.9; -7.0; 5.8
33.2; 4.454; 0.01251; 10.6; -8.9; 5.3
33.4; 4.478; 0.01158; 12.4; -10.9; 4.7
33.6; 4.502; 0.01063; 14.2; -12.8; 4.1
33.8; 4.526; 0.00966; 15.8; -14.5; 3.5
34.0; 4.550; 0.00867; 17.1; -15.9; 3.0
34.2; 4.574; 0.00769; 18.1; -17.0; 2.6
34.4; 4.598; 0.00671; 18.9; -17.8; 2.2
34.6; 4.622; 0.00572; 19.5; -18.4; 1.9
34.8; 4.645; 0.00473; 20.0; -18.9; 1.5
35.0; 4.669; 0.00371; 20.3; -19.3; 1.3
35.2; 4.693; 0.00265; 20.6; -19.6; 1.0
35.4; 4.717; 0.00154; 20.8; -19.8; 0.7
35.6; 4.741; 0.00034; 21.0; -20.0; 0.5
35.8; 4.764; -0.00095; 21.1; -20.1; 0.2
36.0; 4.788; -0.00236; 21.1; -20.1; -0.1
36.2; 4.812; -0.00391; 21.0; -20.0; -0.4
36.4; 4.835; -0.00563; 20.8; -19.8; -0.8
36.6; 4.859; -0.00751; 20.5; -19.5; -1.1
36.8; 4.883; -0.00958; 20.0; -19.0; -1.5
37.0; 4.906; -0.01183; 19.4; -18.3; -2.0
37.2; 4.930; -0.01424; 18.5; -17.4; -2.4
37.4; 4.953; -0.01678; 17.4; -16.3; -2.9
37.6; 4.977; -0.01940; 16.1; -14.9; -3.5
37.8; 5.000; -0.02201; 14.7; -13.4; -4.0
38.0; 5.024; -0.02450; 13.1; -11.7; -4.5
38.2; 5.047; -0.02672; 11.5; -10.0; -5.0
38.4; 5.071; -0.02851; 10.1; -8.4; -5.5
38.6; 5.095; -0.02972; 8.7; -7.0; -5.9
38.8; 5.118; -0.03021; 7.6; -5.8; -6.3
39.0; 5.142; -0.02993; 6.6; -4.7; -6.5
39.2; 5.166; -0.02886; 5.9; -3.9; -6.8
39.4; 5.190; -0.02707; 5.4; -3.7; -6.9
39.6; 5.214; -0.02474; 5.2; -5.1; -7.0
39.8; 5.238; -0.02204; 5.0; -7.0; -7.1
40.0; 5.262; -0.01915; 4.7; -7.4; -7.1
40.2; 5.286; -0.01626; 4.2; -6.8; -7.2
40.4; 5.310; -0.01356; 3.5; -5.7; -7.3
40.6; 5.335; -0.01117; 2.9; -4.6; -7.4
40.8; 5.359; -0.00915; 2.4; -3.5; -7.4
41.0; 5.384; -0.00752; 1.9; -2.6; -7.5
41.2; 5.409; -0.00626; 1.5; -1.8; -7.5
41.4; 5.434; -0.00535; 1.2; -1.2; -7.5
41.6; 5.459; -0.00474; 1.1; -0.8; -7.5
41.8; 5.484; -0.00440; 1.0; -0.5; -7.5
42.0; 5.508; -0.00427; 0.9; -0.4; -7.5
42.2; 5.533; -0.00433; 0.9; -0.3; -7.5
42.4; 5.558; -0.00455; 0.9; -0.2; -7.5
42.6; 5.583; -0.00490; 0.9; -0.2; -7.5
42.8; 5.607; -0.00537; 1.0; -0.2; -7.5
43.0; 5.631; -0.00594; 1.0; -0.1; -7.5
43.2; 5.655; -0.00660; 1.1; -0.1; -7.5
43.4; 5.679; -0.00736; 1.2; -0.1; -7.5
43.6; 5.703; -0.00820; 1.3; -0.1; -7.5
43.8; 5.727; -0.00914; 1.3; -0.1; -7.5
44.0; 5.750; -0.01017; 1.4; -0.1; -7.5
44.2; 5.774; -0.01126; 1.5; -0.1; -7.5
44.4; 5.797; -0.01229; 1.6; -0.1; -7.5
44.6; 5.820; -0.01319; 1.6; -0.1; -7.6
44.8; 5.844; -0.01398; 1.7; -0.0; -7.6
45.0; 5.867; -0.01465; 1.7; -0.0; -7.6
45.2; 5.891; -0.01521; 1.7; -0.0; -7.6
45.4; 5.915; -0.01563; 1.6; -0.0; -7.6
45.6; 5.940; -0.01582; 1.6; -0.0; -7.6
45.8; 5.964; -0.01565; 1.5; -0.1; -7.6
46.0; 5.989; -0.01500; 1.3; -0.1; -7.6
46.2; 6.014; -0.01373; 1.2; -0.1; -7.6
46.4; 6.039; -0.01170; 1.1; -0.1; -7.6
46.6; 6.064; -0.00882; 1.2; -0.1; -7.5
46.8; 6.089; -0.00501; 1.5; -0.1; -7.4
47.0; 6.114; -0.00024; 2.5; -0.1; -7.1
47.2; 6.140; 0.00547; 5.4; -0.1; -6.3
47.4; 6.165; 0.01198; 12.2; -0.2; -4.1
47.6; 6.190; 0.01899; 19.3; -0.4; -0.6
47.8; 6.215; 0.02634; 17.3; -0.3; 2.0
48.0; 6.239; 0.03275; 14.0; -0.8; 3.7
48.2; 6.263; 0.03658; 2.6; -17.3; 5.1
48.4; 6.287; 0.03687; 2.4; -15.0; 6.2
48.6; 6.312; 0.03456; 4.5; -8.6; 6.9
48.8; 6.336; 0.03083; 3.2; -0.9; 7.3
49.0; 6.361; 0.02672; 2.6; -0.4; 7.5
49.2; 6.386; 0.02282; 2.2; -0.2; 7.5
49.4; 6.411; 0.01944; 1.9; -0.2; 7.5
49.6; 6.435; 0.01671; 1.7; -0.1; 7.5
49.8; 6.460; 0.01465; 1.6; -0.1; 7.5
50.0; 6.484; 0.01322; 1.5; -0.1; 7.5
50.2; 6.509; 0.01236; 1.5; -0.1; 7.5
50.4; 6.533; 0.01198; 1.5; -0.1; 7.5
50.6; 6.556; 0.01201; 1.5; -0.1; 7.5
50.8; 6.580; 0.01238; 1.6; -0.1; 7.5
51.0; 6.603; 0.01296; 1.6; -0.1; 7.5
51.2; 6.626; 0.01355; 1.7; -0.1; 7.5
51.4; 6.649; 0.01404; 1.7; -0.1; 7.5
51.6; 6.671; 0.01454; 1.8; -0.1; 7.5
51.8; 6.694; 0.01509; 1.9; -0.1; 7.5
52.0; 6.717; 0.01570; 1.9; -0.1; 7.5
52.2; 6.740; 0.01639; 2.0; -0.0; 7.5
52.4; 6.764; 0.01714; 2.1; -0.0; 7.5
52.6; 6.788; 0.01793; 2.2; -0.0; 7.5
52.8; 6.813; 0.01875; 2.3; -0.0; 7.5
53.0; 6.839; 0.01955; 2.4; -0.0; 7.5
53.2; 6.865; 0.02029; 2.5; -0.1; 7.5
53.4; 6.891; 0.02093; 2.6; -0.1; 7.5
53.6; 6.917; 0.02141; 2.7; -0.1; 7.4
53.8; 6.944; 0.02167; 2.8; -0.1; 7.4
54.0; 6.970; 0.02165; 3.0; -0.1; 7.4
54.2; 6.996; 0.02131; 3.2; -0.1; 7.3
54.4; 7.022; 0.02062; 3.7; -0.1; 7.2
54.6; 7.048; 0.01956; 4.5; -0.1; 7.0
54.8; 7.074; 0.01817; 5.9; -0.1; 6.6
55.0; 7.099; 0.01651; 8.0; -0.2; 5.9
55.2; 7.124; 0.01468; 10.7; -0.2; 5.0
55.4; 7.149; 0.01282; 13.3; -0.3; 3.9
55.6; 7.173; 0.01106; 15.3; -0.5; 3.0
55.8; 7.197; 0.00954; 16.5; -0.9; 2.3
56.0; 7.220; 0.00820; 17.7; -4.0; 1.9
56.2; 7.244; 0.00691; 19.5; -17.9; 1.7
56.4; 7.267; 0.00569; 20.0; -19.0; 1.5
56.6; 7.290; 0.00457; 20.3; -19.3; 1.3
56.8; 7.313; 0.00355; 20.5; -19.5; 1.1
57.0; 7.336; 0.00263; 20.7; -19.7; 0.9
57.2; 7.360; 0.00182; 20.8; -19.8; 0.7
57.4; 7.383; 0.00112; 20.9; -20.0; 0.5
57.6; 7.406; 0.00051; 21.0; -20.0; 0.4
57.8; 7.430; 0.00000; 21.1; -20.1; 0.2
58.0; 7.453; -0.00042; 21.1; -20.1; 0.1
58.2; 7.476; -0.00077; 21.1; -20.1; -0.0
58.4; 7.500; -0.00104; 21.1; -20.1; -0.1
58.6; 7.523; -0.00125; 21.1; -20.1; -0.2
58.8; 7.547; -0.00140; 21.1; -20.1; -0.2
59.0; 7.570; -0.00150; 21.0; -20.1; -0.3
59.2; 7.594; -0.00156; 21.0; -20.1; -0.3
59.4; 7.617; -0.00159; 21.0; -20.0; -0.3
59.6; 7.641; -0.00158; 21.0; -20.0; -0.3
59.8; 7.665; -0.00156; 21.0; -20.0; -0.3
60.0; 7.688; -0.00151; 21.0; -20.0; -0.3
60.2; 7.712; -0.00145; 21.0; -20.0; -0.3
60.4; 7.735; -0.00138; 21.0; -20.0; -0.3
60.6; 7.759; -0.00130; 21.0; -20.1; -0.3
60.8; 7.782; -0.00122; 21.0; -20.1; -0.3
61.0; 7.806; -0.00114; 21.0; -20.1; -0.3
61.2; 7.830; -0.00106; 21.1; -20.1; -0.3
61.4; 7.853; -0.00098; 21.1; -20.1; -0.2
61.6; 7.877; -0.00090; 21.1; -20.1; -0.2
61.8; 7.900; -0.00083; 21.1; -20.1; -0.2
62.0; 7.924; -0.00076; 21.1; -20.1; -0.2
62.2; 7.947; -0.00069; 21.1; -20.1; -0.2
62.4; 7.971; -0.00063; 21.1; -20.1; -0.2
62.6; 7.994; -0.00058; 21.1; -20.1; -0.1
62.8; 8.018; -0.00053; 21.1; -20.1; -0.1
63.0; 8.042; -0.00049; 21.1; -20.1; -0.1
63.2; 8.065; -0.00045; 21.1; -20.1; -0.1
63.4; 8.089; -0.00042; 21.1; -20.1; -0.1
63.6; 8.112; -0.00039; 21.1; -20.1; -0.1
63.8; 8.136; -0.00037; 21.1; -20.1; -0.1
64.0; 8.159; -0.00035; 21.1; -20.1; -0.1
64.2; 8.183; -0.00033; 21.1; -20.1; -0.1
64.4; 8.206; -0.00032; 21.1; -20.1; -0.1
64.6; 8.230; -0.00030; 21.1; -20.1; -0.1
64.8; 8.254; -0.00030; 21.1; -20.1; -0.1
65.0; 8.277; -0.00029; 21.1; -20.1; -0.1
65.2; 8.301; -0.00028; 21.1; -20.1; -0.1
65.4; 8.324; -0.00028; 21.1; -20.1; -0.1
65.6; 8.348; -0.00028; 21.1; -20.1; -0.1
65.8; 8.371; -0.00028; 21.1; -20.1; -0.1
66.0; 8.395; -0.00028; 21.1; -20.1; -0.1
66.2; 8.418; -0.00028; 21.1; -20.1; -0.1
66.4; 8.442; -0.00028; 21.1; -20.1; -0.1
66.6; 8.466; -0.00028; 21.1; -20.1; -0.1
66.8; 8.489; -0.00028; 21.1; -20.1; -0.1
67.0; 8.513; -0.00028; 21.1; -20.1; -0.1
67.2; 8.536; -0.00028; 21.1; -20.1; -0.1
67.4; 8.560; -0.00028; 21.1; -20.1; -0.1
67.6; 8.583; -0.00029; 21.1; -20.1; -0.1
67.8; 8.607; -0.00029; 21.1; -20.1; -0.1
68.0; 8.630; -0.00029; 21.1; -20.1; -0.1
68.2; 8.654; -0.00029; 21.1; -20.1; -0.1
68.4; 8.678; -0.00029; 21.1; -20.1; -0.1
68.6; 8.701; -0.00030; 21.1; -20.1; -0.1
68.8; 8.725; -0.00030; 21.1; -20.1; -0.1
69.0; 8.748; -0.00030; 21.1; -20.1; -0.1
69.2; 8.772; -0.00030; 21.1; -20.1; -0.1
69.4; 8.795; -0.00030; 21.1; -20.1; -0.1
69.6; 8.819; -0.00030; 21.1; -20.1; -0.1
69.8; 8.842; -0.00030; 21.1; -20.1; -0.1
70.0; 8.866; -0.00030; 21.1; -20.1; -0.1
70.2; 8.890; -0.00030; 21.1; -20.1; -0.1
70.4; 8.913; -0.00030; 21.1; -20.1; -0.1
70.6; 8.937; -0.00030; 21.1; -20.1; -0.1
70.8; 8.960; -0.00029; 21.1; -20.1; -0.1
71.0; 8.984; -0.00029; 21.1; -20.1; -0.1
71.2; 9.007; -0.00029; 21.1; -20.1; -0.1
71.4; 9.031; -0.00028; 21.1; -20.1; -0.1
71.6; 9.054; -0.00027; 21.1; -20.1; -0.1
71.8; 9.078; -0.00027; 21.1; -20.1; -0.1
72.0; 9.102; -0.00026; 21.1; -20.1; -0.1
72.2; 9.125; -0.00025; 21.1; -20.1; -0.1
72.4; 9.149; -0.00023; 21.1; -20.1; -0.1
72.6; 9.172; -0.00022; 21.1; -20.1; -0.1
72.8; 9.196; -0.00021; 21.1; -20.1; -0.1
73.0; 9.219; -0.00019; 21.1; -20.1; -0.0
73.2; 9.243; -0.00018; 21.1; -20.1; -0.0
73.4; 9.267; -0.00016; 21.1; -20.1; -0.0
73.6; 9.290; -0.00015; 21.1; -20.1; -0.0
73.8; 9.314; -0.00013; 21.1; -20.1; -0.0
74.0; 9.337; -0.00012; 21.1; -20.1; -0.0
74.2; 9.361; -0.00010; 21.1; -20.1; -0.0
74.4; 9.384; -0.00009; 21.1; -20.1; -0.0
74.6; 9.408; -0.00008; 21.1; -20.1; -0.0
74.8; 9.431; -0.00008; 21.1; -20.1; -0.0
75.0; 9.455; -0.00008; 21.1; -20.1; -0.0
75.2; 9.479; -0.00008; 21.1; -20.1; -0.0
75.4; 9.502; -0.00010; 21.1; -20.1; -0.0
75.6; 9.526; -0.00012; 21.1; -20.1; -0.0
75.8; 9.549; -0.00016; 21.1; -20.1; -0.0
76.0; 9.573; -0.00021; 21.1; -20.1; -0.0
76.2; 9.596; -0.00028; 21.1; -20.1; -0.0
76.4; 9.620; -0.00036; 21.1; -20.1; -0.1
76.6; 9.643; -0.00047; 21.1; -20.1; -0.1
76.8; 9.667; -0.00059; 21.1; -20.1; -0.1
77.0; 9.690; -0.00074; 21.1; -20.1; -0.1
77.2; 9.714; -0.00092; 21.1; -20.1; -0.2
77.4; 9.737; -0.00113; 21.1; -20.1; -0.2
77.6; 9.761; -0.00137; 21.1; -20.1; -0.2
77.8; 9.784; -0.00163; 21.0; -20.1; -0.3
78.0; 9.807; -0.00193; 21.0; -20.0; -0.3
78.2; 9.831; -0.00227; 21.0; -20.0; -0.4
78.4; 9.854; -0.00263; 21.0; -20.0; -0.5
78.6; 9.878; -0.00302; 20.9; -19.9; -0.6
78.8; 9.901; -0.00344; 20.9; -19.9; -0.6
79.0; 9.925; -0.00387; 20.8; -19.8; -0.7
79.2; 9.948; -0.00432; 20.8; -19.8; -0.8
79.4; 9.971; -0.00477; 20.7; -19.7; -0.9
79.6; 9.995; -0.00521; 20.6; -19.6; -1.0
79.8; 10.018; -0.00562; 20.5; -19.5; -1.1
80.0; 10.042; -0.00600; 20.4; -19.4; -1.2
80.2; 10.065; -0.00631; 20.3; -19.3; -1.3
80.4; 10.088; -0.00653; 20.2; -19.2; -1.3
80.6; 10.112; -0.00664; 20.1; -19.1; -1.4
80.8; 10.135; -0.00660; 20.1; -19.1; -1.4
81.0; 10.158; -0.00638; 20.1; -19.1; -1.4
81.2; 10.182; -0.00595; 20.1; -19.1; -1.4
81.4; 10.205; -0.00525; 20.2; -19.2; -1.3
81.6; 10.229; -0.00425; 20.4; -19.4; -1.2
81.8; 10.252; -0.00290; 20.6; -19.6; -0.9
82.0; 10.275; -0.00117; 20.8; -19.9; -0.7
82.2; 10.299; 0.00099; 21.0; -20.1; -0.3
82.4; 10.323; 0.00361; 21.1; -20.1; 0.2
82.6; 10.346; 0.00671; 20.9; -19.9; 0.7
82.8; 10.370; 0.01029; 20.3; -19.3; 1.3
83.0; 10.393; 0.01429; 19.2; -18.1; 2.1
83.2; 10.417; 0.01858; 17.5; -16.4; 2.9
83.4; 10.441; 0.02294; 15.3; -14.0; 3.7
83.6; 10.465; 0.02697; 12.8; -11.4; 4.5
83.8; 10.488; 0.03024; 10.3; -8.8; 5.2
84.0; 10.512; 0.03228; 8.3; -6.6; 5.9
84.2; 10.536; 0.03283; 7.0; -5.3; 6.3
84.4; 10.560; 0.03190; 6.0; -4.7; 6.7
84.6; 10.584; 0.02974; 5.3; -4.8; 6.9
84.8; 10.608; 0.02671; 4.7; -4.5; 7.1
85.0; 10.632; 0.02318; 4.0; -4.0; 7.2
85.2; 10.657; 0.01950; 3.6; -3.7; 7.3
85.4; 10.681; 0.01592; 3.3; -3.9; 7.3
85.6; 10.705; 0.01262; 3.2; -4.4; 7.3
85.8; 10.730; 0.00970; 3.3; -5.2; 7.3
86.0; 10.754; 0.00724; 3.4; -6.1; 7.3
86.2; 10.779; 0.00526; 3.5; -6.8; 7.3
86.4; 10.804; 0.00377; 3.4; -7.0; 7.3
86.6; 10.829; 0.00274; 3.2; -6.7; 7.3
86.8; 10.854; 0.00213; 2.8; -5.8; 7.3
87.0; 10.879; 0.00187; 2.2; -4.5; 7.4
87.2; 10.904; 0.00188; 1.7; -3.1; 7.4
87.4; 10.929; 0.00211; 1.3; -2.0; 7.5
87.6; 10.955; 0.00250; 1.0; -1.2; 7.5
87.8; 10.980; 0.00298; 0.8; -0.7; 7.5
88.0; 11.005; 0.00354; 0.8; -0.5; 7.5
88.2; 11.030; 0.00415; 0.8; -0.4; 7.5
88.4; 11.055; 0.00479; 0.8; -0.3; 7.5
88.6; 11.080; 0.00546; 0.8; -0.2; 7.5
88.8; 11.105; 0.00616; 0.9; -0.2; 7.5
89.0; 11.130; 0.00689; 0.9; -0.1; 7.6
89.2; 11.155; 0.00764; 1.0; -0.1; 7.6
89.4; 11.179; 0.00843; 1.0; -0.1; 7.6
89.6; 11.203; 0.00925; 1.1; -0.1; 7.5
89.8; 11.228; 0.01010; 1.2; -0.1; 7.5
90.0; 11.252; 0.01101; 1.3; -0.1; 7.5
90.2; 11.275; 0.01196; 1.4; -0.1; 7.5
90.4; 11.299; 0.01296; 1.5; -0.1; 7.5
90.6; 11.322; 0.01396; 1.5; -0.1; 7.5
90.8; 11.345; 0.01488; 1.6; -0.1; 7.5
91.0; 11.368; 0.01565; 1.7; -0.1; 7.5
91.2; 11.390; 0.01637; 1.8; -0.1; 7.5
91.4; 11.412; 0.01707; 1.9; -0.1; 7.5
91.6; 11.434; 0.01779; 2.0; -0.1; 7.5
91.8; 11.456; 0.01853; 2.1; -0.1; 7.5
92.0; 11.477; 0.01930; 2.2; -0.1; 7.5
92.2; 11.499; 0.02008; 2.3; -0.0; 7.5
92.4; 11.520; 0.02089; 2.4; -0.0; 7.5
92.6; 11.542; 0.02171; 2.5; -0.0; 7.5
92.8; 11.565; 0.02255; 2.6; -0.0; 7.5
93.0; 11.589; 0.02340; 2.7; -0.0; 7.4
93.2; 11.614; 0.02422; 2.8; -0.0; 7.4
93.4; 11.639; 0.02499; 2.8; -0.0; 7.4
93.6; 11.665; 0.02562; 2.9; -0.0; 7.4
93.8; 11.692; 0.02603; 2.9; -0.0; 7.4
94.0; 11.719; 0.02611; 2.9; -0.1; 7.4
94.2; 11.745; 0.02573; 2.9; -0.1; 7.4
94.4; 11.772; 0.02478; 2.9; -0.1; 7.4
94.6; 11.799; 0.02316; 3.2; -0.1; 7.3
94.8; 11.825; 0.02081; 3.7; -0.1; 7.1
95.0; 11.851; 0.01770; 4.9; -0.1; 6.8
95.2; 11.877; 0.01384; 7.2; -0.1; 6.1
95.4; 11.902; 0.00925; 10.9; -0.2; 4.8
95.6; 11.926; 0.00402; 15.0; -0.2; 3.1
95.8; 11.950; -0.00178; 18.2; -0.3; 1.4
96.0; 11.973; -0.00810; 20.1; -0.8; -0.1
96.2; 11.996; -0.01447; 18.4; -0.6; -1.3
96.4; 12.018; -0.02036; 16.6; -1.1; -2.4
96.6; 12.041; -0.02494; 14.7; -10.7; -3.4
96.8; 12.064; -0.02747; 11.9; -10.7; -4.3
97.0; 12.087; -0.02773; 10.6; -9.2; -4.9
97.2; 12.110; -0.02595; 10.2; -8.7; -5.2
97.4; 12.134; -0.02258; 10.3; -8.8; -5.3
97.6; 12.158; -0.01807; 11.1; -9.6; -5.1
97.8; 12.182; -0.01279; 12.8; -11.4; -4.5
98.0; 12.206; -0.00705; 15.4; -14.0; -3.7
98.2; 12.230; -0.00114; 18.2; -17.0; -2.5
98.4; 12.254; 0.00465; 20.3; -19.2; -1.2
98.6; 12.278; 0.01005; 20.8; -19.8; 0.2
98.8; 12.301; 0.01480; 19.7; -18.7; 1.4
99.0; 12.325; 0.01868; 17.9; -16.8; 2.4
99.2; 12.348; 0.02153; 15.9; -14.8; 3.3
99.4; 12.371; 0.02333; 14.3; -13.0; 3.9
99.6; 12.393; 0.02417; 13.0; -11.7; 4.4
99.8; 12.416; 0.02426; 12.2; -10.8; 4.8
100.0; 12.438; 0.02376; 11.6; -10.1; 5.0
100.2; 12.460; 0.02282; 11.2; -9.7; 5.1
100.4; 12.482; 0.02158; 11.1; -9.6; 5.2
100.6; 12.504; 0.02012; 11.3; -9.8; 5.1
100.8; 12.527; 0.01854; 11.7; -10.2; 5.0
101.0; 12.550; 0.01691; 12.4; -10.9; 4.8
101.2; 12.573; 0.01528; 13.2; -11.8; 4.5
101.4; 12.596; 0.01369; 14.3; -12.9; 4.1
101.6; 12.619; 0.01219; 15.3; -14.0; 3.7
101.8; 12.643; 0.01081; 16.4; -15.1; 3.3
102.0; 12.666; 0.00959; 17.3; -16.1; 3.0
102.2; 12.690; 0.00854; 18.1; -17.0; 2.6
102.4; 12.714; 0.00769; 18.7; -17.7; 2.3
102.6; 12.738; 0.00705; 19.2; -18.2; 2.0
102.8; 12.762; 0.00664; 19.6; -18.5; 1.8
103.0; 12.786; 0.00646; 19.8; -18.8; 1.7
103.2; 12.810; 0.00652; 19.9; -18.9; 1.6
103.4; 12.834; 0.00680; 20.0; -18.9; 1.6
103.6; 12.858; 0.00731; 19.9; -18.9; 1.6
103.8; 12.882; 0.00804; 19.8; -18.8; 1.7
104.0; 12.905; 0.00896; 19.6; -18.5; 1.8
104.2; 12.929; 0.01005; 19.3; -18.2; 2.0
104.4; 12.953; 0.01128; 18.9; -17.8; 2.2
104.6; 12.977; 0.01261; 18.4; -17.3; 2.4
104.8; 13.001; 0.01399; 17.9; -16.7; 2.7
105.0; 13.024; 0.01537; 17.2; -16.0; 3.0
105.2; 13.048; 0.01667; 16.5; -15.3; 3.3
105.4; 13.072; 0.01782; 15.8; -14.5; 3.6
105.6; 13.095; 0.01875; 15.1; -13.8; 3.8
105.8; 13.119; 0.01939; 14.4; -13.1; 4.0
106.0; 13.142; 0.01967; 13.9; -12.6; 4.2
106.2; 13.165; 0.01957; 13.6; -12.3; 4.3
106.4; 13.189; 0.01907; 13.5; -12.2; 4.4
106.6; 13.212; 0.01825; 13.3; -13.7; 4.4
106.8; 13.235; 0.01720; 3.2; -21.9; 4.5
107.0; 13.258; 0.01617; 3.1; -21.4; 4.8
107.2; 13.282; 0.01539; 3.2; -20.5; 5.1
107.4; 13.306; 0.01501; 3.3; -19.7; 5.4
107.6; 13.331; 0.01509; 3.3; -18.9; 5.6
107.8; 13.357; 0.01563; 3.4; -18.1; 5.8
108.0; 13.383; 0.01655; 3.5; -17.3; 6.0
108.2; 13.409; 0.01771; 3.5; -16.5; 6.2
108.4; 13.437; 0.01893; 3.6; -15.6; 6.4
108.6; 13.465; 0.01999; 3.7; -14.8; 6.6
108.8; 13.493; 0.02069; 3.9; -13.9; 6.8
109.0; 13.522; 0.02081; 4.0; -13.2; 6.9
109.2; 13.552; 0.02016; 4.2; -12.5; 7.1
109.4; 13.582; 0.01861; 4.5; -12.0; 7.1
109.6; 13.613; 0.01606; 4.8; -11.8; 7.2
109.8; 13.643; 0.01244; 4.7; -11.9; 7.2
110.0; 13.674; 0.00789; 4.5; -12.2; 7.1
110.2; 13.705; 0.00325; 4.3; -12.6; 7.1
110.4; 13.736; -0.00106; 4.2; -12.9; 7.0
110.6; 13.767; -0.00492; 4.0; -13.2; 6.9
110.8; 13.798; -0.00842; 3.9; -13.5; 6.9
111.0; 13.828; -0.01171; 3.8; -13.7; 6.8
111.2; 13.859; -0.01497; 3.6; -14.0; 6.8
111.4; 13.890; -0.01842; 3.4; -14.2; 6.7
111.6; 13.920; -0.02226; 3.3; -14.4; 6.6
111.8; 13.952; -0.02673; 3.1; -14.7; 6.6
112.0; 13.983; -0.03201; 2.9; -14.9; 6.5
112.2; 14.015; -0.03811; 2.8; -14.6; 6.4
112.4; 14.047; -0.04302; 3.6; -12.3; 6.5
112.6; 14.080; -0.04624; 4.5; -10.5; 6.5
112.8; 14.113; -0.04805; 5.3; -9.1; 6.6
113.0; 14.147; -0.04871; 5.7; -7.8; 6.6
113.2; 14.180; -0.04833; 5.9; -6.6; 6.6
113.4; 14.214; -0.04698; 6.0; -5.6; 6.7
113.6; 14.248; -0.04477; 5.9; -4.5; 6.7
113.8; 14.282; -0.04176; 5.8; -3.6; 6.8
114.0; 14.316; -0.03805; 5.6; -2.7; 6.8
114.2; 14.350; -0.03373; 5.3; -1.9; 6.9
114.4; 14.384; -0.02892; 5.1; -1.3; 7.0
114.6; 14.418; -0.02369; 4.9; -0.9; 7.0
114.8; 14.453; -0.01811; 4.7; -0.6; 7.1
115.0; 14.489; -0.01219; 4.4; -0.4; 7.1
115.2; 14.525; -0.00590; 4.2; -0.3; 7.2
115.4; 14.561; 0.00078; 3.9; -0.2; 7.2
115.6; 14.598; 0.00788; 3.6; -0.2; 7.3
115.8; 14.634; 0.01543; 3.2; -0.1; 7.3
116.0; 14.671; 0.02341; 2.8; -0.1; 7.4
116.2; 14.708; 0.03180; 2.3; -0.1; 7.4
116.4; 14.744; 0.04052; 1.8; -0.1; 7.5
116.6; 14.781; 0.04937; 1.2; -0.1; 7.5
116.8; 14.817; 0.05816; 0.5; -0.1; 7.5
117.0; 14.853; 0.06830; 0.9; -0.1; 7.5
117.2; 14.888; 0.07876; 1.9; -0.1; 7.4
117.4; 14.923; 0.08751; 3.1; -0.1; 7.3
117.6; 14.956; 0.09345; 4.2; -0.1; 7.1
117.8; 14.989; 0.09665; 5.1; -0.1; 6.9
118.0; 15.020; 0.09795; 5.7; -0.0; 6.8
118.2; 15.051; 0.09813; 6.1; -0.0; 6.7
118.4; 15.083; 0.09767; 6.2; -0.0; 6.7
118.6; 15.115; 0.09684; 6.2; -0.0; 6.7
118.8; 15.147; 0.09579; 6.1; -0.0; 6.7
119.0; 15.181; 0.09461; 6.0; -0.0; 6.7
119.2; 15.216; 0.09336; 5.9; -0.0; 6.8
119.4; 15.252; 0.09208; 5.7; -0.0; 6.8
119.6; 15.288; 0.09075; 5.5; -0.0; 6.9
119.8; 15.325; 0.08846; 5.5; -0.0; 6.9
120.0; 15.362; 0.08379; 5.9; -0.0; 6.7
120.2; 15.400; 0.07741; 6.9; -0.0; 6.4
120.4; 15.437; 0.06986; 8.5; -0.0; 5.9
120.6; 15.475; 0.06148; 10.3; -0.0; 5.2
120.8; 15.511; 0.05254; 12.1; -0.0; 4.5
121.0; 15.547; 0.04335; 13.7; -0.0; 3.8
121.2; 15.582; 0.03422; 15.2; -0.0; 3.1
121.4; 15.617; 0.02554; 16.5; -0.0; 2.4
121.6; 15.650; 0.01764; 17.6; -0.0; 1.8
121.8; 15.683; 0.01085; 18.6; -0.0; 1.2
122.0; 15.715; 0.00548; 19.3; -0.0; 0.7
122.2; 15.746; 0.00175; 19.8; -0.0; 0.3
122.4; 15.776; -0.00051; 20.1; -0.0; 0.0
122.6; 15.806; -0.00178; 20.0; -0.0; -0.1
122.8; 15.834; -0.00452; 19.6; -0.0; -0.4
123.0; 15.862; -0.00844; 19.0; -0.0; -0.9
123.2; 15.890; -0.01305; 18.2; -0.0; -1.4
123.4; 15.917; -0.01786; 17.2; -0.0; -2.1
123.6; 15.943; -0.02244; 16.0; -0.1; -2.7
123.8; 15.969; -0.02661; 14.7; -0.1; -3.4
124.0; 15.994; -0.03032; 13.4; -0.1; -4.0
124.2; 16.019; -0.03345; 12.1; -0.1; -4.6
124.4; 16.043; -0.03587; 10.8; -0.1; -5.1
124.6; 16.068; -0.03747; 9.6; -0.1; -5.6
124.8; 16.092; -0.03822; 8.5; -0.1; -6.0
125.0; 16.115; -0.03817; 7.5; -0.1; -6.3
125.2; 16.139; -0.03745; 6.7; -0.1; -6.6
125.4; 16.162; -0.03624; 6.0; -0.1; -6.8
125.6; 16.185; -0.03472; 5.4; -0.1; -6.9
125.8; 16.208; -0.03302; 4.9; -0.1; -7.0
126.0; 16.231; -0.03129; 4.5; -0.1; -7.1
126.2; 16.254; -0.02960; 4.2; -0.1; -7.2
126.4; 16.277; -0.02800; 3.9; -0.1; -7.3
126.6; 16.300; -0.02653; 3.6; -0.1; -7.3
126.8; 16.323; -0.02519; 3.4; -0.1; -7.3
127.0; 16.346; -0.02398; 3.3; -0.1; -7.4
127.2; 16.368; -0.02290; 3.1; -0.1; -7.4
127.4; 16.391; -0.02193; 3.0; -0.1; -7.4
127.6; 16.414; -0.02107; 2.9; -0.1; -7.4
127.8; 16.437; -0.02030; 2.8; -0.1; -7.4
128.0; 16.460; -0.01963; 2.7; -0.1; -7.4
128.2; 16.483; -0.01904; 2.6; -0.1; -7.5
128.4; 16.506; -0.01852; 2.6; -0.1; -7.5
128.6; 16.529; -0.01808; 2.5; -0.1; -7.5
128.8; 16.552; -0.01771; 2.5; -0.1; -7.5
129.0; 16.575; -0.01741; 2.5; -0.1; -7.5
129.2; 16.598; -0.01719; 2.5; -0.1; -7.5
129.4; 16.621; -0.01705; 2.5; -0.1; -7.5
129.6; 16.644; -0.01700; 2.5; -0.1; -7.5
129.8; 16.667; -0.01705; 2.5; -0.1; -7.5
130.0; 16.691; -0.01717; 2.6; -0.1; -7.5
130.2; 16.714; -0.01732; 2.6; -0.1; -7.4
130.4; 16.737; -0.01746; 2.6; -0.1; -7.4
130.6; 16.760; -0.01765; 2.7; -0.1; -7.4
130.8; 16.783; -0.01790; 2.8; -0.1; -7.4
131.0; 16.807; -0.01822; 2.8; -0.1; -7.4
131.2; 16.830; -0.01858; 2.9; -0.1; -7.4
131.4; 16.853; -0.01897; 3.0; -0.1; -7.4
131.6; 16.877; -0.01939; 3.1; -0.1; -7.4
131.8; 16.900; -0.01982; 3.2; -0.1; -7.4
132.0; 16.923; -0.02025; 3.3; -0.1; -7.3
132.2; 16.947; -0.02067; 3.3; -0.1; -7.3
132.4; 16.970; -0.02107; 3.4; -0.1; -7.3
132.6; 16.993; -0.02145; 3.5; -0.1; -7.3
132.8; 17.017; -0.02180; 3.6; -0.1; -7.3
133.0; 17.040; -0.02212; 3.6; -0.1; -7.3
133.2; 17.063; -0.02241; 3.7; -0.1; -7.3
133.4; 17.087; -0.02265; 3.7; -0.1; -7.3
133.6; 17.110; -0.02285; 3.7; -0.1; -7.3
133.8; 17.133; -0.02299; 3.8; -0.1; -7.3
134.0; 17.156; -0.02308; 3.8; -0.1; -7.3
134.2; 17.179; -0.02310; 3.7; -0.1; -7.3
134.4; 17.203; -0.02305; 3.7; -0.1; -7.3
134.6; 17.226; -0.02293; 3.7; -0.1; -7.3
134.8; 17.249; -0.02273; 3.6; -0.1; -7.3
135.0; 17.272; -0.02246; 3.6; -0.2; -7.3
135.2; 17.295; -0.02212; 3.5; -0.2; -7.3
135.4; 17.318; -0.02173; 3.4; -0.2; -7.3
135.6; 17.341; -0.02129; 3.4; -0.2; -7.3
135.8; 17.364; -0.02082; 3.3; -0.3; -7.3
136.0; 17.387; -0.02034; 3.3; -0.4; -7.3
136.2; 17.410; -0.01988; 3.2; -0.4; -7.3
136.4; 17.433; -0.01944; 3.2; -0.5; -7.3
136.6; 17.456; -0.01904; 3.2; -0.6; -7.3
136.8; 17.480; -0.01870; 3.2; -0.6; -7.3
137.0; 17.503; -0.01839; 3.2; -0.6; -7.3
137.2; 17.526; -0.01812; 3.2; -0.7; -7.3
137.4; 17.550; -0.01787; 3.2; -0.7; -7.3
137.6; 17.573; -0.01760; 3.3; -0.8; -7.3
137.8; 17.597; -0.01728; 3.4; -1.0; -7.3
138.0; 17.620; -0.01691; 3.6; -1.2; -7.2
138.2; 17.644; -0.01645; 3.9; -1.5; -7.1
138.4; 17.668; -0.01589; 4.3; -2.0; -7.0
138.6; 17.691; -0.01524; 5.0; -2.7; -6.9
138.8; 17.715; -0.01448; 5.8; -3.7; -6.6
139.0; 17.739; -0.01364; 7.1; -5.0; -6.3
139.2; 17.763; -0.01271; 8.6; -6.7; -5.9
139.4; 17.786; -0.01173; 10.5; -8.8; -5.3
139.6; 17.810; -0.01069; 12.5; -10.9; -4.7
139.8; 17.834; -0.00963; 14.4; -13.1; -4.0
140.0; 17.857; -0.00857; 16.2; -14.9; -3.4
140.2; 17.881; -0.00753; 17.5; -16.4; -2.8
140.4; 17.905; -0.00653; 18.6; -17.5; -2.4
140.6; 17.928; -0.00558; 19.3; -18.3; -2.0
140.8; 17.952; -0.00469; 19.9; -18.8; -1.6
141.0; 17.975; -0.00388; 20.2; -19.2; -1.3
141.2; 17.999; -0.00314; 20.5; -19.5; -1.1
141.4; 18.023; -0.00248; 20.7; -19.7; -0.9
141.6; 18.046; -0.00189; 20.9; -19.9; -0.7
141.8; 18.070; -0.00138; 20.9; -20.0; -0.5
142.0; 18.093; -0.00093; 21.0; -20.0; -0.4
142.2; 18.117; -0.00055; 21.0; -20.1; -0.3
142.4; 18.141; -0.00023; 21.1; -20.1; -0.2
142.6; 18.164; 0.00003; 21.1; -20.1; -0.1
142.8; 18.188; 0.00025; 21.1; -20.1; -0.1
143.0; 18.211; 0.00042; 21.1; -20.1; 0.0
143.2; 18.235; 0.00055; 21.1; -20.1; 0.1
143.4; 18.258; 0.00064; 21.1; -20.1; 0.1
143.6; 18.282; 0.00071; 21.1; -20.1; 0.1
143.8; 18.306; 0.00076; 21.1; -20.1; 0.1
144.0; 18.329; 0.00078; 21.1; -20.1; 0.2
144.2; 18.353; 0.00079; 21.1; -20.1; 0.2
144.4; 18.376; 0.00078; 21.1; -20.1; 0.2
144.6; 18.400; 0.00077; 21.1; -20.1; 0.2
144.8; 18.423; 0.00075; 21.1; -20.1; 0.2
145.0; 18.447; 0.00072; 21.1; -20.1; 0.2
145.2; 18.471; 0.00069; 21.1; -20.1; 0.2
145.4; 18.494; 0.00066; 21.1; -20.1; 0.2
145.6; 18.518; 0.00063; 21.1; -20.1; 0.1
145.8; 18.541; 0.00060; 21.1; -20.1; 0.1
146.0; 18.565; 0.00057; 21.1; -20.1; 0.1
146.2; 18.589; 0.00055; 21.1; -20.1; 0.1
146.4; 18.612; 0.00053; 21.1; -20.1; 0.1
146.6; 18.636; 0.00052; 21.1; -20.1; 0.1
146.8; 18.659; 0.00051; 21.1; -20.1; 0.1
147.0; 18.683; 0.00051; 21.1; -20.1; 0.1
147.2; 18.706; 0.00051; 21.1; -20.1; 0.1
147.4; 18.730; 0.00051; 21.1; -20.1; 0.1
147.6; 18.754; 0.00053; 21.1; -20.1; 0.1
147.8; 18.777; 0.00054; 21.1; -20.1; 0.1
148.0; 18.801; 0.00056; 21.1; -20.1; 0.1
148.2; 18.824; 0.00059; 21.1; -20.1; 0.1
148.4; 18.848; 0.00062; 21.1; -20.1; 0.1
148.6; 18.871; 0.00065; 21.1; -20.1; 0.1
148.8; 18.895; 0.00069; 21.1; -20.1; 0.1
149.0; 18.919; 0.00073; 21.1; -20.1; 0.2
149.2; 18.942; 0.00076; 21.1; -20.1; 0.2
149.4; 18.966; 0.00080; 21.1; -20.1; 0.2
149.6; 18.989; 0.00083; 21.1; -20.1; 0.2
149.8; 19.013; 0.00086; 21.1; -20.1; 0.2
150.0; 19.036; 0.00089; 21.1; -20.1; 0.2
150.2; 19.060; 0.00090; 21.1; -20.1; 0.2
150.4; 19.083; 0.00091; 21.1; -20.1; 0.2
150.6; 19.107; 0.00090; 21.1; -20.1; 0.2
150.8; 19.130; 0.00088; 21.1; -20.1; 0.2
151.0; 19.153; 0.00084; 21.1; -20.1; 0.2
151.2; 19.177; 0.00077; 21.1; -20.1; 0.2
151.4; 19.200; 0.00068; 21.1; -20.1; 0.2
151.6; 19.224; 0.00056; 21.1; -20.1; 0.2
151.8; 19.247; 0.00041; 21.1; -20.1; 0.1
152.0; 19.271; 0.00022; 21.1; -20.1; 0.1
152.2; 19.294; -0.00000; 21.1; -20.1; 0.1
152.4; 19.317; -0.00027; 21.1; -20.1; 0.0
152.6; 19.341; -0.00058; 21.1; -20.1; -0.0
152.8; 19.364; -0.00094; 21.1; -20.1; -0.1
153.0; 19.387; -0.00135; 21.1; -20.1; -0.2
153.2; 19.411; -0.00180; 21.1; -20.1; -0.3
153.4; 19.434; -0.00229; 21.0; -20.0; -0.4
153.6; 19.457; -0.00283; 21.0; -20.0; -0.5
153.8; 19.481; -0.00339; 20.9; -19.9; -0.6
154.0; 19.504; -0.00399; 20.8; -19.9; -0.7
154.2; 19.527; -0.00459; 20.8; -19.8; -0.8
154.4; 19.551; -0.00521; 20.6; -19.6; -1.0
154.6; 19.574; -0.00581; 20.5; -19.5; -1.1
154.8; 19.597; -0.00639; 20.4; -19.4; -1.2
155.0; 19.620; -0.00695; 20.2; -19.2; -1.4
155.2; 19.644; -0.00749; 20.1; -19.0; -1.5
155.4; 19.667; -0.00804; 19.9; -18.9; -1.6
155.6; 19.691; -0.00865; 18.9; -20.9; -1.8
155.8; 19.715; -0.00940; 3.0; -30.5; -2.0
156.0; 19.739; -0.01054; 2.9; -29.5; -2.5
156.2; 19.764; -0.01218; 2.9; -28.0; -3.0
156.4; 19.789; -0.01429; 3.0; -26.4; -3.5
156.6; 19.815; -0.01680; 3.0; -24.7; -4.0
156.8; 19.842; -0.01963; 3.0; -23.0; -4.5
157.0; 19.870; -0.02265; 3.1; -21.2; -5.0
157.2; 19.898; -0.02569; 3.1; -19.5; -5.5
157.4; 19.927; -0.02853; 3.2; -17.8; -5.9
157.6; 19.957; -0.03095; 3.4; -16.3; -6.2
157.8; 19.987; -0.03273; 3.5; -15.0; -6.5
158.0; 20.018; -0.03368; 3.7; -13.8; -6.8
158.2; 20.049; -0.03366; 4.0; -12.9; -7.0
158.4; 20.081; -0.03258; 4.3; -12.2; -7.1
158.6; 20.114; -0.03037; 4.6; -11.7; -7.2
158.8; 20.146; -0.02700; 4.7; -11.6; -7.2
159.0; 20.179; -0.02243; 4.4; -11.9; -7.2
159.2; 20.213; -0.01752; 4.2; -12.3; -7.1
159.4; 20.247; -0.01272; 4.0; -12.6; -7.0
159.6; 20.281; -0.00804; 3.7; -13.0; -7.0
159.8; 20.315; -0.00325; 3.5; -13.3; -6.9
160.0; 20.351; 0.00185; 3.3; -13.6; -6.8
160.2; 20.386; 0.00686; 3.5; -13.0; -6.7
160.4; 20.422; 0.00966; 4.2; -11.7; -6.8
160.6; 20.458; 0.01022; 5.0; -10.0; -6.8
160.8; 20.495; 0.00873; 5.3; -8.1; -6.9
161.0; 20.530; 0.00547; 5.0; -5.8; -7.0
161.2; 20.566; 0.00083; 4.4; -3.6; -7.1
161.4; 20.601; -0.00469; 3.8; -1.8; -7.2
161.6; 20.634; -0.01051; 3.4; -0.8; -7.3
161.8; 20.667; -0.01621; 3.1; -0.4; -7.4
162.0; 20.699; -0.02188; 2.8; -0.2; -7.4
162.2; 20.730; -0.02767; 2.5; -0.2; -7.5
162.4; 20.760; -0.03366; 2.1; -0.1; -7.5
162.6; 20.790; -0.03991; 1.7; -0.1; -7.5
162.8; 20.821; -0.04642; 1.2; -0.1; -7.5
163.0; 20.853; -0.05312; 0.7; -0.1; -7.5
163.2; 20.885; -0.06032; 0.4; -0.1; -7.5
163.4; 20.919; -0.06908; 1.1; -0.1; -7.5
163.6; 20.954; -0.07780; 2.1; -0.1; -7.4
163.8; 20.989; -0.08528; 3.1; -0.1; -7.3
164.0; 21.024; -0.09054; 4.1; -0.1; -7.2
164.2; 21.060; -0.09345; 4.9; -0.0; -7.0
164.4; 21.096; -0.09459; 5.4; -0.0; -6.9
164.6; 21.132; -0.09464; 5.7; -0.0; -6.8
164.8; 21.168; -0.09410; 5.7; -0.0; -6.8
165.0; 21.204; -0.09325; 5.7; -0.0; -6.8
165.2; 21.239; -0.09223; 5.6; -0.0; -6.8
165.4; 21.274; -0.09115; 5.5; -0.0; -6.9
165.6; 21.309; -0.09004; 5.4; -0.0; -6.9
165.8; 21.344; -0.08892; 5.2; -0.0; -6.9
166.0; 21.379; -0.08780; 5.1; -0.0; -7.0
166.2; 21.413; -0.08667; 4.9; -0.0; -7.0
166.4; 21.448; -0.08524; 4.8; -0.0; -7.0
166.6; 21.482; -0.08310; 4.9; -0.0; -7.0
166.8; 21.518; -0.08039; 5.1; -0.0; -7.0
167.0; 21.554; -0.07731; 5.6; -0.0; -6.8
167.2; 21.590; -0.07394; 6.3; -0.0; -6.6
167.4; 21.627; -0.07029; 7.3; -0.0; -6.3
167.6; 21.664; -0.06635; 8.3; -0.0; -6.0
167.8; 21.701; -0.06214; 9.3; -0.0; -5.6
168.0; 21.737; -0.05771; 10.2; -0.0; -5.3
168.2; 21.774; -0.05317; 11.0; -0.0; -5.0
168.4; 21.809; -0.04860; 11.8; -0.0; -4.6
168.6; 21.844; -0.04410; 12.5; -0.0; -4.3
168.8; 21.879; -0.03976; 13.2; -0.0; -4.0
169.0; 21.912; -0.03564; 13.9; -0.0; -3.7
169.2; 21.945; -0.03177; 14.5; -0.0; -3.4
169.4; 21.976; -0.02819; 15.1; -0.0; -3.2
169.6; 22.007; -0.02491; 15.6; -0.0; -2.9
169.8; 22.037; -0.02194; 16.1; -0.1; -2.6
170.0; 22.066; -0.01928; 16.5; -0.1; -2.4
170.2; 22.095; -0.01694; 16.9; -0.1; -2.2
170.4; 22.122; -0.01494; 17.3; -0.1; -2.0
170.6; 22.150; -0.01330; 17.5; -0.1; -1.8
170.8; 22.177; -0.01204; 17.8; -0.1; -1.7
171.0; 22.203; -0.01119; 17.9; -0.1; -1.6
171.2; 22.229; -0.01077; 18.0; -0.1; -1.6
171.4; 22.255; -0.01078; 17.9; -0.2; -1.6
171.6; 22.280; -0.01115; 17.8; -0.2; -1.6
171.8; 22.305; -0.01174; 17.7; -0.3; -1.7
172.0; 22.329; -0.01242; 17.4; -0.4; -1.9
172.2; 22.353; -0.01305; 17.2; -0.6; -2.0
172.4; 22.377; -0.01348; 16.9; -1.3; -2.2
172.6; 22.401; -0.01361; 18.2; -12.0; -2.3
172.8; 22.424; -0.01342; 18.1; -16.9; -2.5
173.0; 22.448; -0.01296; 17.9; -16.8; -2.7
173.2; 22.471; -0.01232; 17.8; -16.7; -2.7
173.4; 22.495; -0.01154; 17.9; -16.8; -2.7
173.6; 22.519; -0.01068; 18.1; -17.0; -2.6
173.8; 22.542; -0.00977; 18.4; -17.3; -2.4
174.0; 22.566; -0.00885; 18.7; -17.7; -2.3
174.2; 22.590; -0.00795; 19.1; -18.0; -2.1
174.4; 22.613; -0.00708; 19.4; -18.4; -1.9
174.6; 22.637; -0.00626; 19.7; -18.7; -1.7
174.8; 22.661; -0.00549; 20.0; -19.0; -1.5
175.0; 22.685; -0.00480; 20.2; -19.2; -1.4
175.2; 22.709; -0.00417; 20.4; -19.4; -1.2
175.4; 22.733; -0.00360; 20.6; -19.6; -1.0
175.6; 22.756; -0.00310; 20.7; -19.7; -0.9
175.8; 22.780; -0.00265; 20.8; -19.8; -0.8
176.0; 22.804; -0.00225; 20.9; -19.9; -0.7
176.2; 22.828; -0.00188; 20.9; -19.9; -0.6
176.4; 22.852; -0.00155; 21.0; -20.0; -0.5
176.6; 22.876; -0.00122; 21.0; -20.0; -0.4
176.8; 22.899; -0.00089; 21.0; -20.1; -0.3
177.0; 22.923; -0.00055; 21.1; -20.1; -0.2
177.2; 22.947; -0.00018; 21.1; -20.1; -0.2
177.4; 22.971; 0.00024; 21.1; -20.1; -0.1
177.6; 22.994; 0.00072; 21.1; -20.1; 0.0
177.8; 23.018; 0.00128; 21.1; -20.1; 0.1
178.0; 23.042; 0.00193; 21.1; -20.1; 0.3
178.2; 23.065; 0.00269; 21.0; -20.0; 0.4
178.4; 23.089; 0.00356; 20.9; -20.0; 0.6
178.6; 23.113; 0.00456; 20.8; -19.8; 0.7
178.8; 23.136; 0.00570; 20.7; -19.7; 1.0
179.0; 23.160; 0.00698; 20.4; -19.4; 1.2
179.2; 23.184; 0.00841; 20.1; -19.1; 1.5
179.4; 23.207; 0.00996; 19.7; -18.6; 1.8
179.6; 23.231; 0.01164; 19.1; -18.0; 2.1
179.8; 23.255; 0.01341; 18.4; -17.3; 2.4
180.0; 23.278; 0.01524; 17.6; -16.5; 2.8
180.2; 23.302; 0.01707; 16.7; -15.5; 3.2
180.4; 23.326; 0.01885; 15.7; -14.5; 3.6
180.6; 23.349; 0.02048; 14.7; -13.4; 4.0
180.8; 23.373; 0.02188; 13.6; -12.3; 4.3
181.0; 23.397; 0.02294; 12.7; -11.3; 4.6
181.2; 23.421; 0.02357; 11.8; -10.4; 4.9
181.4; 23.445; 0.02370; 11.2; -9.7; 5.1
181.6; 23.468; 0.02327; 10.7; -9.2; 5.3
181.8; 23.492; 0.02229; 10.6; -9.1; 5.3
182.0; 23.516; 0.02081; 10.7; -9.4; 5.3
182.2; 23.540; 0.01896; 10.2; -13.6; 5.2
182.4; 23.564; 0.01692; 3.2; -19.4; 5.2
182.6; 23.588; 0.01504; 3.2; -19.3; 5.4
182.8; 23.613; 0.01358; 3.4; -18.8; 5.6
183.0; 23.638; 0.01267; 3.5; -18.3; 5.8
183.2; 23.663; 0.01239; 3.5; -17.9; 5.9
183.4; 23.689; 0.01269; 3.6; -17.5; 6.0
183.6; 23.715; 0.01352; 3.6; -17.1; 6.1
183.8; 23.742; 0.01474; 3.7; -16.6; 6.2
184.0; 23.769; 0.01619; 3.7; -16.0; 6.3
184.2; 23.797; 0.01770; 3.8; -15.3; 6.5
184.4; 23.825; 0.01908; 3.8; -14.6; 6.6
184.6; 23.853; 0.02013; 3.9; -13.9; 6.8
184.8; 23.882; 0.02066; 4.1; -13.2; 6.9
185.0; 23.912; 0.02051; 4.3; -12.6; 7.0
185.2; 23.941; 0.01954; 4.5; -12.2; 7.1
185.4; 23.972; 0.01764; 4.7; -11.9; 7.2
185.6; 24.002; 0.01473; 4.8; -11.9; 7.2
185.8; 24.033; 0.01085; 4.6; -12.1; 7.1
186.0; 24.064; 0.00676; 4.4; -12.5; 7.1
186.2; 24.095; 0.00292; 4.3; -12.8; 7.0
186.4; 24.126; -0.00053; 4.1; -13.0; 7.0
186.6; 24.157; -0.00369; 3.9; -13.3; 6.9
186.8; 24.188; -0.00671; 3.8; -13.5; 6.9
187.0; 24.219; -0.00982; 3.6; -13.7; 6.8
187.2; 24.249; -0.01322; 3.4; -13.9; 6.7
187.4; 24.280; -0.01714; 3.2; -14.1; 6.7
187.6; 24.310; -0.02174; 3.0; -14.3; 6.6
187.8; 24.339; -0.02698; 3.0; -14.0; 6.5
188.0; 24.369; -0.03122; 3.9; -12.0; 6.6
188.2; 24.399; -0.03400; 4.7; -10.4; 6.7
188.4; 24.430; -0.03547; 5.4; -8.8; 6.7
188.6; 24.461; -0.03593; 5.8; -7.4; 6.8
188.8; 24.493; -0.03565; 5.8; -6.0; 6.8
189.0; 24.525; -0.03468; 5.6; -4.9; 6.9
189.2; 24.559; -0.03309; 5.5; -3.9; 6.9
189.4; 24.592; -0.03094; 5.3; -3.0; 6.9
189.6; 24.626; -0.02831; 5.1; -2.3; 7.0
189.8; 24.661; -0.02527; 4.9; -1.7; 7.0
190.0; 24.696; -0.02187; 4.8; -1.3; 7.1
190.2; 24.731; -0.01817; 4.6; -1.0; 7.1
190.4; 24.766; -0.01421; 4.4; -0.7; 7.1
190.6; 24.801; -0.01000; 4.2; -0.6; 7.2
190.8; 24.836; -0.00553; 4.1; -0.4; 7.2
191.0; 24.871; -0.00079; 3.9; -0.4; 7.3
191.2; 24.907; 0.00424; 3.6; -0.3; 7.3
191.4; 24.942; 0.00957; 3.4; -0.2; 7.3
191.6; 24.978; 0.01524; 3.1; -0.2; 7.4
191.8; 25.013; 0.02126; 2.8; -0.2; 7.4
192.0; 25.049; 0.02764; 2.4; -0.1; 7.5
192.2; 25.084; 0.03436; 2.0; -0.1; 7.5
192.4; 25.121; 0.04136; 1.6; -0.1; 7.5
192.6; 25.157; 0.04852; 1.0; -0.1; 7.5
192.8; 25.193; 0.05574; 0.5; -0.1; 7.5
193.0; 25.230; 0.06412; 0.7; -0.1; 7.5
193.2; 25.266; 0.07318; 1.6; -0.1; 7.5
193.4; 25.303; 0.08141; 2.6; -0.1; 7.4
193.6; 25.339; 0.08771; 3.6; -0.1; 7.3
193.8; 25.374; 0.09164; 4.4; -0.1; 7.1
194.0; 25.409; 0.09358; 5.1; -0.1; 7.0
194.2; 25.443; 0.09422; 5.4; -0.0; 6.9
194.4; 25.476; 0.09412; 5.6; -0.0; 6.8
194.6; 25.508; 0.09364; 5.7; -0.0; 6.8
194.8; 25.538; 0.09296; 5.7; -0.0; 6.8
195.0; 25.567; 0.09221; 5.6; -0.0; 6.8
195.2; 25.594; 0.09143; 5.5; -0.0; 6.9
195.4; 25.620; 0.09064; 5.4; -0.0; 6.9
195.6; 25.645; 0.08983; 5.3; -0.0; 6.9
195.8; 25.671; 0.08898; 5.2; -0.0; 6.9
196.0; 25.699; 0.08805; 5.1; -0.0; 7.0
196.2; 25.729; 0.08706; 5.0; -0.0; 7.0
196.4; 25.761; 0.08583; 4.8; -0.0; 7.0
196.6; 25.796; 0.08295; 4.9; -0.0; 7.0
196.8; 25.832; 0.07822; 5.5; -0.0; 6.8
197.0; 25.869; 0.07210; 6.8; -0.0; 6.4
197.2; 25.907; 0.06492; 8.6; -0.0; 5.8
197.4; 25.945; 0.05693; 10.7; -0.0; 5.1
197.6; 25.982; 0.04836; 12.5; -0.0; 4.4
197.8; 26.018; 0.03953; 14.1; -0.0; 3.6
198.0; 26.054; 0.03081; 15.5; -0.0; 2.9
198.2; 26.088; 0.02260; 16.8; -0.0; 2.3
198.4; 26.122; 0.01526; 17.9; -0.0; 1.6
198.6; 26.154; 0.00912; 18.8; -0.0; 1.1
198.8; 26.184; 0.00442; 19.4; -0.0; 0.6
199.0; 26.214; 0.00125; 19.9; -0.0; 0.2
199.2; 26.242; -0.00088; 20.2; -0.1; -0.0
199.4; 26.269; -0.00341; 19.8; -0.0; -0.3
199.6; 26.296; -0.00743; 19.2; -0.0; -0.7
199.8; 26.322; -0.01264; 18.4; -0.0; -1.3
200.0; 26.347; -0.01858; 17.2; -0.1; -2.1
200.2; 26.372; -0.02470; 15.8; -0.1; -2.9
200.4; 26.397; -0.03036; 14.1; -0.1; -3.7
200.6; 26.422; -0.03492; 12.5; -0.1; -4.4
200.8; 26.446; -0.03788; 10.9; -0.1; -5.1
201.0; 26.471; -0.03912; 9.6; -0.1; -5.6
201.2; 26.495; -0.03882; 8.6; -0.1; -5.9
201.4; 26.520; -0.03752; 7.9; -0.1; -6.2
201.6; 26.544; -0.03584; 7.4; -0.1; -6.3
201.8; 26.569; -0.03419; 7.0; -0.1; -6.4
202.0; 26.594; -0.03280; 6.9; -0.1; -6.5
202.2; 26.619; -0.03178; 6.8; -0.1; -6.5
202.4; 26.643; -0.03115; 6.8; -0.1; -6.5
202.6; 26.668; -0.03086; 6.8; -0.1; -6.5
202.8; 26.693; -0.03083; 6.8; -0.1; -6.5
203.0; 26.718; -0.03098; 6.7; -0.1; -6.5
203.2; 26.743; -0.03118; 6.5; -0.1; -6.6
203.4; 26.768; -0.03134; 6.3; -0.1; -6.7
203.6; 26.793; -0.03134; 6.0; -0.1; -6.7
203.8; 26.818; -0.03108; 5.7; -0.2; -6.8
204.0; 26.842; -0.03051; 5.4; -0.2; -6.9
204.2; 26.867; -0.02958; 5.1; -0.3; -7.0
204.4; 26.891; -0.02830; 4.8; -0.4; -7.1
204.6; 26.916; -0.02669; 4.5; -0.6; -7.1
204.8; 26.940; -0.02481; 4.4; -0.9; -7.1
205.0; 26.964; -0.02272; 4.4; -1.6; -7.1
205.2; 26.988; -0.02049; 4.6; -2.2; -7.0
205.4; 27.012; -0.01821; 4.9; -2.7; -6.9
205.6; 27.036; -0.01591; 5.6; -3.4; -6.7
205.8; 27.060; -0.01364; 6.6; -4.6; -6.4
206.0; 27.084; -0.01142; 8.3; -6.4; -5.9
206.2; 27.108; -0.00928; 10.5; -8.8; -5.3
206.4; 27.131; -0.00725; 13.2; -11.7; -4.5
206.6; 27.155; -0.00537; 15.8; -14.5; -3.5
206.8; 27.178; -0.00367; 18.0; -16.8; -2.6
207.0; 27.202; -0.00220; 19.5; -18.4; -1.9
207.2; 27.225; -0.00096; 20.3; -19.3; -1.2
207.4; 27.249; 0.00007; 20.8; -19.8; -0.8
207.6; 27.273; 0.00091; 21.0; -20.0; -0.4
207.8; 27.296; 0.00157; 21.1; -20.1; -0.1
208.0; 27.320; 0.00207; 21.1; -20.1; 0.1
208.2; 27.343; 0.00243; 21.0; -20.1; 0.3
208.4; 27.367; 0.00268; 21.0; -20.0; 0.4
208.6; 27.391; 0.00283; 21.0; -20.0; 0.5
208.8; 27.414; 0.00290; 20.9; -19.9; 0.6
209.0; 27.438; 0.00290; 20.9; -19.9; 0.6
209.2; 27.461; 0.00284; 20.9; -19.9; 0.6
209.4; 27.485; 0.00274; 20.9; -19.9; 0.6
209.6; 27.509; 0.00261; 20.9; -19.9; 0.6
209.8; 27.532; 0.00245; 20.9; -19.9; 0.6
210.0; 27.556; 0.00228; 20.9; -19.9; 0.5
210.2; 27.579; 0.00210; 21.0; -20.0; 0.5
210.4; 27.603; 0.00192; 21.0; -20.0; 0.5
210.6; 27.626; 0.00173; 21.0; -20.0; 0.4
210.8; 27.650; 0.00156; 21.0; -20.0; 0.4
211.0; 27.673; 0.00139; 21.0; -20.0; 0.4
211.2; 27.697; 0.00123; 21.0; -20.0; 0.3
211.4; 27.721; 0.00108; 21.0; -20.1; 0.3
211.6; 27.744; 0.00094; 21.1; -20.1; 0.3
211.8; 27.768; 0.00082; 21.1; -20.1; 0.2
212.0; 27.791; 0.00071; 21.1; -20.1; 0.2
212.2; 27.815; 0.00061; 21.1; -20.1; 0.2
212.4; 27.838; 0.00052; 21.1; -20.1; 0.2
212.6; 27.862; 0.00044; 21.1; -20.1; 0.1
212.8; 27.885; 0.00038; 21.1; -20.1; 0.1
213.0; 27.909; 0.00032; 21.1; -20.1; 0.1
213.2; 27.933; 0.00027; 21.1; -20.1; 0.1
213.4; 27.956; 0.00023; 21.1; -20.1; 0.1
213.6; 27.980; 0.00020; 21.1; -20.1; 0.1
213.8; 28.003; 0.00017; 21.1; -20.1; 0.1
214.0; 28.027; 0.00015; 21.1; -20.1; 0.0
214.2; 28.050; 0.00013; 21.1; -20.1; 0.0
214.4; 28.074; 0.00012; 21.1; -20.1; 0.0
214.6; 28.097; 0.00011; 21.1; -20.1; 0.0
214.8; 28.121; 0.00011; 21.1; -20.1; 0.0
215.0; 28.144; 0.00010; 21.1; -20.1; 0.0
215.2; 28.168; 0.00010; 21.1; -20.1; 0.0
215.4; 28.192; 0.00010; 21.1; -20.1; 0.0
215.6; 28.215; 0.00010; 21.1; -20.1; 0.0
215.8; 28.239; 0.00010; 21.1; -20.1; 0.0
216.0; 28.262; 0.00010; 21.1; -20.1; 0.0
216.2; 28.286; 0.00010; 21.1; -20.1; 0.0
216.4; 28.309; 0.00010; 21.1; -20.1; 0.0
216.6; 28.333; 0.00011; 21.1; -20.1; 0.0
216.8; 28.356; 0.00011; 21.1; -20.1; 0.0
217.0; 28.380; 0.00011; 21.1; -20.1; 0.0
217.2; 28.403; 0.00011; 21.1; -20.1; 0.0
217.4; 28.427; 0.00011; 21.1; -20.1; 0.0
217.6; 28.451; 0.00011; 21.1; -20.1; 0.0
217.8; 28.474; 0.00011; 21.1; -20.1; 0.0
218.0; 28.498; 0.00011; 21.1; -20.1; 0.0
218.2; 28.521; 0.00010; 21.1; -20.1; 0.0
218.4; 28.545; 0.00010; 21.1; -20.1; 0.0
218.6; 28.568; 0.00010; 21.1; -20.1; 0.0
218.8; 28.592; 0.00010; 21.1; -20.1; 0.0
219.0; 28.615; 0.00010; 21.1; -20.1; 0.0
219.2; 28.639; 0.00009; 21.1; -20.1; 0.0
219.4; 28.662; 0.00009; 21.1; -20.1; 0.0
219.6; 28.686; 0.00009; 21.1; -20.1; 0.0
219.8; 28.710; 0.00008; 21.1; -20.1; 0.0
220.0; 28.733; 0.00008; 21.1; -20.1; 0.0
220.2; 28.757; 0.00008; 21.1; -20.1; 0.0
220.4; 28.780; 0.00007; 21.1; -20.1; 0.0
220.6; 28.804; 0.00007; 21.1; -20.1; 0.0
220.8; 28.827; 0.00006; 21.1; -20.1; 0.0
221.0; 28.851; 0.00006; 21.1; -20.1; 0.0
221.2; 28.874; 0.00006; 21.1; -20.1; 0.0
221.4; 28.898; 0.00005; 21.1; -20.1; 0.0
221.6; 28.921; 0.00005; 21.1; -20.1; 0.0
221.8; 28.945; 0.00005; 21.1; -20.1; 0.0
222.0; 28.968; 0.00004; 21.1; -20.1; 0.0
222.2; 28.992; 0.00004; 21.1; -20.1; 0.0
222.4; 29.016; 0.00003; 21.1; -20.1; 0.0
222.6; 29.039; 0.00003; 21.1; -20.1; 0.0
222.8; 29.063; 0.00003; 21.1; -20.1; 0.0
223.0; 29.086; 0.00002; 21.1; -20.1; 0.0
223.2; 29.110; 0.00002; 21.1; -20.1; 0.0
223.4; 29.133; 0.00002; 21.1; -20.1; 0.0
223.6; 29.157; 0.00001; 21.1; -20.1; 0.0
223.8; 29.180; 0.00001; 21.1; -20.1; 0.0
224.0; 29.204; 0.00000; 21.1; -20.1; 0.0
224.2; 29.227; 0.00000; 21.1; -20.1; 0.0
224.4; 29.251; -0.00000; 21.1; -20.1; 0.0
224.6; 29.275; -0.00001; 21.1; -20.1; -0.0
224.8; 29.298; -0.00001; 21.1; -20.1; -0.0
225.0; 29.322; -0.00001; 21.1; -20.1; -0.0
225.2; 29.345; -0.00002; 21.1; -20.1; -0.0
225.4; 29.369; -0.00002; 21.1; -20.1; -0.0
225.6; 29.392; -0.00002; 21.1; -20.1; -0.0
225.8; 29.416; -0.00003; 21.1; -20.1; -0.0
226.0; 29.439; -0.00003; 21.1; -20.1; -0.0
226.2; 29.463; -0.00003; 21.1; -20.1; -0.0
226.4; 29.486; -0.00004; 21.1; -20.1; -0.0
226.6; 29.510; -0.00004; 21.1; -20.1; -0.0
226.8; 29.534; -0.00004; 21.1; -20.1; -0.0
227.0; 29.557; -0.00005; 21.1; -20.1; -0.0
227.2; 29.581; -0.00005; 21.1; -20.1; -0.0
227.4; 29.604; -0.00005; 21.1; -20.1; -0.0
227.6; 29.628; -0.00006; 21.1; -20.1; -0.0
227.8; 29.651; -0.00006; 21.1; -20.1; -0.0
228.0; 29.675; -0.00006; 21.1; -20.1; -0.0
228.2; 29.698; -0.00007; 21.1; -20.1; -0.0
228.4; 29.722; -0.00007; 21.1; -20.1; -0.0
228.6; 29.745; -0.00007; 21.1; -20.1; -0.0
228.8; 29.769; -0.00008; 21.1; -20.1; -0.0
229.0; 29.793; -0.00008; 21.1; -20.1; -0.0
229.2; 29.816; -0.00008; 21.1; -20.1; -0.0
229.4; 29.840; -0.00009; 21.1; -20.1; -0.0
229.6; 29.863; -0.00009; 21.1; -20.1; -0.0
229.8; 29.887; -0.00009; 21.1; -20.1; -0.0
230.0; 29.910; -0.00010; 21.1; -20.1; -0.0
230.2; 29.934; -0.00010; 21.1; -20.1; -0.0
230.4; 29.957; -0.00011; 21.1; -20.1; -0.0
230.6; 29.981; -0.00011; 21.1; -20.1; -0.0
230.8; 30.004; -0.00011; 21.1; -20.1; -0.0
231.0; 30.028; -0.00012; 21.1; -20.1; -0.0
231.2; 30.052; -0.00012; 21.1; -20.1; -0.0
231.4; 30.075; -0.00013; 21.1; -20.1; -0.0
231.6; 30.099; -0.00013; 21.1; -20.1; -0.0
231.8; 30.122; -0.00014; 21.1; -20.1; -0.0
232.0; 30.146; -0.00014; 21.1; -20.1; -0.0
232.2; 30.169; -0.00015; 21.1; -20.1; -0.0
232.4; 30.193; -0.00016; 21.1; -20.1; -0.0
232.6; 30.216; -0.00016; 21.1; -20.1; -0.0
232.8; 30.240; -0.00017; 21.1; -20.1; -0.0
233.0; 30.264; -0.00018; 21.1; -20.1; -0.0
233.2; 30.287; -0.00019; 21.1; -20.1; -0.0
233.4; 30.311; -0.00021; 21.1; -20.1; -0.0
233.6; 30.334; -0.00022; 21.1; -20.1; -0.0
233.8; 30.358; -0.00023; 21.1; -20.1; -0.0
234.0; 30.381; -0.00025; 21.1; -20.1; -0.1
234.2; 30.405; -0.00027; 21.1; -20.1; -0.1
234.4; 30.429; -0.00029; 21.1; -20.1; -0.1
234.6; 30.452; -0.00031; 21.1; -20.1; -0.1
234.8; 30.476; -0.00033; 21.1; -20.1; -0.1
235.0; 30.499; -0.00035; 21.1; -20.1; -0.1
235.2; 30.523; -0.00038; 21.1; -20.1; -0.1
235.4; 30.546; -0.00040; 21.1; -20.1; -0.1
235.6; 30.570; -0.00043; 20.2; -19.6; -0.1
