# s_m; t_s; v_mps; beta_rad; omega_z_radps; n_m; xi_rad
0.0; 0.000; 8.49; 0.00021; -0.01280; -0.28949; -0.04110
0.2; 0.024; 8.50; 0.00022; -0.01351; -0.29774; -0.04176
0.4; 0.047; 8.50; 0.00024; -0.01441; -0.30611; -0.04232
0.6; 0.071; 8.50; 0.00025; -0.01530; -0.31458; -0.04277
0.8; 0.094; 8.50; 0.00027; -0.01617; -0.32312; -0.04310
1.0; 0.118; 8.50; 0.00029; -0.01703; -0.33172; -0.04332
1.2; 0.141; 8.50; 0.00030; -0.01786; -0.34033; -0.04341
1.4; 0.165; 8.50; 0.00032; -0.01862; -0.34895; -0.04339
1.6; 0.188; 8.50; 0.00033; -0.01930; -0.35755; -0.04324
1.8; 0.212; 8.50; 0.00035; -0.01985; -0.36610; -0.04297
2.0; 0.235; 8.50; 0.00036; -0.02025; -0.37458; -0.04258
2.2; 0.259; 8.50; 0.00037; -0.02045; -0.38296; -0.04205
2.4; 0.283; 8.50; 0.00038; -0.02040; -0.39122; -0.04139
2.6; 0.306; 8.50; 0.00038; -0.02005; -0.39932; -0.04059
2.8; 0.330; 8.50; 0.00038; -0.01935; -0.40726; -0.03964
3.0; 0.353; 8.50; 0.00037; -0.01823; -0.41498; -0.03853
3.2; 0.376; 8.50; 0.00036; -0.01664; -0.42246; -0.03726
3.4; 0.400; 8.50; 0.00034; -0.01450; -0.42968; -0.03581
3.6; 0.423; 8.50; 0.00031; -0.01176; -0.43659; -0.03418
3.8; 0.447; 8.50; 0.00027; -0.00835; -0.44316; -0.03234
4.0; 0.470; 8.50; 0.00022; -0.00420; -0.44935; -0.03029
4.2; 0.494; 8.50; 0.00015; 0.00074; -0.45512; -0.02800
4.4; 0.517; 8.50; 0.00007; 0.00651; -0.46041; -0.02546
4.6; 0.540; 8.50; -0.00002; 0.01315; -0.46519; -0.02265
4.8; 0.564; 8.50; -0.00012; 0.02068; -0.46940; -0.01955
5.0; 0.587; 8.50; -0.00025; 0.02909; -0.47299; -0.01615
5.2; 0.611; 8.50; -0.00039; 0.03835; -0.47589; -0.01242
5.4; 0.634; 8.50; -0.00054; 0.04840; -0.47805; -0.00835
5.6; 0.657; 8.50; -0.00071; 0.05913; -0.47940; -0.00392
5.8; 0.681; 8.50; -0.00090; 0.07042; -0.47987; 0.00087
6.0; 0.704; 8.50; -0.00110; 0.08207; -0.47938; 0.00604
6.2; 0.727; 8.50; -0.00130; 0.09386; -0.47788; 0.01159
6.4; 0.751; 8.50; -0.00152; 0.10553; -0.47528; 0.01751
6.6; 0.774; 8.50; -0.00174; 0.11682; -0.47151; 0.02380
6.8; 0.797; 8.50; -0.00196; 0.12747; -0.46650; 0.03044
7.0; 0.821; 8.50; -0.00217; 0.13734; -0.46019; 0.03741
7.2; 0.844; 8.50; -0.00237; 0.14653; -0.45250; 0.04467
7.4; 0.868; 8.50; -0.00256; 0.15554; -0.44340; 0.05194
7.6; 0.891; 8.50; -0.00274; 0.16566; -0.43291; 0.05856
7.8; 0.914; 8.48; -0.00302; 0.18515; -0.42123; 0.06389
8.0; 0.938; 8.27; -0.00431; 0.27311; -0.40865; 0.06865
8.2; 0.963; 8.06; -0.00605; 0.34234; -0.39537; 0.07331
8.4; 0.989; 7.85; -0.00781; 0.42087; -0.38145; 0.07795
8.6; 1.015; 7.65; -0.00959; 0.51204; -0.36687; 0.08295
8.8; 1.042; 7.45; -0.01142; 0.61184; -0.35150; 0.08867
9.0; 1.070; 7.27; -0.01332; 0.71561; -0.33520; 0.09533
9.2; 1.098; 7.09; -0.01529; 0.81918; -0.31776; 0.10304
9.4; 1.128; 6.93; -0.01733; 0.91919; -0.29900; 0.11176
9.6; 1.158; 6.77; -0.01945; 1.01310; -0.27873; 0.12134
9.8; 1.189; 6.63; -0.02164; 1.09926; -0.25681; 0.13156
10.0; 1.221; 6.49; -0.02392; 1.17693; -0.23316; 0.14212
10.2; 1.253; 6.36; -0.02627; 1.24614; -0.20777; 0.15269
10.4; 1.286; 6.24; -0.02869; 1.30754; -0.18073; 0.16291
10.6; 1.319; 6.13; -0.03117; 1.36205; -0.15216; 0.17248
10.8; 1.354; 6.02; -0.03370; 1.41051; -0.12229; 0.18112
11.0; 1.388; 5.92; -0.03628; 1.45336; -0.09139; 0.18858
11.2; 1.423; 5.82; -0.03890; 1.49029; -0.05977; 0.19475
11.4; 1.459; 5.72; -0.04152; 1.52089; -0.02775; 0.19989
11.6; 1.495; 5.62; -0.04438; 1.55475; 0.00450; 0.20493
11.8; 1.531; 5.53; -0.04691; 1.56910; 0.03698; 0.21025
12.0; 1.567; 5.47; -0.04752; 1.56934; 0.06994; 0.21523
12.2; 1.603; 5.44; -0.04630; 1.56904; 0.10353; 0.21889
12.4; 1.640; 5.41; -0.04404; 1.56834; 0.13766; 0.22042
12.6; 1.676; 5.39; -0.04147; 1.56868; 0.17189; 0.21910
12.8; 1.711; 5.37; -0.03873; 1.56888; 0.20561; 0.21431
13.0; 1.746; 5.35; -0.03574; 1.56881; 0.23807; 0.20540
13.2; 1.781; 5.33; -0.03249; 1.56903; 0.26848; 0.19171
13.4; 1.815; 5.31; -0.02908; 1.56922; 0.29596; 0.17263
13.6; 1.849; 5.30; -0.02561; 1.56924; 0.31959; 0.14764
13.8; 1.881; 5.30; -0.02222; 1.56918; 0.33845; 0.11643
14.0; 1.914; 5.30; -0.01904; 1.56907; 0.35166; 0.07898
14.2; 1.945; 5.30; -0.01618; 1.56890; 0.35840; 0.03565
14.4; 1.976; 5.30; -0.01371; 1.56868; 0.35790; -0.01274
14.6; 2.007; 5.31; -0.01166; 1.56840; 0.34949; -0.06477
14.8; 2.038; 5.33; -0.01004; 1.56806; 0.33256; -0.11758
15.0; 2.070; 5.34; -0.00882; 1.56759; 0.30677; -0.16611
15.2; 2.103; 5.36; -0.00798; 1.56683; 0.27247; -0.20514
15.4; 2.138; 5.38; -0.00748; 1.56457; 0.23090; -0.23234
15.6; 2.173; 5.40; -0.00725; 1.55615; 0.18389; -0.24816
15.8; 2.210; 5.42; -0.00706; 1.53532; 0.13350; -0.25422
16.0; 2.246; 5.45; -0.00665; 1.49911; 0.08168; -0.25252
16.2; 2.284; 5.49; -0.00583; 1.44717; 0.03012; -0.24514
16.4; 2.321; 5.53; -0.00459; 1.38159; -0.01985; -0.23397
16.6; 2.358; 5.59; -0.00314; 1.30733; -0.06734; -0.22060
16.8; 2.395; 5.66; -0.00182; 1.23021; -0.11186; -0.20617
17.0; 2.432; 5.74; -0.00089; 1.15356; -0.15322; -0.19146
17.2; 2.468; 5.82; -0.00039; 1.07755; -0.19145; -0.17701
17.4; 2.503; 5.92; -0.00025; 1.00130; -0.22669; -0.16324
17.6; 2.538; 6.02; -0.00034; 0.92443; -0.25917; -0.15046
17.8; 2.572; 6.13; -0.00056; 0.84730; -0.28914; -0.13892
18.0; 2.605; 6.25; -0.00083; 0.77067; -0.31690; -0.12877
18.2; 2.638; 6.37; -0.00111; 0.69535; -0.34273; -0.12008
18.4; 2.670; 6.49; -0.00138; 0.62206; -0.36695; -0.11286
18.6; 2.702; 6.62; -0.00161; 0.55141; -0.38986; -0.10705
18.8; 2.732; 6.75; -0.00178; 0.48389; -0.41171; -0.10253
19.0; 2.762; 6.88; -0.00191; 0.41996; -0.43275; -0.09907
19.2; 2.792; 7.02; -0.00197; 0.36006; -0.45313; -0.09632
19.4; 2.821; 7.15; -0.00198; 0.30465; -0.47292; -0.09385
19.6; 2.849; 7.29; -0.00193; 0.25424; -0.49213; -0.09125
19.8; 2.876; 7.43; -0.00184; 0.20941; -0.51066; -0.08813
20.0; 2.903; 7.56; -0.00171; 0.17075; -0.52836; -0.08411
20.2; 2.929; 7.70; -0.00156; 0.13882; -0.54499; -0.07886
20.4; 2.955; 7.83; -0.00140; 0.11394; -0.56029; -0.07207
20.6; 2.980; 7.96; -0.00125; 0.09604; -0.57393; -0.06350
20.8; 3.004; 8.09; -0.00112; 0.08436; -0.58558; -0.05300
21.0; 3.028; 8.21; -0.00103; 0.07806; -0.59489; -0.04047
21.2; 3.051; 8.33; -0.00099; 0.07741; -0.60150; -0.02589
21.4; 3.074; 8.44; -0.00099; 0.08469; -0.60508; -0.00926
21.6; 3.097; 8.50; -0.00114; 0.10841; -0.60529; 0.00950
21.8; 3.119; 8.50; -0.00153; 0.15383; -0.60177; 0.03060
22.0; 3.141; 8.50; -0.00213; 0.21079; -0.59416; 0.05408
22.2; 3.163; 8.50; -0.00296; 0.28476; -0.58204; 0.07960
22.4; 3.186; 8.50; -0.00408; 0.37499; -0.56508; 0.10600
22.6; 3.208; 8.50; -0.00556; 0.47717; -0.54313; 0.13181
22.8; 3.231; 8.50; -0.00745; 0.58553; -0.51628; 0.15638
23.0; 3.255; 8.50; -0.00974; 0.69352; -0.48473; 0.17989
23.2; 3.278; 8.50; -0.01243; 0.79474; -0.44869; 0.20253
23.4; 3.302; 8.50; -0.01546; 0.88374; -0.40837; 0.22431
23.6; 3.326; 8.50; -0.01876; 0.95688; -0.36399; 0.24502
23.8; 3.351; 8.50; -0.02222; 1.01276; -0.31586; 0.26428
24.0; 3.375; 8.50; -0.02571; 1.05190; -0.26438; 0.28162
24.2; 3.400; 8.50; -0.02908; 1.07597; -0.21006; 0.29651
24.4; 3.425; 8.50; -0.03222; 1.08757; -0.15352; 0.30836
24.6; 3.450; 8.50; -0.03502; 1.08996; -0.09554; 0.31658
24.8; 3.474; 8.50; -0.03744; 1.08622; -0.03702; 0.32054
25.0; 3.499; 8.50; -0.03944; 1.07886; 0.02098; 0.31961
25.2; 3.523; 8.50; -0.04105; 1.06981; 0.07729; 0.31310
25.4; 3.547; 8.50; -0.04229; 1.06053; 0.13059; 0.30032
25.6; 3.570; 8.50; -0.04322; 1.05201; 0.17954; 0.28055
25.8; 3.593; 8.50; -0.04389; 1.04481; 0.22273; 0.25313
26.0; 3.616; 8.50; -0.04436; 1.03910; 0.25884; 0.21756
26.2; 3.637; 8.50; -0.04468; 1.03479; 0.28675; 0.17441
26.4; 3.659; 8.50; -0.04489; 1.03161; 0.30582; 0.12659
26.6; 3.680; 8.50; -0.04503; 1.02926; 0.31606; 0.07829
26.8; 3.701; 8.49; -0.04511; 1.02750; 0.31784; 0.03247
27.0; 3.722; 8.49; -0.04515; 1.02618; 0.31172; -0.00950
27.2; 3.743; 8.49; -0.04516; 1.02522; 0.29827; -0.04695
27.4; 3.765; 8.49; -0.04515; 1.02466; 0.27815; -0.07946
27.6; 3.787; 8.49; -0.04513; 1.02450; 0.25208; -0.10684
27.8; 3.810; 8.49; -0.04510; 1.02424; 0.22085; -0.12908
28.0; 3.833; 8.49; -0.04507; 1.02338; 0.18533; -0.14633
28.2; 3.856; 8.49; -0.04501; 1.02205; 0.14641; -0.15881
28.4; 3.880; 8.49; -0.04493; 1.02053; 0.10503; -0.16680
28.6; 3.903; 8.49; -0.04482; 1.01903; 0.06209; -0.17061
28.8; 3.927; 8.49; -0.04468; 1.01766; 0.01850; -0.17053
29.0; 3.952; 8.49; -0.04453; 1.01643; -0.02488; -0.16681
29.2; 3.976; 8.49; -0.04436; 1.01532; -0.06726; -0.15972
29.4; 4.000; 8.49; -0.04419; 1.01428; -0.10787; -0.14945
29.6; 4.024; 8.49; -0.04401; 1.01328; -0.14602; -0.13633
29.8; 4.048; 8.49; -0.04383; 1.01227; -0.18119; -0.12111
30.0; 4.072; 8.49; -0.04364; 1.01124; -0.21306; -0.10491
30.2; 4.096; 8.50; -0.04346; 1.01013; -0.24154; -0.08849
30.4; 4.120; 8.50; -0.04327; 1.00890; -0.26665; -0.07209
30.6; 4.144; 8.50; -0.04308; 1.00742; -0.28838; -0.05571
30.8; 4.168; 8.50; -0.04288; 1.00547; -0.30674; -0.03935
31.0; 4.192; 8.50; -0.04267; 1.00272; -0.32173; -0.02302
31.2; 4.216; 8.50; -0.04242; 0.99864; -0.33337; -0.00672
31.4; 4.240; 8.50; -0.04210; 0.99251; -0.34166; 0.00950
31.6; 4.263; 8.50; -0.04169; 0.98338; -0.34659; 0.02560
31.8; 4.287; 8.50; -0.04113; 0.97003; -0.34818; 0.04150
32.0; 4.311; 8.50; -0.04036; 0.95101; -0.34645; 0.05709
32.2; 4.335; 8.50; -0.03928; 0.92470; -0.34142; 0.07223
32.4; 4.359; 8.50; -0.03781; 0.88945; -0.33312; 0.08673
32.6; 4.383; 8.50; -0.03585; 0.84391; -0.32163; 0.10037
32.8; 4.406; 8.50; -0.03336; 0.78748; -0.30703; 0.11289
33.0; 4.430; 8.50; -0.03032; 0.72103; -0.28947; 0.12406
33.2; 4.454; 8.50; -0.02683; 0.64752; -0.26914; 0.13367
33.4; 4.478; 8.50; -0.02311; 0.57179; -0.24630; 0.14160
33.6; 4.502; 8.50; -0.01943; 0.49912; -0.22126; 0.14786
33.8; 4.526; 8.50; -0.01607; 0.43332; -0.19441; 0.15259
34.0; 4.550; 8.50; -0.01318; 0.37570; -0.16612; 0.15596
34.2; 4.574; 8.50; -0.01082; 0.32562; -0.13674; 0.15817
34.4; 4.598; 8.50; -0.00892; 0.28161; -0.10661; 0.15939
34.6; 4.622; 8.50; -0.00740; 0.24203; -0.07600; 0.15975
34.8; 4.645; 8.50; -0.00618; 0.20550; -0.04514; 0.15934
35.0; 4.669; 8.50; -0.00516; 0.17082; -0.01424; 0.15821
35.2; 4.693; 8.50; -0.00428; 0.13700; 0.01652; 0.15641
35.4; 4.717; 8.50; -0.00350; 0.10315; 0.04699; 0.15394
35.6; 4.741; 8.50; -0.00278; 0.06846; 0.07702; 0.15079
35.8; 4.764; 8.50; -0.00208; 0.03214; 0.10646; 0.14694
36.0; 4.788; 8.50; -0.00139; -0.00656; 0.13515; 0.14234
36.2; 4.812; 8.50; -0.00068; -0.04838; 0.16296; 0.13692
36.4; 4.835; 8.50; 0.00007; -0.09401; 0.18971; 0.13061
36.6; 4.859; 8.50; 0.00087; -0.14408; 0.21523; 0.12330
36.8; 4.883; 8.50; 0.00174; -0.19911; 0.23932; 0.11489
37.0; 4.906; 8.50; 0.00270; -0.25950; 0.26177; 0.10530
37.2; 4.930; 8.50; 0.00377; -0.32542; 0.28238; 0.09456
37.4; 4.953; 8.50; 0.00498; -0.39678; 0.30096; 0.08286
37.6; 4.977; 8.50; 0.00635; -0.47309; 0.31740; 0.07032
37.8; 5.000; 8.50; 0.00790; -0.55334; 0.33154; 0.05691
38.0; 5.024; 8.50; 0.00967; -0.63593; 0.34325; 0.04254
38.2; 5.047; 8.50; 0.01168; -0.71860; 0.35238; 0.02718
38.4; 5.071; 8.50; 0.01394; -0.79850; 0.35877; 0.01086
38.6; 5.095; 8.50; 0.01646; -0.87242; 0.36228; -0.00632
38.8; 5.118; 8.50; 0.01922; -0.93711; 0.36281; -0.02418
39.0; 5.142; 8.50; 0.02215; -0.98972; 0.36026; -0.04245
39.2; 5.166; 8.50; 0.02517; -1.02805; 0.35461; -0.06082
39.4; 5.190; 8.50; 0.02814; -1.05090; 0.34586; -0.07891
39.6; 5.214; 8.49; 0.03098; -1.06192; 0.33407; -0.09637
39.8; 5.238; 8.48; 0.03389; -1.08076; 0.31936; -0.11317
40.0; 5.262; 8.45; 0.03721; -1.11217; 0.30189; -0.12953
40.2; 5.286; 8.41; 0.04085; -1.13507; 0.28181; -0.14546
40.4; 5.310; 8.38; 0.04448; -1.14435; 0.25926; -0.16064
40.6; 5.335; 8.35; 0.04782; -1.14382; 0.23441; -0.17474
40.8; 5.359; 8.32; 0.05073; -1.13775; 0.20743; -0.18748
41.0; 5.384; 8.29; 0.05317; -1.12901; 0.17855; -0.19866
41.2; 5.409; 8.26; 0.05512; -1.11908; 0.14801; -0.20812
41.4; 5.434; 8.24; 0.05660; -1.10885; 0.11610; -0.21572
41.6; 5.459; 8.22; 0.05767; -1.09916; 0.08316; -0.22133
41.8; 5.484; 8.21; 0.05838; -1.09081; 0.04955; -0.22484
42.0; 5.508; 8.19; 0.05878; -1.08410; 0.01568; -0.22615
42.2; 5.533; 8.17; 0.05895; -1.07888; -0.01802; -0.22518
42.4; 5.558; 8.16; 0.05892; -1.07481; -0.05110; -0.22182
42.6; 5.583; 8.14; 0.05874; -1.07159; -0.08308; -0.21599
42.8; 5.607; 8.13; 0.05842; -1.06893; -0.11349; -0.20762
43.0; 5.631; 8.11; 0.05798; -1.06664; -0.14184; -0.19665
43.2; 5.655; 8.10; 0.05744; -1.06457; -0.16765; -0.18306
43.4; 5.679; 8.09; 0.05681; -1.06268; -0.19049; -0.16687
43.6; 5.703; 8.08; 0.05610; -1.06104; -0.20992; -0.14815
43.8; 5.727; 8.07; 0.05532; -1.05993; -0.22555; -0.12705
44.0; 5.750; 8.06; 0.05449; -1.05982; -0.23702; -0.10379
44.2; 5.774; 8.05; 0.05364; -1.06140; -0.24405; -0.07867
44.4; 5.797; 8.04; 0.05281; -1.06524; -0.24636; -0.05221
44.6; 5.820; 8.03; 0.05206; -1.07074; -0.24381; -0.02559
44.8; 5.844; 8.02; 0.05141; -1.07709; -0.23652; -0.00085
45.0; 5.867; 8.02; 0.05090; -1.08427; -0.22493; 0.02024
45.2; 5.891; 8.01; 0.05053; -1.09248; -0.20970; 0.03695
45.4; 5.915; 8.00; 0.05034; -1.10242; -0.19160; 0.04926
45.6; 5.940; 7.99; 0.05037; -1.11448; -0.17140; 0.05725
45.8; 5.964; 7.98; 0.05067; -1.12835; -0.14987; 0.06108
46.0; 5.989; 7.98; 0.05127; -1.14264; -0.12776; 0.06093
46.2; 6.014; 7.97; 0.05216; -1.15455; -0.10579; 0.05706
46.4; 6.039; 7.95; 0.05327; -1.15910; -0.08465; 0.04981
46.6; 6.064; 7.94; 0.05436; -1.14786; -0.06496; 0.03969
46.8; 6.089; 7.93; 0.05498; -1.10626; -0.04729; 0.02748
47.0; 6.114; 7.92; 0.05423; -1.00857; -0.03214; 0.01444
47.2; 6.140; 7.92; 0.05054; -0.80994; -0.01992; 0.00272
47.4; 6.165; 7.94; 0.04155; -0.44753; -0.01084; -0.00410
47.6; 6.190; 8.02; 0.02653; 0.04915; -0.00469; -0.00170
47.8; 6.215; 8.15; 0.01219; 0.39587; -0.00020; 0.00940
48.0; 6.239; 8.26; 0.00320; 0.59056; 0.00465; 0.02448
48.2; 6.263; 8.34; -0.00278; 0.75986; 0.01126; 0.04153
48.4; 6.287; 8.23; -0.01054; 1.10726; 0.02034; 0.06286
48.6; 6.312; 8.13; -0.02036; 1.30225; 0.03235; 0.08826
48.8; 6.336; 8.09; -0.02935; 1.33304; 0.04759; 0.11382
49.0; 6.361; 8.09; -0.03588; 1.27290; 0.06608; 0.13615
49.2; 6.386; 8.08; -0.04059; 1.23782; 0.08749; 0.15426
49.4; 6.411; 8.08; -0.04423; 1.21014; 0.11123; 0.16829
49.6; 6.435; 8.07; -0.04706; 1.18497; 0.13662; 0.17814
49.8; 6.460; 8.07; -0.04920; 1.16177; 0.16291; 0.18360
50.0; 6.484; 8.06; -0.05072; 1.14097; 0.18930; 0.18444
50.2; 6.509; 8.05; -0.05170; 1.12293; 0.21493; 0.18043
50.4; 6.533; 8.04; -0.05223; 1.10784; 0.23890; 0.17135
50.6; 6.556; 8.03; -0.05238; 1.09585; 0.26032; 0.15702
50.8; 6.580; 8.02; -0.05225; 1.08718; 0.27827; 0.13733
51.0; 6.603; 8.01; -0.05190; 1.08212; 0.29188; 0.11229
51.2; 6.626; 8.01; -0.05144; 1.08052; 0.30033; 0.08206
51.4; 6.649; 8.00; -0.05094; 1.08036; 0.30283; 0.04698
51.6; 6.671; 7.99; -0.05042; 1.07949; 0.29866; 0.00759
51.8; 6.694; 7.99; -0.04987; 1.07786; 0.28716; -0.03519
52.0; 6.717; 7.98; -0.04927; 1.07586; 0.26776; -0.07917
52.2; 6.740; 7.98; -0.04861; 1.07385; 0.24022; -0.12052
52.4; 6.764; 7.97; -0.04789; 1.07210; 0.20494; -0.15578
52.6; 6.788; 7.97; -0.04713; 1.07081; 0.16287; -0.18359
52.8; 6.813; 7.97; -0.04633; 1.07015; 0.11530; -0.20415
53.0; 6.839; 7.96; -0.04553; 1.07019; 0.06360; -0.21799
53.2; 6.865; 7.96; -0.04475; 1.07088; 0.00916; -0.22574
53.4; 6.891; 7.96; -0.04401; 1.07185; -0.04671; -0.22800
53.6; 6.917; 7.96; -0.04333; 1.07226; -0.10274; -0.22539
53.8; 6.944; 7.96; -0.04269; 1.07056; -0.15783; -0.21846
54.0; 6.970; 7.96; -0.04202; 1.06411; -0.21097; -0.20777
54.2; 6.996; 7.97; -0.04121; 1.04887; -0.26129; -0.19387
54.4; 7.022; 7.97; -0.04005; 1.01896; -0.30807; -0.17739
54.6; 7.048; 7.98; -0.03822; 0.96659; -0.35070; -0.15901
54.8; 7.074; 8.00; -0.03532; 0.88304; -0.38868; -0.13959
55.0; 7.099; 8.03; -0.03101; 0.76305; -0.42168; -0.12006
55.2; 7.124; 8.07; -0.02532; 0.61507; -0.44952; -0.10124
55.4; 7.149; 8.13; -0.01905; 0.46904; -0.47229; -0.08359
55.6; 7.173; 8.22; -0.01348; 0.35690; -0.49036; -0.06734
55.8; 7.197; 8.31; -0.00937; 0.28382; -0.50437; -0.05265
56.0; 7.220; 8.41; -0.00670; 0.23765; -0.51496; -0.03950
56.2; 7.244; 8.49; -0.00516; 0.21136; -0.52269; -0.02752
56.4; 7.267; 8.50; -0.00466; 0.21432; -0.52793; -0.01610
56.6; 7.290; 8.50; -0.00442; 0.18942; -0.53093; -0.00540
56.8; 7.313; 8.50; -0.00406; 0.15833; -0.53187; 0.00424
57.0; 7.336; 8.50; -0.00358; 0.12748; -0.53094; 0.01272
57.2; 7.360; 8.50; -0.00305; 0.09865; -0.52834; 0.02007
57.4; 7.383; 8.50; -0.00251; 0.07250; -0.52429; 0.02632
57.6; 7.406; 8.50; -0.00199; 0.04925; -0.51900; 0.03150
57.8; 7.430; 8.50; -0.00150; 0.02896; -0.51267; 0.03568
58.0; 7.453; 8.50; -0.00106; 0.01154; -0.50550; 0.03890
58.2; 7.476; 8.50; -0.00067; -0.00314; -0.49769; 0.04122
58.4; 7.500; 8.50; -0.00034; -0.01528; -0.48941; 0.04269
58.6; 7.523; 8.50; -0.00005; -0.02509; -0.48085; 0.04337
58.8; 7.547; 8.50; 0.00019; -0.03281; -0.47217; 0.04331
59.0; 7.570; 8.50; 0.00039; -0.03865; -0.46350; 0.04267
59.2; 7.594; 8.50; 0.00054; -0.04285; -0.45496; 0.04169
59.4; 7.617; 8.50; 0.00067; -0.04563; -0.44661; 0.04056
59.6; 7.641; 8.50; 0.00075; -0.04720; -0.43847; 0.03937
59.8; 7.665; 8.50; 0.00082; -0.04775; -0.43055; 0.03814
60.0; 7.688; 8.50; 0.00085; -0.04747; -0.42287; 0.03690
60.2; 7.712; 8.50; 0.00087; -0.04653; -0.41544; 0.03567
60.4; 7.735; 8.50; 0.00087; -0.04506; -0.40825; 0.03446
60.6; 7.759; 8.50; 0.00086; -0.04320; -0.40129; 0.03328
60.8; 7.782; 8.50; 0.00084; -0.04105; -0.39458; 0.03214
61.0; 7.806; 8.50; 0.00081; -0.03872; -0.38809; 0.03104
61.2; 7.830; 8.50; 0.00077; -0.03628; -0.38183; 0.02998
61.4; 7.853; 8.50; 0.00073; -0.03381; -0.37578; 0.02898
61.6; 7.877; 8.50; 0.00069; -0.03136; -0.36993; 0.02802
61.8; 7.900; 8.50; 0.00064; -0.02897; -0.36428; 0.02711
62.0; 7.924; 8.50; 0.00060; -0.02667; -0.35882; 0.02624
62.2; 7.947; 8.50; 0.00055; -0.02450; -0.35353; 0.02542
62.4; 7.971; 8.50; 0.00051; -0.02247; -0.34842; 0.02464
62.6; 7.994; 8.50; 0.00047; -0.02059; -0.34347; 0.02389
62.8; 8.018; 8.50; 0.00043; -0.01888; -0.33867; 0.02317
63.0; 8.042; 8.50; 0.00040; -0.01732; -0.33402; 0.02248
63.2; 8.065; 8.50; 0.00036; -0.01592; -0.32951; 0.02182
63.4; 8.089; 8.50; 0.00033; -0.01468; -0.32514; 0.02117
63.6; 8.112; 8.50; 0.00031; -0.01359; -0.32090; 0.02055
63.8; 8.136; 8.50; 0.00028; -0.01264; -0.31679; 0.01994
64.0; 8.159; 8.50; 0.00026; -0.01181; -0.31281; 0.01933
64.2; 8.183; 8.50; 0.00024; -0.01111; -0.30895; 0.01874
64.4; 8.206; 8.50; 0.00023; -0.01052; -0.30521; 0.01815
64.6; 8.230; 8.50; 0.00021; -0.01003; -0.30159; 0.01757
64.8; 8.254; 8.50; 0.00020; -0.00962; -0.29809; 0.01698
65.0; 8.277; 8.50; 0.00019; -0.00930; -0.29471; 0.01639
65.2; 8.301; 8.50; 0.00018; -0.00904; -0.29145; 0.01580
65.4; 8.324; 8.50; 0.00018; -0.00884; -0.28831; 0.01521
65.6; 8.348; 8.50; 0.00017; -0.00869; -0.28529; 0.01461
65.8; 8.371; 8.50; 0.00017; -0.00858; -0.28240; 0.01400
66.0; 8.395; 8.50; 0.00017; -0.00852; -0.27963; 0.01338
66.2; 8.418; 8.50; 0.00016; -0.00848; -0.27698; 0.01276
66.4; 8.442; 8.50; 0.00016; -0.00847; -0.27446; 0.01212
66.6; 8.466; 8.50; 0.00016; -0.00847; -0.27206; 0.01148
66.8; 8.489; 8.50; 0.00016; -0.00850; -0.26980; 0.01082
67.0; 8.513; 8.50; 0.00016; -0.00853; -0.26767; 0.01015
67.2; 8.536; 8.50; 0.00016; -0.00858; -0.26567; 0.00948
67.4; 8.560; 8.50; 0.00016; -0.00863; -0.26381; 0.00879
67.6; 8.583; 8.50; 0.00016; -0.00869; -0.26209; 0.00809
67.8; 8.607; 8.50; 0.00016; -0.00876; -0.26051; 0.00737
68.0; 8.630; 8.50; 0.00016; -0.00882; -0.25908; 0.00665
68.2; 8.654; 8.50; 0.00016; -0.00888; -0.25779; 0.00591
68.4; 8.678; 8.50; 0.00017; -0.00895; -0.25664; 0.00516
68.6; 8.701; 8.50; 0.00017; -0.00901; -0.25565; 0.00440
68.8; 8.725; 8.50; 0.00017; -0.00906; -0.25481; 0.00363
69.0; 8.748; 8.50; 0.00017; -0.00911; -0.25413; 0.00285
69.2; 8.772; 8.50; 0.00017; -0.00916; -0.25361; 0.00205
69.4; 8.795; 8.50; 0.00017; -0.00920; -0.25324; 0.00125
69.6; 8.819; 8.50; 0.00017; -0.00923; -0.25304; 0.00043
69.8; 8.842; 8.50; 0.00017; -0.00925; -0.25300; -0.00040
70.0; 8.866; 8.50; 0.00017; -0.00925; -0.25313; -0.00124
70.2; 8.890; 8.50; 0.00017; -0.00925; -0.25343; -0.00210
70.4; 8.913; 8.50; 0.00017; -0.00923; -0.25390; -0.00296
70.6; 8.937; 8.50; 0.00017; -0.00919; -0.25455; -0.00383
70.8; 8.960; 8.50; 0.00017; -0.00914; -0.25537; -0.00471
71.0; 8.984; 8.50; 0.00017; -0.00906; -0.25637; -0.00561
71.2; 9.007; 8.50; 0.00017; -0.00896; -0.25754; -0.00651
71.4; 9.031; 8.50; 0.00017; -0.00883; -0.25890; -0.00742
71.6; 9.054; 8.50; 0.00017; -0.00867; -0.26045; -0.00834
71.8; 9.078; 8.50; 0.00017; -0.00848; -0.26217; -0.00926
72.0; 9.102; 8.50; 0.00016; -0.00826; -0.26409; -0.01019
72.2; 9.125; 8.50; 0.00016; -0.00800; -0.26619; -0.01113
72.4; 9.149; 8.50; 0.00016; -0.00770; -0.26848; -0.01207
72.6; 9.172; 8.50; 0.00015; -0.00738; -0.27096; -0.01302
72.8; 9.196; 8.50; 0.00014; -0.00701; -0.27363; -0.01397
73.0; 9.219; 8.50; 0.00014; -0.00661; -0.27650; -0.01492
73.2; 9.243; 8.50; 0.00013; -0.00618; -0.27956; -0.01588
73.4; 9.267; 8.50; 0.00012; -0.00573; -0.28280; -0.01684
73.6; 9.290; 8.50; 0.00012; -0.00525; -0.28625; -0.01779
73.8; 9.314; 8.50; 0.00011; -0.00477; -0.28988; -0.01872
74.0; 9.337; 8.50; 0.00010; -0.00428; -0.29370; -0.01958
74.2; 9.361; 8.50; 0.00009; -0.00381; -0.29767; -0.02031
74.4; 9.384; 8.50; 0.00008; -0.00337; -0.30178; -0.02089
74.6; 9.408; 8.50; 0.00007; -0.00298; -0.30600; -0.02132
74.8; 9.431; 8.50; 0.00007; -0.00268; -0.31028; -0.02160
75.0; 9.455; 8.50; 0.00006; -0.00248; -0.31460; -0.02172
75.2; 9.479; 8.50; 0.00005; -0.00242; -0.31894; -0.02170
75.4; 9.502; 8.50; 0.00005; -0.00255; -0.32325; -0.02154
75.6; 9.526; 8.50; 0.00005; -0.00290; -0.32752; -0.02124
75.8; 9.549; 8.50; 0.00005; -0.00353; -0.33171; -0.02080
76.0; 9.573; 8.50; 0.00006; -0.00448; -0.33580; -0.02024
76.2; 9.596; 8.50; 0.00007; -0.00581; -0.33977; -0.01956
76.4; 9.620; 8.50; 0.00009; -0.00759; -0.34358; -0.01878
76.6; 9.643; 8.50; 0.00011; -0.00989; -0.34723; -0.01790
76.8; 9.667; 8.50; 0.00015; -0.01276; -0.35068; -0.01694
77.0; 9.690; 8.50; 0.00019; -0.01628; -0.35392; -0.01591
77.2; 9.714; 8.50; 0.00024; -0.02051; -0.35695; -0.01484
77.4; 9.737; 8.50; 0.00031; -0.02552; -0.35974; -0.01373
77.6; 9.761; 8.50; 0.00039; -0.03138; -0.36230; -0.01260
77.8; 9.784; 8.50; 0.00048; -0.03812; -0.36461; -0.01149
78.0; 9.807; 8.50; 0.00059; -0.04581; -0.36669; -0.01041
78.2; 9.831; 8.50; 0.00072; -0.05445; -0.36853; -0.00938
78.4; 9.854; 8.50; 0.00086; -0.06406; -0.37015; -0.00843
78.6; 9.878; 8.50; 0.00102; -0.07462; -0.37155; -0.00758
78.8; 9.901; 8.50; 0.00120; -0.08606; -0.37277; -0.00686
79.0; 9.925; 8.50; 0.00140; -0.09832; -0.37382; -0.00627
79.2; 9.948; 8.50; 0.00161; -0.11124; -0.37472; -0.00585
79.4; 9.971; 8.50; 0.00184; -0.12463; -0.37552; -0.00560
79.6; 9.995; 8.50; 0.00208; -0.13826; -0.37624; -0.00554
79.8; 10.018; 8.50; 0.00233; -0.15178; -0.37691; -0.00567
80.0; 10.042; 8.50; 0.00259; -0.16481; -0.37758; -0.00597
80.2; 10.065; 8.50; 0.00284; -0.17684; -0.37827; -0.00644
80.4; 10.088; 8.50; 0.00308; -0.18728; -0.37902; -0.00704
80.6; 10.112; 8.50; 0.00331; -0.19545; -0.37985; -0.00772
80.8; 10.135; 8.50; 0.00351; -0.20054; -0.38078; -0.00843
81.0; 10.158; 8.50; 0.00366; -0.20163; -0.38181; -0.00909
81.2; 10.182; 8.50; 0.00375; -0.19771; -0.38293; -0.00971
81.4; 10.205; 8.50; 0.00377; -0.18764; -0.38418; -0.01045
81.6; 10.229; 8.50; 0.00368; -0.17023; -0.38561; -0.01149
81.8; 10.252; 8.50; 0.00348; -0.14418; -0.38731; -0.01280
82.0; 10.275; 8.50; 0.00313; -0.10820; -0.38933; -0.01419
82.2; 10.299; 8.50; 0.00262; -0.06101; -0.39170; -0.01540
82.4; 10.323; 8.50; 0.00193; -0.00142; -0.39440; -0.01614
82.6; 10.346; 8.50; 0.00103; 0.07157; -0.39733; -0.01610
82.8; 10.370; 8.50; -0.00009; 0.15862; -0.40035; -0.01495
83.0; 10.393; 8.50; -0.00146; 0.25978; -0.40325; -0.01236
83.2; 10.417; 8.50; -0.00312; 0.37411; -0.40577; -0.00800
83.4; 10.441; 8.50; -0.00512; 0.49906; -0.40758; -0.00160
83.6; 10.465; 8.50; -0.00751; 0.62974; -0.40832; 0.00700
83.8; 10.488; 8.50; -0.01035; 0.75873; -0.40763; 0.01783
84.0; 10.512; 8.50; -0.01368; 0.87698; -0.40515; 0.03073
84.2; 10.536; 8.50; -0.01744; 0.97534; -0.40060; 0.04531
84.4; 10.560; 8.50; -0.02153; 1.04825; -0.39376; 0.06102
84.6; 10.584; 8.49; -0.02581; 1.09863; -0.38449; 0.07731
84.8; 10.608; 8.48; -0.03023; 1.13495; -0.37276; 0.09376
85.0; 10.632; 8.47; -0.03460; 1.15215; -0.35856; 0.10999
85.2; 10.657; 8.45; -0.03867; 1.15089; -0.34195; 0.12553
85.4; 10.681; 8.43; -0.04226; 1.13838; -0.32303; 0.14005
85.6; 10.705; 8.41; -0.04532; 1.12084; -0.30191; 0.15335
85.8; 10.730; 8.39; -0.04788; 1.10318; -0.27877; 0.16536
86.0; 10.754; 8.35; -0.05004; 1.08959; -0.25376; 0.17613
86.2; 10.779; 8.32; -0.05194; 1.08246; -0.22708; 0.18579
86.4; 10.804; 8.27; -0.05368; 1.08153; -0.19890; 0.19449
86.6; 10.829; 8.23; -0.05531; 1.08502; -0.16939; 0.20237
86.8; 10.854; 8.19; -0.05682; 1.09068; -0.13872; 0.20952
87.0; 10.879; 8.14; -0.05817; 1.09555; -0.10701; 0.21593
87.2; 10.904; 8.11; -0.05926; 1.09720; -0.07439; 0.22156
87.4; 10.929; 8.08; -0.06001; 1.09572; -0.04100; 0.22633
87.6; 10.955; 8.05; -0.06043; 1.09253; -0.00697; 0.23019
87.8; 10.980; 8.03; -0.06054; 1.08926; 0.02757; 0.23312
88.0; 11.005; 8.01; -0.06041; 1.08719; 0.06247; 0.23517
88.2; 11.030; 7.99; -0.06013; 1.08648; 0.09759; 0.23642
88.4; 11.055; 7.98; -0.05974; 1.08667; 0.13277; 0.23694
88.6; 11.080; 7.96; -0.05927; 1.08730; 0.16790; 0.23680
88.8; 11.105; 7.94; -0.05874; 1.08807; 0.20284; 0.23603
89.0; 11.130; 7.93; -0.05817; 1.08878; 0.23747; 0.23450
89.2; 11.155; 7.91; -0.05755; 1.08934; 0.27160; 0.23201
89.4; 11.179; 7.90; -0.05689; 1.08966; 0.30503; 0.22834
89.6; 11.203; 7.89; -0.05619; 1.08971; 0.33749; 0.22323
89.8; 11.228; 7.88; -0.05545; 1.08952; 0.36868; 0.21644
90.0; 11.252; 7.86; -0.05466; 1.08921; 0.39826; 0.20771
90.2; 11.275; 7.85; -0.05383; 1.08899; 0.42586; 0.19679
90.4; 11.299; 7.84; -0.05298; 1.08924; 0.45106; 0.18341
90.6; 11.322; 7.84; -0.05211; 1.09038; 0.47343; 0.16735
90.8; 11.345; 7.83; -0.05127; 1.09257; 0.49253; 0.14836
91.0; 11.368; 7.82; -0.05047; 1.09469; 0.50788; 0.12625
91.2; 11.390; 7.81; -0.04971; 1.09553; 0.51901; 0.10081
91.4; 11.412; 7.81; -0.04897; 1.09521; 0.52544; 0.07188
91.6; 11.434; 7.80; -0.04822; 1.09414; 0.52670; 0.03942
91.8; 11.456; 7.80; -0.04746; 1.09269; 0.52230; 0.00348
92.0; 11.477; 7.80; -0.04668; 1.09114; 0.51175; -0.03574
92.2; 11.499; 7.79; -0.04588; 1.08970; 0.49452; -0.07786
92.4; 11.520; 7.79; -0.04506; 1.08852; 0.47004; -0.12220
92.6; 11.542; 7.79; -0.04423; 1.08776; 0.43769; -0.16679
92.8; 11.565; 7.79; -0.04339; 1.08755; 0.39699; -0.20762
93.0; 11.589; 7.79; -0.04256; 1.08815; 0.34811; -0.24071
93.2; 11.614; 7.79; -0.04176; 1.08993; 0.29216; -0.26440
93.4; 11.639; 7.79; -0.04104; 1.09337; 0.23087; -0.27891
93.6; 11.665; 7.79; -0.04045; 1.09872; 0.16618; -0.28496
93.8; 11.692; 7.80; -0.04004; 1.10566; 0.10005; -0.28329
94.0; 11.719; 7.80; -0.03984; 1.11292; 0.03438; -0.27460
94.2; 11.745; 7.80; -0.03983; 1.11777; -0.02909; -0.25958
94.4; 11.772; 7.81; -0.03991; 1.11554; -0.08883; -0.23883
94.6; 11.799; 7.81; -0.03986; 1.09890; -0.14349; -0.21302
94.8; 11.825; 7.82; -0.03931; 1.05688; -0.19192; -0.18284
95.0; 11.851; 7.83; -0.03767; 0.97401; -0.23316; -0.14921
95.2; 11.877; 7.85; -0.03420; 0.83188; -0.26644; -0.11325
95.4; 11.902; 7.88; -0.02832; 0.62124; -0.29117; -0.07630
95.6; 11.926; 7.95; -0.02055; 0.37275; -0.30707; -0.03918
95.8; 11.950; 8.04; -0.01302; 0.15399; -0.31413; -0.00121
96.0; 11.973; 8.15; -0.00741; -0.01493; -0.31255; 0.03877
96.2; 11.996; 8.27; -0.00365; -0.16224; -0.30253; 0.07943
96.4; 12.018; 8.38; -0.00090; -0.30773; -0.28444; 0.11700
96.6; 12.041; 8.48; 0.00160; -0.45451; -0.25904; 0.14836
96.8; 12.064; 8.50; 0.00474; -0.63034; -0.22744; 0.17182
97.0; 12.087; 8.50; 0.00857; -0.76078; -0.19091; 0.18724
97.2; 12.110; 8.50; 0.01241; -0.82427; -0.15080; 0.19564
97.4; 12.134; 8.50; 0.01566; -0.82931; -0.10846; 0.19830
97.6; 12.158; 8.50; 0.01783; -0.78115; -0.06520; 0.19647
97.8; 12.182; 8.50; 0.01857; -0.68317; -0.02215; 0.19137
98.0; 12.206; 8.50; 0.01767; -0.54029; 0.01970; 0.18413
98.2; 12.230; 8.50; 0.01524; -0.36320; 0.05956; 0.17570
98.4; 12.254; 8.50; 0.01175; -0.16956; 0.09692; 0.16663
98.6; 12.278; 8.50; 0.00785; 0.02191; 0.13146; 0.15695
98.8; 12.301; 8.50; 0.00402; 0.19855; 0.16296; 0.14629
99.0; 12.325; 8.50; 0.00044; 0.35398; 0.19120; 0.13405
99.2; 12.348; 8.50; -0.00285; 0.48478; 0.21588; 0.11956
99.4; 12.371; 8.50; -0.00591; 0.58902; 0.23659; 0.10216
99.6; 12.393; 8.50; -0.00873; 0.66609; 0.25284; 0.08125
99.8; 12.416; 8.50; -0.01127; 0.71791; 0.26408; 0.05648
100.0; 12.438; 8.50; -0.01346; 0.74796; 0.26978; 0.02846
100.2; 12.460; 8.50; -0.01527; 0.75941; 0.26969; -0.00047
100.4; 12.482; 8.50; -0.01664; 0.75479; 0.26399; -0.02753
100.6; 12.504; 8.50; -0.01752; 0.73607; 0.25319; -0.05140
100.8; 12.527; 8.50; -0.01788; 0.70505; 0.23793; -0.07211
101.0; 12.550; 8.50; -0.01772; 0.66364; 0.21878; -0.09007
101.2; 12.573; 8.50; -0.01707; 0.61410; 0.19630; -0.10566
101.4; 12.596; 8.50; -0.01601; 0.55915; 0.17096; -0.11925
101.6; 12.619; 8.50; -0.01464; 0.50181; 0.14317; -0.13112
101.8; 12.643; 8.50; -0.01310; 0.44512; 0.11329; -0.14151
102.0; 12.666; 8.50; -0.01152; 0.39170; 0.08162; -0.15054
102.2; 12.690; 8.50; -0.01001; 0.34353; 0.04844; -0.15828
102.4; 12.714; 8.50; -0.00863; 0.30187; 0.01399; -0.16473
102.6; 12.738; 8.50; -0.00744; 0.26748; -0.02147; -0.16985
102.8; 12.762; 8.50; -0.00644; 0.24070; -0.05768; -0.17355
103.0; 12.786; 8.50; -0.00563; 0.22169; -0.09434; -0.17572
103.2; 12.810; 8.50; -0.00502; 0.21044; -0.13114; -0.17623
103.4; 12.834; 8.50; -0.00458; 0.20685; -0.16775; -0.17500
103.6; 12.858; 8.50; -0.00431; 0.21075; -0.20383; -0.17221
103.8; 12.882; 8.50; -0.00420; 0.22187; -0.23915; -0.16826
104.0; 12.905; 8.50; -0.00425; 0.23985; -0.27353; -0.16341
104.2; 12.929; 8.50; -0.00444; 0.26421; -0.30683; -0.15762
104.4; 12.953; 8.50; -0.00477; 0.29430; -0.33886; -0.15077
104.6; 12.977; 8.50; -0.00524; 0.32931; -0.36943; -0.14272
104.8; 13.001; 8.50; -0.00583; 0.36821; -0.39831; -0.13338
105.0; 13.024; 8.50; -0.00654; 0.40973; -0.42525; -0.12268
105.2; 13.048; 8.50; -0.00735; 0.45237; -0.45001; -0.11058
105.4; 13.072; 8.50; -0.00825; 0.49438; -0.47233; -0.09710
105.6; 13.095; 8.50; -0.00921; 0.53376; -0.49197; -0.08228
105.8; 13.119; 8.50; -0.01020; 0.56841; -0.50869; -0.06623
106.0; 13.142; 8.50; -0.01117; 0.59613; -0.52228; -0.04910
106.2; 13.165; 8.50; -0.01208; 0.61486; -0.53254; -0.03108
106.4; 13.189; 8.50; -0.01285; 0.62287; -0.53932; -0.01242
106.6; 13.212; 8.50; -0.01343; 0.61941; -0.54250; 0.00661
106.8; 13.235; 8.48; -0.01394; 0.61790; -0.54200; 0.02595
107.0; 13.258; 8.35; -0.01657; 0.75696; -0.53778; 0.04758
107.2; 13.282; 8.21; -0.02006; 0.81174; -0.52966; 0.07186
107.4; 13.306; 8.08; -0.02313; 0.84281; -0.51724; 0.09749
107.6; 13.331; 7.95; -0.02563; 0.86926; -0.50019; 0.12338
107.8; 13.357; 7.83; -0.02766; 0.89820; -0.47838; 0.14837
108.0; 13.383; 7.70; -0.02939; 0.93290; -0.45186; 0.17188
108.2; 13.409; 7.58; -0.03098; 0.97458; -0.42081; 0.19394
108.4; 13.437; 7.47; -0.03262; 1.02291; -0.38547; 0.21476
108.6; 13.465; 7.36; -0.03444; 1.07633; -0.34606; 0.23448
108.8; 13.493; 7.25; -0.03655; 1.13239; -0.30286; 0.25315
109.0; 13.522; 7.15; -0.03906; 1.18817; -0.25620; 0.27068
109.2; 13.552; 7.05; -0.04198; 1.24057; -0.20648; 0.28686
109.4; 13.582; 6.96; -0.04532; 1.28648; -0.15421; 0.30131
109.6; 13.613; 6.87; -0.04902; 1.32255; -0.09998; 0.31354
109.8; 13.643; 6.79; -0.05293; 1.34529; -0.04456; 0.32289
110.0; 13.674; 6.70; -0.05707; 1.36025; 0.01117; 0.32875
110.2; 13.705; 6.61; -0.06138; 1.36474; 0.06623; 0.33060
110.4; 13.736; 6.51; -0.06563; 1.36314; 0.11960; 0.32801
110.6; 13.767; 6.41; -0.06966; 1.36169; 0.17030; 0.32087
110.8; 13.798; 6.31; -0.07350; 1.36402; 0.21749; 0.30950
111.0; 13.828; 6.20; -0.07724; 1.37170; 0.26060; 0.29511
111.2; 13.859; 6.09; -0.08104; 1.38526; 0.29945; 0.27967
111.4; 13.890; 5.97; -0.08509; 1.40480; 0.33422; 0.26473
111.6; 13.920; 5.85; -0.08959; 1.43015; 0.36515; 0.25084
111.8; 13.952; 5.72; -0.09475; 1.46089; 0.39247; 0.23803
112.0; 13.983; 5.59; -0.10078; 1.49633; 0.41632; 0.22632
112.2; 14.015; 5.45; -0.10787; 1.53543; 0.43680; 0.21568
112.4; 14.047; 5.32; -0.11585; 1.56836; 0.45399; 0.20597
112.6; 14.080; 5.20; -0.12267; 1.56937; 0.46810; 0.19650
112.8; 14.113; 5.11; -0.12774; 1.56967; 0.47942; 0.18659
113.0; 14.147; 5.04; -0.13117; 1.56985; 0.48821; 0.17590
113.2; 14.180; 4.99; -0.13322; 1.56997; 0.49459; 0.16419
113.4; 14.214; 4.95; -0.13405; 1.57005; 0.49864; 0.15132
113.6; 14.248; 4.91; -0.13379; 1.57011; 0.50038; 0.13728
113.8; 14.282; 4.89; -0.13257; 1.57016; 0.49983; 0.12217
114.0; 14.316; 4.88; -0.13047; 1.57020; 0.49698; 0.10622
114.2; 14.350; 4.87; -0.12760; 1.57023; 0.49187; 0.08990
114.4; 14.384; 4.86; -0.12402; 1.57025; 0.48461; 0.07443
114.6; 14.418; 4.87; -0.11983; 1.57028; 0.47555; 0.06204
114.8; 14.453; 4.87; -0.11509; 1.57030; 0.46540; 0.05451
115.0; 14.489; 4.87; -0.10989; 1.57032; 0.45510; 0.05202
115.2; 14.525; 4.88; -0.10427; 1.57034; 0.44558; 0.05373
115.4; 14.561; 4.88; -0.09824; 1.57035; 0.43759; 0.05865
115.6; 14.598; 4.88; -0.09181; 1.57037; 0.43176; 0.06584
115.8; 14.634; 4.88; -0.08495; 1.57038; 0.42852; 0.07444
116.0; 14.671; 4.88; -0.07765; 1.57039; 0.42814; 0.08357
116.2; 14.708; 4.88; -0.06987; 1.57040; 0.43073; 0.09238
116.4; 14.744; 4.87; -0.06164; 1.57040; 0.43621; 0.09999
116.6; 14.781; 4.86; -0.05299; 1.57039; 0.44432; 0.10544
116.8; 14.817; 4.84; -0.04402; 1.57037; 0.45459; 0.10768
117.0; 14.853; 4.82; -0.03490; 1.57042; 0.46632; 0.10551
117.2; 14.888; 4.80; -0.02533; 1.57040; 0.47859; 0.09750
117.4; 14.923; 4.79; -0.01567; 1.57034; 0.49025; 0.08191
117.6; 14.956; 4.80; -0.00697; 1.57026; 0.49983; 0.05691
117.8; 14.989; 4.82; -0.00021; 1.57020; 0.50560; 0.02148
118.0; 15.020; 4.85; 0.00430; 1.57019; 0.50595; -0.02262
118.2; 15.051; 4.89; 0.00686; 1.57020; 0.49978; -0.07061
118.4; 15.083; 4.93; 0.00800; 1.57020; 0.48648; -0.11740
118.6; 15.115; 4.97; 0.00819; 1.57017; 0.46592; -0.15950
118.8; 15.147; 5.01; 0.00777; 1.57011; 0.43834; -0.19464
119.0; 15.181; 5.06; 0.00697; 1.57002; 0.40435; -0.22139
119.2; 15.216; 5.10; 0.00595; 1.56988; 0.36501; -0.23907
119.4; 15.252; 5.14; 0.00478; 1.56966; 0.32173; -0.24768
119.6; 15.288; 5.18; 0.00355; 1.56937; 0.27616; -0.24766
119.8; 15.325; 5.22; 0.00229; 1.56845; 0.23004; -0.23978
120.0; 15.362; 5.26; 0.00109; 1.55034; 0.18505; -0.22532
120.2; 15.400; 5.31; 0.00033; 1.48305; 0.14258; -0.20659
120.4; 15.437; 5.37; 0.00055; 1.36684; 0.10359; -0.18635
120.6; 15.475; 5.44; 0.00154; 1.21892; 0.06849; -0.16688
120.8; 15.511; 5.54; 0.00247; 1.06207; 0.03718; -0.14944
121.0; 15.547; 5.65; 0.00273; 0.90710; 0.00916; -0.13444
121.2; 15.582; 5.78; 0.00235; 0.75421; -0.01614; -0.12197
121.4; 15.617; 5.93; 0.00165; 0.60363; -0.03931; -0.11198
121.6; 15.650; 6.08; 0.00088; 0.45848; -0.06085; -0.10425
121.8; 15.683; 6.24; 0.00021; 0.32365; -0.08116; -0.09850
122.0; 15.715; 6.40; -0.00025; 0.20482; -0.10059; -0.09448
122.2; 15.746; 6.57; -0.00049; 0.10795; -0.11939; -0.09186
122.4; 15.776; 6.73; -0.00050; 0.03797; -0.13773; -0.08996
122.6; 15.806; 6.90; -0.00037; -0.00650; -0.15566; -0.08794
122.8; 15.834; 7.05; -0.00019; -0.03283; -0.17304; -0.08511
123.0; 15.862; 7.20; -0.00012; -0.08513; -0.18974; -0.08174
123.2; 15.890; 7.35; 0.00006; -0.16366; -0.20571; -0.07842
123.4; 15.917; 7.48; 0.00049; -0.26096; -0.22096; -0.07560
123.6; 15.943; 7.60; 0.00124; -0.36791; -0.23556; -0.07348
123.8; 15.969; 7.71; 0.00234; -0.47612; -0.24957; -0.07203
124.0; 15.994; 7.81; 0.00377; -0.58099; -0.26305; -0.07108
124.2; 16.019; 7.90; 0.00551; -0.68085; -0.27601; -0.07041
124.4; 16.043; 7.98; 0.00755; -0.77356; -0.28842; -0.06977
124.6; 16.068; 8.04; 0.00988; -0.85647; -0.30021; -0.06887
124.8; 16.092; 8.10; 0.01246; -0.92716; -0.31123; -0.06740
125.0; 16.115; 8.14; 0.01522; -0.98426; -0.32132; -0.06503
125.2; 16.139; 8.18; 0.01808; -1.02772; -0.33026; -0.06158
125.4; 16.162; 8.21; 0.02095; -1.05872; -0.33788; -0.05732
125.6; 16.185; 8.24; 0.02374; -1.07922; -0.34410; -0.05290
125.8; 16.208; 8.26; 0.02641; -1.09147; -0.34898; -0.04877
126.0; 16.231; 8.28; 0.02888; -1.09761; -0.35262; -0.04497
126.2; 16.254; 8.29; 0.03115; -1.09953; -0.35511; -0.04143
126.4; 16.277; 8.30; 0.03320; -1.09873; -0.35654; -0.03812
126.6; 16.300; 8.31; 0.03503; -1.09631; -0.35700; -0.03500
126.8; 16.323; 8.32; 0.03666; -1.09306; -0.35655; -0.03207
127.0; 16.346; 8.33; 0.03809; -1.08948; -0.35527; -0.02933
127.2; 16.368; 8.33; 0.03936; -1.08585; -0.35323; -0.02679
127.4; 16.391; 8.34; 0.04047; -1.08234; -0.35050; -0.02445
127.6; 16.414; 8.34; 0.04144; -1.07901; -0.34714; -0.02233
127.8; 16.437; 8.34; 0.04229; -1.07586; -0.34323; -0.02043
128.0; 16.460; 8.34; 0.04303; -1.07287; -0.33881; -0.01876
128.2; 16.483; 8.34; 0.04368; -1.06997; -0.33396; -0.01731
128.4; 16.506; 8.34; 0.04422; -1.06711; -0.32874; -0.01609
128.6; 16.529; 8.34; 0.04468; -1.06422; -0.32319; -0.01508
128.8; 16.552; 8.34; 0.04506; -1.06122; -0.31739; -0.01429
129.0; 16.575; 8.34; 0.04535; -1.05806; -0.31139; -0.01369
129.2; 16.598; 8.34; 0.04556; -1.05471; -0.30523; -0.01328
129.4; 16.621; 8.34; 0.04568; -1.05119; -0.29898; -0.01304
129.6; 16.644; 8.34; 0.04571; -1.04760; -0.29267; -0.01295
129.8; 16.667; 8.34; 0.04567; -1.04412; -0.28634; -0.01300
130.0; 16.691; 8.34; 0.04555; -1.04103; -0.28006; -0.01319
130.2; 16.714; 8.34; 0.04537; -1.03850; -0.27384; -0.01351
130.4; 16.737; 8.34; 0.04514; -1.03596; -0.26774; -0.01395
130.6; 16.760; 8.34; 0.04486; -1.03278; -0.26177; -0.01449
130.8; 16.783; 8.34; 0.04453; -1.02917; -0.25597; -0.01511
131.0; 16.807; 8.34; 0.04414; -1.02546; -0.25036; -0.01578
131.2; 16.830; 8.34; 0.04369; -1.02189; -0.24496; -0.01649
131.4; 16.853; 8.34; 0.04320; -1.01859; -0.23979; -0.01723
131.6; 16.877; 8.35; 0.04268; -1.01561; -0.23486; -0.01799
131.8; 16.900; 8.35; 0.04214; -1.01297; -0.23018; -0.01877
132.0; 16.923; 8.35; 0.04159; -1.01064; -0.22576; -0.01955
132.2; 16.947; 8.36; 0.04105; -1.00863; -0.22159; -0.02034
132.4; 16.970; 8.36; 0.04052; -1.00695; -0.21768; -0.02112
132.6; 16.993; 8.37; 0.04001; -1.00562; -0.21403; -0.02189
132.8; 17.017; 8.38; 0.03954; -1.00468; -0.21061; -0.02267
133.0; 17.040; 8.38; 0.03911; -1.00417; -0.20743; -0.02343
133.2; 17.063; 8.39; 0.03873; -1.00417; -0.20448; -0.02415
133.4; 17.087; 8.40; 0.03841; -1.00469; -0.20173; -0.02479
133.6; 17.110; 8.41; 0.03816; -1.00579; -0.19915; -0.02529
133.8; 17.133; 8.42; 0.03798; -1.00746; -0.19669; -0.02560
134.0; 17.156; 8.42; 0.03788; -1.00966; -0.19429; -0.02567
134.2; 17.179; 8.43; 0.03786; -1.01231; -0.19189; -0.02544
134.4; 17.203; 8.44; 0.03792; -1.01530; -0.18941; -0.02487
134.6; 17.226; 8.45; 0.03807; -1.01847; -0.18676; -0.02388
134.8; 17.249; 8.46; 0.03829; -1.02164; -0.18383; -0.02243
135.0; 17.272; 8.46; 0.03858; -1.02458; -0.18052; -0.02044
135.2; 17.295; 8.47; 0.03892; -1.02710; -0.17670; -0.01784
135.4; 17.318; 8.48; 0.03931; -1.02901; -0.17224; -0.01457
135.6; 17.341; 8.48; 0.03972; -1.03016; -0.16698; -0.01053
135.8; 17.364; 8.48; 0.04015; -1.03049; -0.16077; -0.00565
136.0; 17.387; 8.49; 0.04056; -1.03002; -0.15344; 0.00013
136.2; 17.410; 8.49; 0.04096; -1.02885; -0.14479; 0.00690
136.4; 17.433; 8.49; 0.04132; -1.02718; -0.13464; 0.01472
136.6; 17.456; 8.49; 0.04164; -1.02513; -0.12277; 0.02347
136.8; 17.480; 8.50; 0.04192; -1.02267; -0.10905; 0.03259
137.0; 17.503; 8.50; 0.04213; -1.01962; -0.09348; 0.04112
137.2; 17.526; 8.50; 0.04227; -1.01576; -0.07625; 0.04831
137.4; 17.550; 8.50; 0.04232; -1.01077; -0.05767; 0.05389
137.6; 17.573; 8.50; 0.04226; -1.00412; -0.03809; 0.05778
137.8; 17.597; 8.50; 0.04207; -0.99492; -0.01785; 0.05996
138.0; 17.620; 8.50; 0.04171; -0.98190; 0.00265; 0.06047
138.2; 17.644; 8.50; 0.04111; -0.96339; 0.02305; 0.05941
138.4; 17.668; 8.50; 0.04019; -0.93749; 0.04298; 0.05692
138.6; 17.691; 8.50; 0.03884; -0.90218; 0.06207; 0.05321
138.8; 17.715; 8.50; 0.03698; -0.85563; 0.08000; 0.04857
139.0; 17.739; 8.50; 0.03450; -0.79674; 0.09650; 0.04329
139.2; 17.763; 8.50; 0.03140; -0.72593; 0.11132; 0.03770
139.4; 17.786; 8.50; 0.02775; -0.64604; 0.12433; 0.03209
139.6; 17.810; 8.50; 0.02377; -0.56252; 0.13543; 0.02663
139.8; 17.834; 8.50; 0.01978; -0.48186; 0.14463; 0.02136
140.0; 17.857; 8.50; 0.01611; -0.40904; 0.15201; 0.01621
140.2; 17.881; 8.50; 0.01297; -0.34603; 0.15767; 0.01126
140.4; 17.905; 8.50; 0.01040; -0.29236; 0.16181; 0.00686
140.6; 17.928; 8.50; 0.00837; -0.24651; 0.16469; 0.00332
140.8; 17.952; 8.50; 0.00678; -0.20697; 0.16660; 0.00069
141.0; 17.975; 8.50; 0.00552; -0.17253; 0.16777; -0.00114
141.2; 17.999; 8.50; 0.00451; -0.14234; 0.16842; -0.00229
141.4; 18.023; 8.50; 0.00368; -0.11579; 0.16872; -0.00286
141.6; 18.046; 8.50; 0.00300; -0.09246; 0.16881; -0.00291
141.8; 18.070; 8.50; 0.00242; -0.07204; 0.16880; -0.00252
142.0; 18.093; 8.50; 0.00193; -0.05426; 0.16880; -0.00175
142.2; 18.117; 8.50; 0.00151; -0.03890; 0.16890; -0.00066
142.4; 18.141; 8.50; 0.00115; -0.02576; 0.16917; 0.00069
142.6; 18.164; 8.50; 0.00084; -0.01464; 0.16966; 0.00225
142.8; 18.188; 8.50; 0.00058; -0.00535; 0.17043; 0.00399
143.0; 18.211; 8.50; 0.00036; 0.00229; 0.17151; 0.00586
143.2; 18.235; 8.50; 0.00017; 0.00845; 0.17293; 0.00783
143.4; 18.258; 8.50; 0.00002; 0.01332; 0.17472; 0.00986
143.6; 18.282; 8.50; -0.00011; 0.01705; 0.17689; 0.01192
143.8; 18.306; 8.50; -0.00020; 0.01979; 0.17946; 0.01401
144.0; 18.329; 8.50; -0.00028; 0.02170; 0.18242; 0.01608
144.2; 18.353; 8.50; -0.00034; 0.02291; 0.18579; 0.01813
144.4; 18.376; 8.50; -0.00038; 0.02354; 0.18955; 0.02014
144.6; 18.400; 8.50; -0.00041; 0.02370; 0.19370; 0.02210
144.8; 18.423; 8.50; -0.00043; 0.02350; 0.19823; 0.02400
145.0; 18.447; 8.50; -0.00043; 0.02302; 0.20314; 0.02584
145.2; 18.471; 8.50; -0.00043; 0.02233; 0.20841; 0.02760
145.4; 18.494; 8.50; -0.00043; 0.02152; 0.21402; 0.02929
145.6; 18.518; 8.50; -0.00042; 0.02064; 0.21996; 0.03090
145.8; 18.541; 8.50; -0.00040; 0.01974; 0.22622; 0.03244
146.0; 18.565; 8.50; -0.00039; 0.01887; 0.23279; 0.03389
146.2; 18.589; 8.50; -0.00037; 0.01805; 0.23964; 0.03528
146.4; 18.612; 8.50; -0.00036; 0.01731; 0.24677; 0.03658
146.6; 18.636; 8.50; -0.00034; 0.01669; 0.25415; 0.03782
146.8; 18.659; 8.50; -0.00033; 0.01620; 0.26178; 0.03899
147.0; 18.683; 8.50; -0.00032; 0.01585; 0.26963; 0.04009
147.2; 18.706; 8.50; -0.00031; 0.01565; 0.27770; 0.04113
147.4; 18.730; 8.50; -0.00030; 0.01561; 0.28598; 0.04212
147.6; 18.754; 8.50; -0.00030; 0.01573; 0.29445; 0.04303
147.8; 18.777; 8.50; -0.00030; 0.01601; 0.30309; 0.04384
148.0; 18.801; 8.50; -0.00030; 0.01644; 0.31188; 0.04454
148.2; 18.824; 8.50; -0.00030; 0.01702; 0.32079; 0.04509
148.4; 18.848; 8.50; -0.00031; 0.01774; 0.32980; 0.04551
148.6; 18.871; 8.50; -0.00032; 0.01858; 0.33888; 0.04580
148.8; 18.895; 8.50; -0.00034; 0.01953; 0.34799; 0.04596
149.0; 18.919; 8.50; -0.00035; 0.02057; 0.35712; 0.04599
149.2; 18.942; 8.50; -0.00037; 0.02166; 0.36623; 0.04589
149.4; 18.966; 8.50; -0.00039; 0.02278; 0.37531; 0.04566
149.6; 18.989; 8.50; -0.00041; 0.02389; 0.38432; 0.04531
149.8; 19.013; 8.50; -0.00043; 0.02496; 0.39324; 0.04483
150.0; 19.036; 8.50; -0.00045; 0.02592; 0.40205; 0.04422
150.2; 19.060; 8.50; -0.00047; 0.02673; 0.41071; 0.04347
150.4; 19.083; 8.50; -0.00048; 0.02733; 0.41920; 0.04259
150.6; 19.107; 8.50; -0.00050; 0.02765; 0.42750; 0.04157
150.8; 19.130; 8.50; -0.00051; 0.02760; 0.43557; 0.04040
151.0; 19.153; 8.50; -0.00051; 0.02712; 0.44338; 0.03907
151.2; 19.177; 8.50; -0.00051; 0.02611; 0.45092; 0.03757
151.4; 19.200; 8.50; -0.00050; 0.02447; 0.45813; 0.03588
151.6; 19.224; 8.50; -0.00048; 0.02210; 0.46498; 0.03400
151.8; 19.247; 8.50; -0.00045; 0.01891; 0.47145; 0.03191
152.0; 19.271; 8.50; -0.00041; 0.01479; 0.47748; 0.02958
152.2; 19.294; 8.50; -0.00035; 0.00962; 0.48303; 0.02700
152.4; 19.317; 8.50; -0.00027; 0.00332; 0.48804; 0.02413
152.6; 19.341; 8.50; -0.00017; -0.00421; 0.49248; 0.02096
152.8; 19.364; 8.50; -0.00006; -0.01304; 0.49627; 0.01746
153.0; 19.387; 8.50; 0.00008; -0.02323; 0.49936; 0.01359
153.2; 19.411; 8.50; 0.00025; -0.03482; 0.50167; 0.00933
153.4; 19.434; 8.50; 0.00044; -0.04781; 0.50312; 0.00465
153.6; 19.457; 8.50; 0.00065; -0.06214; 0.50365; -0.00048
153.8; 19.481; 8.50; 0.00089; -0.07773; 0.50316; -0.00609
154.0; 19.504; 8.50; 0.00116; -0.09442; 0.50155; -0.01221
154.2; 19.527; 8.50; 0.00144; -0.11201; 0.49874; -0.01885
154.4; 19.551; 8.50; 0.00175; -0.13023; 0.49462; -0.02603
154.6; 19.574; 8.50; 0.00208; -0.14875; 0.48909; -0.03376
154.8; 19.597; 8.50; 0.00242; -0.16724; 0.48205; -0.04200
155.0; 19.620; 8.50; 0.00277; -0.18538; 0.47340; -0.05052
155.2; 19.644; 8.50; 0.00313; -0.20297; 0.46313; -0.05866
155.4; 19.667; 8.50; 0.00348; -0.22005; 0.45137; -0.06567
155.6; 19.691; 8.50; 0.00383; -0.23724; 0.43837; -0.07119
155.8; 19.715; 8.48; 0.00429; -0.26403; 0.42443; -0.07530
156.0; 19.739; 8.28; 0.00610; -0.37724; 0.40984; -0.07941
156.2; 19.764; 8.08; 0.00842; -0.45379; 0.39474; -0.08398
156.4; 19.789; 7.89; 0.01061; -0.53021; 0.37909; -0.08881
156.6; 19.815; 7.70; 0.01265; -0.61180; 0.36280; -0.09407
156.8; 19.842; 7.52; 0.01460; -0.69905; 0.34572; -0.09999
157.0; 19.870; 7.35; 0.01655; -0.79110; 0.32769; -0.10678
157.2; 19.898; 7.19; 0.01858; -0.88626; 0.30852; -0.11464
157.4; 19.927; 7.04; 0.02077; -0.98214; 0.28801; -0.12367
157.6; 19.957; 6.91; 0.02320; -1.07592; 0.26595; -0.13393
157.8; 19.987; 6.78; 0.02593; -1.16472; 0.24217; -0.14534
158.0; 20.018; 6.66; 0.02901; -1.24595; 0.21651; -0.15778
158.2; 20.049; 6.55; 0.03247; -1.31751; 0.18888; -0.17101
158.4; 20.081; 6.45; 0.03630; -1.37777; 0.15925; -0.18475
158.6; 20.114; 6.35; 0.04044; -1.42503; 0.12765; -0.19868
158.8; 20.146; 6.26; 0.04479; -1.45694; 0.09417; -0.21244
159.0; 20.179; 6.17; 0.04932; -1.47690; 0.05896; -0.22586
159.2; 20.213; 6.08; 0.05412; -1.48922; 0.02218; -0.23901
159.4; 20.247; 5.97; 0.05907; -1.49658; -0.01605; -0.25192
159.6; 20.281; 5.86; 0.06410; -1.50589; -0.05558; -0.26444
159.8; 20.315; 5.74; 0.06931; -1.52055; -0.09624; -0.27633
160.0; 20.351; 5.62; 0.07492; -1.54063; -0.13775; -0.28735
160.2; 20.386; 5.49; 0.08107; -1.56406; -0.17971; -0.29718
160.4; 20.422; 5.36; 0.08701; -1.56922; -0.22169; -0.30504
160.6; 20.458; 5.25; 0.09142; -1.56974; -0.26331; -0.30999
160.8; 20.495; 5.16; 0.09386; -1.56997; -0.30415; -0.31112
161.0; 20.530; 5.10; 0.09431; -1.57010; -0.34367; -0.30743
161.2; 20.566; 5.06; 0.09295; -1.57017; -0.38118; -0.29795
161.4; 20.601; 5.04; 0.09006; -1.57020; -0.41583; -0.28183
161.6; 20.634; 5.02; 0.08602; -1.57020; -0.44669; -0.25849
161.8; 20.667; 5.02; 0.08126; -1.57018; -0.47289; -0.22772
162.0; 20.699; 5.01; 0.07613; -1.57019; -0.49362; -0.18988
162.2; 20.730; 5.01; 0.07078; -1.57020; -0.50827; -0.14596
162.4; 20.760; 5.00; 0.06521; -1.57022; -0.51651; -0.09843
162.6; 20.790; 4.99; 0.05934; -1.57024; -0.51842; -0.05188
162.8; 20.821; 4.98; 0.05310; -1.57026; -0.51453; -0.01105
163.0; 20.853; 4.96; 0.04646; -1.57027; -0.50573; 0.02181
163.2; 20.885; 4.94; 0.03947; -1.57028; -0.49313; 0.04673
163.4; 20.919; 4.92; 0.03210; -1.57035; -0.47790; 0.06453
163.6; 20.954; 4.91; 0.02406; -1.57034; -0.46118; 0.07623
163.8; 20.989; 4.91; 0.01582; -1.57032; -0.44400; 0.08302
164.0; 21.024; 4.92; 0.00823; -1.57027; -0.42714; 0.08607
164.2; 21.060; 4.94; 0.00218; -1.57022; -0.41100; 0.08650
164.4; 21.096; 4.97; -0.00187; -1.57021; -0.39570; 0.08529
164.6; 21.132; 5.00; -0.00407; -1.57019; -0.38115; 0.08332
164.8; 21.168; 5.05; -0.00490; -1.57015; -0.36715; 0.08140
165.0; 21.204; 5.09; -0.00486; -1.57009; -0.35345; 0.08028
165.2; 21.239; 5.13; -0.00431; -1.56999; -0.33975; 0.08071
165.4; 21.274; 5.17; -0.00348; -1.56985; -0.32563; 0.08339
165.6; 21.309; 5.21; -0.00250; -1.56965; -0.31060; 0.08904
165.8; 21.344; 5.24; -0.00146; -1.56936; -0.29403; 0.09835
166.0; 21.379; 5.28; -0.00038; -1.56893; -0.27519; 0.11198
166.2; 21.413; 5.31; 0.00070; -1.56830; -0.25320; 0.13040
166.4; 21.448; 5.34; 0.00177; -1.56694; -0.22711; 0.15286
166.6; 21.482; 5.37; 0.00280; -1.56008; -0.19617; 0.17634
166.8; 21.518; 5.40; 0.00366; -1.53794; -0.16020; 0.19711
167.0; 21.554; 5.43; 0.00409; -1.49695; -0.11976; 0.21314
167.2; 21.590; 5.47; 0.00387; -1.43795; -0.07579; 0.22418
167.4; 21.627; 5.52; 0.00305; -1.36472; -0.02939; 0.23066
167.6; 21.664; 5.58; 0.00191; -1.28395; 0.01839; 0.23325
167.8; 21.701; 5.66; 0.00085; -1.20247; 0.06665; 0.23251
168.0; 21.737; 5.74; 0.00016; -1.12348; 0.11462; 0.22893
168.2; 21.774; 5.83; -0.00011; -1.04671; 0.16170; 0.22291
168.4; 21.809; 5.94; -0.00008; -0.97103; 0.20736; 0.21487
168.6; 21.844; 6.04; 0.00014; -0.89612; 0.25115; 0.20515
168.8; 21.879; 6.16; 0.00046; -0.82239; 0.29270; 0.19401
169.0; 21.912; 6.27; 0.00079; -0.75061; 0.33169; 0.18160
169.2; 21.945; 6.39; 0.00112; -0.68155; 0.36783; 0.16797
169.4; 21.976; 6.52; 0.00141; -0.61588; 0.40085; 0.15305
169.6; 22.007; 6.64; 0.00166; -0.55409; 0.43048; 0.13672
169.8; 22.037; 6.77; 0.00186; -0.49655; 0.45646; 0.11904
170.0; 22.066; 6.90; 0.00201; -0.44351; 0.47870; 0.10080
170.2; 22.095; 7.02; 0.00211; -0.39522; 0.49729; 0.08325
170.4; 22.122; 7.15; 0.00217; -0.35208; 0.51255; 0.06714
170.6; 22.150; 7.28; 0.00219; -0.31461; 0.52478; 0.05255
170.8; 22.177; 7.41; 0.00219; -0.28348; 0.53426; 0.03928
171.0; 22.203; 7.54; 0.00218; -0.25950; 0.54123; 0.02711
171.2; 22.229; 7.66; 0.00217; -0.24360; 0.54589; 0.01583
171.4; 22.255; 7.79; 0.00219; -0.23654; 0.54839; 0.00520
171.6; 22.280; 7.91; 0.00226; -0.23864; 0.54884; -0.00500
171.8; 22.305; 8.03; 0.00240; -0.24893; 0.54731; -0.01499
172.0; 22.329; 8.14; 0.00263; -0.26515; 0.54385; -0.02492
172.2; 22.353; 8.26; 0.00295; -0.28461; 0.53847; -0.03489
172.4; 22.377; 8.36; 0.00336; -0.30438; 0.53118; -0.04492
172.6; 22.401; 8.46; 0.00384; -0.32241; 0.52196; -0.05498
172.8; 22.424; 8.50; 0.00471; -0.36346; 0.51084; -0.06540
173.0; 22.448; 8.50; 0.00584; -0.39252; 0.49778; -0.07625
173.2; 22.471; 8.50; 0.00674; -0.39499; 0.48274; -0.08707
173.4; 22.495; 8.50; 0.00728; -0.38517; 0.46569; -0.09744
173.6; 22.519; 8.50; 0.00749; -0.36784; 0.44669; -0.10714
173.8; 22.542; 8.50; 0.00744; -0.34547; 0.42581; -0.11601
174.0; 22.566; 8.50; 0.00719; -0.31986; 0.40318; -0.12396
174.2; 22.590; 8.50; 0.00680; -0.29247; 0.37895; -0.13093
174.4; 22.613; 8.50; 0.00632; -0.26452; 0.35330; -0.13688
174.6; 22.637; 8.50; 0.00579; -0.23696; 0.32643; -0.14181
174.8; 22.661; 8.50; 0.00524; -0.21049; 0.29853; -0.14574
175.0; 22.685; 8.50; 0.00469; -0.18561; 0.26980; -0.14870
175.2; 22.709; 8.50; 0.00416; -0.16263; 0.24045; -0.15072
175.4; 22.733; 8.50; 0.00367; -0.14171; 0.21067; -0.15186
175.6; 22.756; 8.50; 0.00322; -0.12287; 0.18064; -0.15216
175.8; 22.780; 8.50; 0.00280; -0.10603; 0.15055; -0.15168
176.0; 22.804; 8.50; 0.00243; -0.09103; 0.12055; -0.15046
176.2; 22.828; 8.50; 0.00210; -0.07764; 0.09082; -0.14855
176.4; 22.852; 8.50; 0.00180; -0.06556; 0.06149; -0.14597
176.6; 22.876; 8.50; 0.00154; -0.05446; 0.03272; -0.14279
176.8; 22.899; 8.50; 0.00130; -0.04397; 0.00461; -0.13910
177.0; 22.923; 8.50; 0.00108; -0.03368; -0.02274; -0.13518
177.2; 22.947; 8.50; 0.00087; -0.02316; -0.04933; -0.13133
177.4; 22.971; 8.50; 0.00067; -0.01196; -0.07518; -0.12767
177.6; 22.994; 8.50; 0.00046; 0.00039; -0.10034; -0.12421
177.8; 23.018; 8.50; 0.00024; 0.01434; -0.12486; -0.12091
178.0; 23.042; 8.50; 0.00000; 0.03037; -0.14876; -0.11771
178.2; 23.065; 8.50; -0.00027; 0.04894; -0.17208; -0.11458
178.4; 23.089; 8.50; -0.00058; 0.07048; -0.19482; -0.11143
178.6; 23.113; 8.50; -0.00093; 0.09541; -0.21699; -0.10818
178.8; 23.136; 8.50; -0.00134; 0.12408; -0.23858; -0.10475
179.0; 23.160; 8.50; -0.00181; 0.15678; -0.25954; -0.10105
179.2; 23.184; 8.50; -0.00236; 0.19373; -0.27983; -0.09696
179.4; 23.207; 8.50; -0.00299; 0.23501; -0.29938; -0.09240
179.6; 23.231; 8.50; -0.00371; 0.28056; -0.31810; -0.08725
179.8; 23.255; 8.50; -0.00452; 0.33010; -0.33588; -0.08142
180.0; 23.278; 8.50; -0.00544; 0.38313; -0.35260; -0.07481
180.2; 23.302; 8.50; -0.00648; 0.43886; -0.36811; -0.06736
180.4; 23.326; 8.50; -0.00762; 0.49612; -0.38226; -0.05901
180.6; 23.349; 8.50; -0.00888; 0.55341; -0.39489; -0.04975
180.8; 23.373; 8.50; -0.01025; 0.60878; -0.40583; -0.03960
181.0; 23.397; 8.50; -0.01170; 0.65995; -0.41494; -0.02864
181.2; 23.421; 8.50; -0.01321; 0.70433; -0.42207; -0.01700
181.4; 23.445; 8.50; -0.01471; 0.73914; -0.42711; -0.00488
181.6; 23.468; 8.50; -0.01613; 0.76160; -0.42998; 0.00747
181.8; 23.492; 8.50; -0.01736; 0.76919; -0.43062; 0.01973
182.0; 23.516; 8.50; -0.01828; 0.75990; -0.42903; 0.03151
182.2; 23.540; 8.49; -0.01877; 0.73395; -0.42529; 0.04243
182.4; 23.564; 8.46; -0.01946; 0.73906; -0.41950; 0.05278
182.6; 23.588; 8.34; -0.02211; 0.84552; -0.41184; 0.06435
182.8; 23.613; 8.21; -0.02541; 0.87667; -0.40229; 0.07729
183.0; 23.638; 8.09; -0.02817; 0.88704; -0.39067; 0.09063
183.2; 23.663; 7.97; -0.03022; 0.89438; -0.37678; 0.10416
183.4; 23.689; 7.85; -0.03169; 0.90543; -0.36047; 0.11792
183.6; 23.715; 7.73; -0.03274; 0.92343; -0.34154; 0.13206
183.8; 23.742; 7.61; -0.03356; 0.94987; -0.31985; 0.14681
184.0; 23.769; 7.50; -0.03433; 0.98496; -0.29521; 0.16242
184.2; 23.797; 7.38; -0.03522; 1.02782; -0.26743; 0.17899
184.4; 23.825; 7.27; -0.03636; 1.07669; -0.23634; 0.19633
184.6; 23.853; 7.17; -0.03784; 1.12916; -0.20188; 0.21396
184.8; 23.882; 7.07; -0.03975; 1.18248; -0.16411; 0.23155
185.0; 23.912; 6.97; -0.04210; 1.23377; -0.12317; 0.24886
185.2; 23.941; 6.88; -0.04490; 1.28009; -0.07928; 0.26562
185.4; 23.972; 6.79; -0.04808; 1.31831; -0.03276; 0.28139
185.6; 24.002; 6.71; -0.05154; 1.34491; 0.01598; 0.29559
185.8; 24.033; 6.62; -0.05522; 1.36199; 0.06638; 0.30759
186.0; 24.064; 6.53; -0.05910; 1.37002; 0.11776; 0.31674
186.2; 24.095; 6.44; -0.06298; 1.37190; 0.16930; 0.32247
186.4; 24.126; 6.34; -0.06672; 1.37388; 0.22014; 0.32430
186.6; 24.157; 6.23; -0.07034; 1.38002; 0.26937; 0.32193
186.8; 24.188; 6.13; -0.07393; 1.39209; 0.31609; 0.31517
187.0; 24.219; 6.02; -0.07769; 1.41053; 0.35941; 0.30391
187.2; 24.249; 5.90; -0.08178; 1.43506; 0.39851; 0.28819
187.4; 24.280; 5.79; -0.08641; 1.46496; 0.43269; 0.26822
187.6; 24.310; 5.67; -0.09175; 1.49919; 0.46137; 0.24445
187.8; 24.339; 5.55; -0.09796; 1.53659; 0.48416; 0.21762
188.0; 24.369; 5.43; -0.10487; 1.56792; 0.50082; 0.18875
188.2; 24.399; 5.33; -0.11085; 1.56911; 0.51148; 0.15924
188.4; 24.430; 5.25; -0.11539; 1.56950; 0.51662; 0.13156
188.6; 24.461; 5.19; -0.11854; 1.56971; 0.51699; 0.10802
188.8; 24.493; 5.15; -0.12047; 1.56985; 0.51348; 0.08935
189.0; 24.525; 5.11; -0.12139; 1.56995; 0.50696; 0.07517
189.2; 24.559; 5.08; -0.12145; 1.57003; 0.49824; 0.06493
189.4; 24.592; 5.06; -0.12074; 1.57009; 0.48802; 0.05802
189.6; 24.626; 5.05; -0.11935; 1.57014; 0.47694; 0.05388
189.8; 24.661; 5.04; -0.11738; 1.57018; 0.46555; 0.05194
190.0; 24.696; 5.04; -0.11490; 1.57021; 0.45429; 0.05170
190.2; 24.731; 5.04; -0.11197; 1.57023; 0.44352; 0.05268
190.4; 24.766; 5.04; -0.10867; 1.57025; 0.43350; 0.05447
190.6; 24.801; 5.04; -0.10504; 1.57027; 0.42442; 0.05669
190.8; 24.836; 5.04; -0.10110; 1.57028; 0.41641; 0.05902
191.0; 24.871; 5.04; -0.09688; 1.57030; 0.40951; 0.06120
191.2; 24.907; 5.04; -0.09236; 1.57031; 0.40375; 0.06300
191.4; 24.942; 5.04; -0.08755; 1.57032; 0.39909; 0.06429
191.6; 24.978; 5.04; -0.08243; 1.57034; 0.39552; 0.06529
191.8; 25.013; 5.03; -0.07696; 1.57035; 0.39310; 0.06698
192.0; 25.049; 5.03; -0.07111; 1.57036; 0.39215; 0.07067
192.2; 25.084; 5.02; -0.06487; 1.57037; 0.39318; 0.07691
192.4; 25.121; 5.01; -0.05823; 1.57037; 0.39672; 0.08534
192.6; 25.157; 4.99; -0.05122; 1.57037; 0.40318; 0.09537
192.8; 25.193; 4.97; -0.04391; 1.57036; 0.41286; 0.10634
193.0; 25.230; 4.95; -0.03640; 1.57040; 0.42588; 0.11764
193.2; 25.266; 4.93; -0.02841; 1.57039; 0.44226; 0.12855
193.4; 25.303; 4.92; -0.02006; 1.57037; 0.46186; 0.13818
193.6; 25.339; 4.92; -0.01209; 1.57033; 0.48427; 0.14554
193.8; 25.374; 4.94; -0.00538; 1.57028; 0.50869; 0.14953
194.0; 25.409; 4.96; -0.00051; 1.57025; 0.53402; 0.14906
194.2; 25.443; 4.99; 0.00247; 1.57024; 0.55893; 0.14294
194.4; 25.476; 5.03; 0.00397; 1.57022; 0.58199; 0.12997
194.6; 25.508; 5.06; 0.00449; 1.57019; 0.60179; 0.10890
194.8; 25.538; 5.10; 0.00441; 1.57013; 0.61697; 0.07854
195.0; 25.567; 5.13; 0.00401; 1.57004; 0.62628; 0.03784
195.2; 25.594; 5.16; 0.00343; 1.56994; 0.62865; -0.01387
195.4; 25.620; 5.19; 0.00276; 1.56981; 0.62310; -0.07653
195.6; 25.645; 5.22; 0.00205; 1.56965; 0.60868; -0.14747
195.8; 25.671; 5.24; 0.00128; 1.56949; 0.58417; -0.21912
196.0; 25.699; 5.27; 0.00044; 1.56931; 0.54824; -0.28163
196.2; 25.729; 5.30; -0.00048; 1.56909; 0.50049; -0.32859
196.4; 25.761; 5.33; -0.00148; 1.56882; 0.44210; -0.35836
196.6; 25.796; 5.36; -0.00253; 1.56539; 0.37557; -0.37179
196.8; 25.832; 5.39; -0.00344; 1.53203; 0.30415; -0.37138
197.0; 25.869; 5.43; -0.00355; 1.44944; 0.23112; -0.36091
197.2; 25.907; 5.49; -0.00238; 1.31891; 0.15925; -0.34448
197.4; 25.945; 5.57; -0.00046; 1.16178; 0.09041; -0.32538
197.6; 25.982; 5.67; 0.00106; 1.00378; 0.02553; -0.30535
197.8; 26.018; 5.79; 0.00160; 0.85163; -0.03507; -0.28499
198.0; 26.054; 5.92; 0.00139; 0.70199; -0.09130; -0.26447
198.2; 26.088; 6.07; 0.00084; 0.55498; -0.14307; -0.24370
198.4; 26.122; 6.22; 0.00025; 0.41463; -0.19025; -0.22223
198.6; 26.154; 6.38; -0.00024; 0.28655; -0.23255; -0.19921
198.8; 26.184; 6.54; -0.00053; 0.17667; -0.26952; -0.17345
199.0; 26.214; 6.70; -0.00063; 0.09016; -0.30055; -0.14385
199.2; 26.242; 6.85; -0.00055; 0.02928; -0.32504; -0.11057
199.4; 26.269; 7.00; -0.00040; -0.01303; -0.34270; -0.07532
199.6; 26.296; 7.15; -0.00028; -0.06205; -0.35360; -0.04010
199.8; 26.322; 7.28; -0.00014; -0.14024; -0.35797; -0.00625
200.0; 26.347; 7.41; 0.00018; -0.24666; -0.35617; 0.02534
200.2; 26.372; 7.53; 0.00085; -0.37430; -0.34864; 0.05395
200.4; 26.397; 7.63; 0.00198; -0.51336; -0.33586; 0.07906
200.6; 26.422; 7.73; 0.00363; -0.65181; -0.31837; 0.10041
200.8; 26.446; 7.80; 0.00583; -0.77671; -0.29669; 0.11803
201.0; 26.471; 7.87; 0.00848; -0.87720; -0.27135; 0.13222
201.2; 26.495; 7.93; 0.01141; -0.94740; -0.24283; 0.14346
201.4; 26.520; 7.98; 0.01435; -0.98680; -0.21156; 0.15235
201.6; 26.544; 8.02; 0.01705; -1.00047; -0.17793; 0.15941
201.8; 26.569; 8.06; 0.01928; -0.99690; -0.14230; 0.16506
202.0; 26.594; 8.10; 0.02098; -0.98372; -0.10501; 0.16953
202.2; 26.619; 8.13; 0.02214; -0.96686; -0.06640; 0.17294
202.4; 26.643; 8.17; 0.02285; -0.95071; -0.02678; 0.17531
202.6; 26.668; 8.20; 0.02323; -0.93833; 0.01354; 0.17656
202.8; 26.693; 8.24; 0.02344; -0.93174; 0.05425; 0.17660
203.0; 26.718; 8.27; 0.02361; -0.93187; 0.09504; 0.17529
203.2; 26.743; 8.30; 0.02388; -0.93870; 0.13558; 0.17249
203.4; 26.768; 8.33; 0.02433; -0.95129; 0.17557; 0.16809
203.6; 26.793; 8.36; 0.02502; -0.96795; 0.21467; 0.16202
203.8; 26.818; 8.39; 0.02597; -0.98656; 0.25255; 0.15424
204.0; 26.842; 8.42; 0.02717; -1.00479; 0.28889; 0.14478
204.2; 26.867; 8.44; 0.02856; -1.02041; 0.32337; 0.13374
204.4; 26.891; 8.46; 0.03007; -1.03135; 0.35569; 0.12123
204.6; 26.916; 8.47; 0.03160; -1.03589; 0.38557; 0.10743
204.8; 26.940; 8.48; 0.03305; -1.03280; 0.41275; 0.09255
205.0; 26.964; 8.49; 0.03431; -1.02183; 0.43702; 0.07680
205.2; 26.988; 8.50; 0.03530; -1.00389; 0.45816; 0.06038
205.4; 27.012; 8.50; 0.03587; -0.97359; 0.47602; 0.04353
205.6; 27.036; 8.50; 0.03575; -0.92373; 0.49044; 0.02665
205.8; 27.060; 8.50; 0.03467; -0.85247; 0.50132; 0.01024
206.0; 27.084; 8.50; 0.03243; -0.75966; 0.50861; -0.00520
206.2; 27.108; 8.50; 0.02902; -0.64789; 0.51235; -0.01916
206.4; 27.131; 8.50; 0.02466; -0.52487; 0.51266; -0.03126
206.6; 27.155; 8.50; 0.01985; -0.40307; 0.50983; -0.04121
206.8; 27.178; 8.50; 0.01519; -0.29435; 0.50429; -0.04884
207.0; 27.202; 8.50; 0.01117; -0.20447; 0.49656; -0.05426
207.2; 27.225; 8.50; 0.00796; -0.13314; 0.48722; -0.05781
207.4; 27.249; 8.50; 0.00549; -0.07726; 0.47675; -0.05989
207.6; 27.273; 8.50; 0.00365; -0.03351; 0.46556; -0.06082
207.8; 27.296; 8.50; 0.00226; 0.00071; 0.45394; -0.06085
208.0; 27.320; 8.50; 0.00121; 0.02730; 0.44215; -0.06019
208.2; 27.343; 8.50; 0.00041; 0.04764; 0.43037; -0.05900
208.4; 27.367; 8.50; -0.00019; 0.06279; 0.41872; -0.05740
208.6; 27.391; 8.50; -0.00065; 0.07360; 0.40732; -0.05551
208.8; 27.414; 8.50; -0.00099; 0.08078; 0.39625; -0.05343
209.0; 27.438; 8.50; -0.00123; 0.08495; 0.38554; -0.05122
209.2; 27.461; 8.50; -0.00140; 0.08664; 0.37524; -0.04896
209.4; 27.485; 8.50; -0.00151; 0.08631; 0.36537; -0.04669
209.6; 27.509; 8.50; -0.00156; 0.08438; 0.35594; -0.04445
209.8; 27.532; 8.50; -0.00158; 0.08121; 0.34694; -0.04229
210.0; 27.556; 8.50; -0.00155; 0.07712; 0.33837; -0.04021
210.2; 27.579; 8.50; -0.00151; 0.07238; 0.33021; -0.03825
210.4; 27.603; 8.50; -0.00144; 0.06721; 0.32245; -0.03641
210.6; 27.626; 8.50; -0.00136; 0.06181; 0.31505; -0.03470
210.8; 27.650; 8.50; -0.00127; 0.05635; 0.30800; -0.03313
211.0; 27.673; 8.50; -0.00117; 0.05094; 0.30127; -0.03169
211.2; 27.697; 8.50; -0.00107; 0.04570; 0.29484; -0.03037
211.4; 27.721; 8.50; -0.00097; 0.04070; 0.28867; -0.02919
211.6; 27.744; 8.50; -0.00088; 0.03599; 0.28276; -0.02812
211.8; 27.768; 8.50; -0.00078; 0.03161; 0.27706; -0.02716
212.0; 27.791; 8.50; -0.00070; 0.02760; 0.27157; -0.02630
212.2; 27.815; 8.50; -0.00061; 0.02395; 0.26625; -0.02554
212.4; 27.838; 8.50; -0.00054; 0.02068; 0.26109; -0.02487
212.6; 27.862; 8.50; -0.00047; 0.01776; 0.25607; -0.02427
212.8; 27.885; 8.50; -0.00041; 0.01520; 0.25118; -0.02374
213.0; 27.909; 8.50; -0.00035; 0.01297; 0.24641; -0.02328
213.2; 27.933; 8.50; -0.00030; 0.01104; 0.24173; -0.02286
213.4; 27.956; 8.50; -0.00026; 0.00940; 0.23713; -0.02249
213.6; 27.980; 8.50; -0.00022; 0.00802; 0.23262; -0.02216
213.8; 28.003; 8.50; -0.00019; 0.00687; 0.22817; -0.02187
214.0; 28.027; 8.50; -0.00016; 0.00593; 0.22379; -0.02160
214.2; 28.050; 8.50; -0.00014; 0.00516; 0.21946; -0.02136
214.4; 28.074; 8.50; -0.00012; 0.00456; 0.21519; -0.02114
214.6; 28.097; 8.50; -0.00010; 0.00410; 0.21096; -0.02094
214.8; 28.121; 8.50; -0.00009; 0.00374; 0.20677; -0.02075
215.0; 28.144; 8.50; -0.00008; 0.00349; 0.20261; -0.02058
215.2; 28.168; 8.50; -0.00007; 0.00331; 0.19850; -0.02041
215.4; 28.192; 8.50; -0.00007; 0.00320; 0.19442; -0.02025
215.6; 28.215; 8.50; -0.00006; 0.00313; 0.19037; -0.02010
215.8; 28.239; 8.50; -0.00006; 0.00310; 0.18635; -0.01996
216.0; 28.262; 8.50; -0.00006; 0.00310; 0.18236; -0.01982
216.2; 28.286; 8.50; -0.00006; 0.00312; 0.17840; -0.01968
216.4; 28.309; 8.50; -0.00006; 0.00315; 0.17446; -0.01955
216.6; 28.333; 8.50; -0.00006; 0.00318; 0.17055; -0.01942
216.8; 28.356; 8.50; -0.00006; 0.00322; 0.16667; -0.01930
217.0; 28.380; 8.50; -0.00006; 0.00325; 0.16281; -0.01918
217.2; 28.403; 8.50; -0.00006; 0.00327; 0.15897; -0.01907
217.4; 28.427; 8.50; -0.00006; 0.00329; 0.15515; -0.01896
217.6; 28.451; 8.50; -0.00006; 0.00329; 0.15136; -0.01886
217.8; 28.474; 8.50; -0.00006; 0.00329; 0.14758; -0.01876
218.0; 28.498; 8.50; -0.00006; 0.00327; 0.14383; -0.01867
218.2; 28.521; 8.50; -0.00006; 0.00324; 0.14009; -0.01858
218.4; 28.545; 8.50; -0.00006; 0.00320; 0.13637; -0.01849
218.6; 28.568; 8.50; -0.00006; 0.00316; 0.13267; -0.01842
218.8; 28.592; 8.50; -0.00006; 0.00310; 0.12898; -0.01835
219.0; 28.615; 8.50; -0.00006; 0.00303; 0.12530; -0.01828
219.2; 28.639; 8.50; -0.00006; 0.00296; 0.12164; -0.01823
219.4; 28.662; 8.50; -0.00006; 0.00287; 0.11799; -0.01818
219.6; 28.686; 8.50; -0.00006; 0.00279; 0.11434; -0.01813
219.8; 28.710; 8.50; -0.00005; 0.00269; 0.11071; -0.01810
220.0; 28.733; 8.50; -0.00005; 0.00259; 0.10708; -0.01807
220.2; 28.757; 8.50; -0.00005; 0.00249; 0.10346; -0.01805
220.4; 28.780; 8.50; -0.00005; 0.00238; 0.09984; -0.01804
220.6; 28.804; 8.50; -0.00005; 0.00228; 0.09622; -0.01803
220.8; 28.827; 8.50; -0.00005; 0.00216; 0.09261; -0.01803
221.0; 28.851; 8.50; -0.00004; 0.00205; 0.08899; -0.01804
221.2; 28.874; 8.50; -0.00004; 0.00194; 0.08538; -0.01806
221.4; 28.898; 8.50; -0.00004; 0.00182; 0.08175; -0.01808
221.6; 28.921; 8.50; -0.00004; 0.00170; 0.07813; -0.01811
221.8; 28.945; 8.50; -0.00003; 0.00159; 0.07449; -0.01815
222.0; 28.968; 8.50; -0.00003; 0.00147; 0.07085; -0.01820
222.2; 28.992; 8.50; -0.00003; 0.00135; 0.06720; -0.01826
222.4; 29.016; 8.50; -0.00003; 0.00124; 0.06354; -0.01832
222.6; 29.039; 8.50; -0.00003; 0.00112; 0.05986; -0.01839
222.8; 29.063; 8.50; -0.00002; 0.00100; 0.05617; -0.01847
223.0; 29.086; 8.50; -0.00002; 0.00089; 0.05246; -0.01856
223.2; 29.110; 8.50; -0.00002; 0.00078; 0.04874; -0.01865
223.4; 29.133; 8.50; -0.00002; 0.00066; 0.04499; -0.01875
223.6; 29.157; 8.50; -0.00001; 0.00055; 0.04123; -0.01886
223.8; 29.180; 8.50; -0.00001; 0.00044; 0.03744; -0.01898
224.0; 29.204; 8.50; -0.00001; 0.00033; 0.03363; -0.01910
224.2; 29.227; 8.50; -0.00001; 0.00022; 0.02979; -0.01924
224.4; 29.251; 8.50; -0.00001; 0.00011; 0.02593; -0.01938
224.6; 29.275; 8.50; -0.00000; -0.00000; 0.02204; -0.01952
224.8; 29.298; 8.50; -0.00000; -0.00011; 0.01812; -0.01968
225.0; 29.322; 8.50; -0.00000; -0.00022; 0.01417; -0.01984
225.2; 29.345; 8.50; 0.00000; -0.00033; 0.01018; -0.02001
225.4; 29.369; 8.50; 0.00000; -0.00043; 0.00616; -0.02019
225.6; 29.392; 8.50; 0.00001; -0.00054; 0.00210; -0.02038
225.8; 29.416; 8.50; 0.00001; -0.00065; -0.00199; -0.02057
226.0; 29.439; 8.50; 0.00001; -0.00075; -0.00612; -0.02077
226.2; 29.463; 8.50; 0.00001; -0.00086; -0.01030; -0.02098
226.4; 29.486; 8.50; 0.00001; -0.00097; -0.01451; -0.02120
226.6; 29.510; 8.50; 0.00002; -0.00107; -0.01877; -0.02142
226.8; 29.534; 8.50; 0.00002; -0.00118; -0.02308; -0.02165
227.0; 29.557; 8.50; 0.00002; -0.00129; -0.02743; -0.02189
227.2; 29.581; 8.50; 0.00002; -0.00139; -0.03183; -0.02214
227.4; 29.604; 8.50; 0.00002; -0.00150; -0.03628; -0.02239
227.6; 29.628; 8.50; 0.00003; -0.00160; -0.04078; -0.02265
227.8; 29.651; 8.50; 0.00003; -0.00171; -0.04533; -0.02292
228.0; 29.675; 8.50; 0.00003; -0.00181; -0.04994; -0.02320
228.2; 29.698; 8.50; 0.00003; -0.00191; -0.05460; -0.02348
228.4; 29.722; 8.50; 0.00003; -0.00202; -0.05932; -0.02378
228.6; 29.745; 8.50; 0.00004; -0.00212; -0.06410; -0.02408
228.8; 29.769; 8.50; 0.00004; -0.00222; -0.06894; -0.02438
229.0; 29.793; 8.50; 0.00004; -0.00232; -0.07384; -0.02470
229.2; 29.816; 8.50; 0.00004; -0.00243; -0.07881; -0.02502
229.4; 29.840; 8.50; 0.00004; -0.00253; -0.08384; -0.02535
229.6; 29.863; 8.50; 0.00005; -0.00263; -0.08894; -0.02569
229.8; 29.887; 8.50; 0.00005; -0.00273; -0.09410; -0.02603
230.0; 29.910; 8.50; 0.00005; -0.00284; -0.09933; -0.02639
230.2; 29.934; 8.50; 0.00005; -0.00294; -0.10464; -0.02675
230.4; 29.957; 8.50; 0.00005; -0.00305; -0.11002; -0.02712
230.6; 29.981; 8.50; 0.00006; -0.00316; -0.11547; -0.02749
230.8; 30.004; 8.50; 0.00006; -0.00328; -0.12100; -0.02788
231.0; 30.028; 8.50; 0.00006; -0.00339; -0.12660; -0.02827
231.2; 30.052; 8.50; 0.00006; -0.00352; -0.13229; -0.02867
231.4; 30.075; 8.50; 0.00006; -0.00365; -0.13805; -0.02908
231.6; 30.099; 8.50; 0.00007; -0.00379; -0.14390; -0.02950
231.8; 30.122; 8.50; 0.00007; -0.00394; -0.14983; -0.02992
232.0; 30.146; 8.50; 0.00007; -0.00410; -0.15585; -0.03036
232.2; 30.169; 8.50; 0.00007; -0.00428; -0.16195; -0.03080
232.4; 30.193; 8.50; 0.00008; -0.00447; -0.16815; -0.03125
232.6; 30.216; 8.50; 0.00008; -0.00468; -0.17443; -0.03172
232.8; 30.240; 8.50; 0.00008; -0.00492; -0.18081; -0.03219
233.0; 30.264; 8.50; 0.00009; -0.00518; -0.18729; -0.03268
233.2; 30.287; 8.50; 0.00009; -0.00547; -0.19386; -0.03318
233.4; 30.311; 8.50; 0.00010; -0.00578; -0.20053; -0.03369
233.6; 30.334; 8.50; 0.00010; -0.00613; -0.20731; -0.03421
233.8; 30.358; 8.50; 0.00011; -0.00652; -0.21419; -0.03475
234.0; 30.381; 8.50; 0.00012; -0.00695; -0.22117; -0.03530
234.2; 30.405; 8.50; 0.00012; -0.00741; -0.22827; -0.03587
234.4; 30.429; 8.50; 0.00013; -0.00792; -0.23549; -0.03646
234.6; 30.452; 8.50; 0.00014; -0.00848; -0.24282; -0.03706
234.8; 30.476; 8.50; 0.00015; -0.00908; -0.25027; -0.03768
235.0; 30.499; 8.50; 0.00016; -0.00973; -0.25785; -0.03833
235.2; 30.523; 8.50; 0.00017; -0.01042; -0.26555; -0.03899
235.4; 30.546; 8.50; 0.00018; -0.01115; -0.27339; -0.03968
235.6; 30.570; 8.50; 0.00020; -0.01193; -0.28137; -0.04039
235.8; 30.593; 8.49; 0.00021; -0.01280; -0.28949; -0.04110
